domain,source_ip,ip_country,ip_asn,tld,is_cn,operator_id,operator_domains,priority,site_name,framework,icp_entity_name,icp_number,co_hosted_domains,ip_is_shared_host
147ai.cn,157.185.163.113,United States,AS54994 Meteverse Limited.,cn,Y,147ai.cn,3,Y,147 AI,new-api/one-api系,,,,Y
147ai.com,138.113.241.54,United States,AS54994 Meteverse Limited.,com,,147ai.cn,3,Y,147 AI,new-api/one-api系,,,,Y
580ai.net,138.113.241.54,United States,AS54994 Meteverse Limited.,net,,147ai.cn,3,Y,Nano banana,new-api/one-api系,,,,Y
4sapi.com,154.17.20.134,United States,AS906 DMIT Cloud Services,com,,4sapi.com,2,Y,4SAPI,new-api/one-api系,,,4sapi.club;4sapi.org;code.4sapi.com;dx.4sapi.com;la.misrw646.com;www.4sapi.club;www.4sapi.com;www.4sapi.net;www.4sapi.org,
4sapi.net,154.17.20.134,United States,AS906 DMIT Cloud Services,net,,4sapi.com,2,Y,4SAPI,new-api/one-api系,,,4sapi.club;4sapi.org;code.4sapi.com;dx.4sapi.com;la.misrw646.com;www.4sapi.club;www.4sapi.com;www.4sapi.net;www.4sapi.org,
bianxie.ai,74.211.110.50,United States,AS25820 IT7 Networks Inc,ai,,a8.hk,3,Y,便携AI聚合API,new-api/one-api系,,,74.211.110.50.16clouds.com;chat1.bianxie.top;cloudcone.cn;cnhostwinds.com;dmitvps.com;gigsgigscloudcn.com;hostdarecn.com;hostwindscn.com;ioncloud.net;onevps.cc;virmachchina.com;www.cloudcone.cn;www.cnhostwinds.com;www.dmitvps.com;www.gigsgigscloudcn.com;www.hostdarecn.com;www.hostwindscn.com;www.ioncloud.net;www.onevps.cc;www.virmachchina.com,
ablai.top,64.32.23.99,United States,AS46844 Sharktech,top,,ablai.top,6,Y,1,new-api/one-api系,,,,Y
bltcy.ai,64.32.23.100,United States,AS46844 Sharktech,ai,,ablai.top,6,Y,柏拉图AI,new-api/one-api系,,,api.bltcy.ai;api.gptbest.vip;api.maynor1024.live;one-api.bltcy.top;one.bltcy.top,
geekai.pro,64.32.23.99,United States,AS46844 Sharktech,pro,,ablai.top,6,Y,极客学长API-01,new-api/one-api系,,,,Y
linkapi.org,64.32.23.99,United States,AS46844 Sharktech,org,,ablai.top,6,Y,小豆包API,new-api/one-api系,,,,Y
whatai.cc,64.32.23.99,United States,AS46844 Sharktech,cc,,ablai.top,6,Y,神马中转API,new-api/one-api系,,,,Y
ai-gaochao.cn,43.169.14.10,Singapore,AS139341 ACE,cn,Y,ai-gaochao.cn,4,Y,数标标API,new-api/one-api系,,,,Y
openai-hub.com,43.169.14.10,Singapore,AS139341 ACE,com,,ai-gaochao.cn,4,Y,OpenAI-Hub,new-api/one-api系,,,,Y
orcarouter.ai,43.169.13.10,Singapore,AS139341 ACE,ai,,ai-gaochao.cn,4,Y,OrcaRouter,new-api/one-api系,,,,Y
shubiaobiao.cn,43.169.13.10,Singapore,AS139341 ACE,cn,Y,ai-gaochao.cn,4,Y,数标标API,new-api/one-api系,,,,Y
aigcbest.top,154.21.93.129,United States,AS906 DMIT Cloud Services,top,,aigc456.top,3,Y,钱多多 API Beta,new-api/one-api系,,,35.aigcbest.top;35fast.aigcbest.top;35us.aigcbest.top;ai98.vip;api.ifopen.ai;api2.aigcbest.top;beta.ifopen.ai;blank.aigcbest.top;fast.aigcbest.top;model.aigcbest.top,
ifopen.ai,154.21.93.129,United States,AS906 DMIT Cloud Services,ai,,aigc456.top,3,Y,钱多多 API,new-api/one-api系,,,35.aigcbest.top;35fast.aigcbest.top;35us.aigcbest.top;ai98.vip;api.ifopen.ai;api2.aigcbest.top;beta.ifopen.ai;blank.aigcbest.top;fast.aigcbest.top;model.aigcbest.top,
aigptx.top,45.91.81.164,United States,AS8796 FASTNET DATA INC,top,,aigptx.top,2,Y,,openai_compatible_unknown,,,test0301.hash070.com,
dogenet.win,5.34.218.89,United States,AS38136 Akari Networks,win,,aigptx.top,2,Y,OhMyGPT,,,,c-z0-api-01.hash070.com;cw.misacard.com;drive.zio.ooo;dy.zi0.co;gal.games;get.galgame.ing;git.zi0.co;img.zio.ooo;mail.zio.ooo;mn1fo-3hi26.mygo.ovh;mr-chat-api.hash070.com;multica-b.zi0.io;multica.zi0.io;next-dev.aigptx.top;next.wisegpt.top;nexus3.zi0.co;onlyoffice.zi0.co;p-api.zio.ooo;pay.zio.ooo;pi.dogenet.work;push.repo.icu;quote.zi0.co;sub1.zi0.top;u.opapi.win;u.zi0.cc;vv.zio.ooo;wiki.touhou.ing;www.aoidsdfjdf.cfd;www.gal.games;www.wisegpt.top,
kuaiwenwen.top,154.44.9.242,United States,"AS174 Cogent Communications, LLC",top,,ainstant.pro,3,Y,快稳稳 API,new-api/one-api系,,,api.kuaiwenwen.top;api.kwwai.top;api2.kwwai.top;blank.kuaiwenwen.top;huabu.kwwaigc.cn;nano.xinyuai.cc;two.xinyuai.cc;web.kwwaigc.cn;xiaoshuo.kwwaigc.cn;xs.kwwaigc.cn,
kwwai.top,154.44.9.242,United States,"AS174 Cogent Communications, LLC",top,,ainstant.pro,3,Y,快稳稳 API,new-api/one-api系,,,api.kuaiwenwen.top;api.kwwai.top;api2.kwwai.top;blank.kuaiwenwen.top;huabu.kwwaigc.cn;nano.xinyuai.cc;two.xinyuai.cc;web.kwwaigc.cn;xiaoshuo.kwwaigc.cn;xs.kwwaigc.cn,
anyroute.io,192.238.249.142,United States,AS138995 Antbox Networks Limited,io,,anyroute.io,3,Y,AnyRoute,,,,admin.pomoai.ai;api.47happycode.com;code.qweapi.com;pomoai.ai;pomoai.xyz;us.pomoai.xyz;www.kitcode.ai;www.marscode.cc;www.pomoai.ai;www.pomoai.xyz,
clauqe.ai,192.238.249.142,United States,AS138995 Antbox Networks Limited,ai,,anyroute.io,3,Y,,,,,admin.pomoai.ai;api.47happycode.com;code.qweapi.com;pomoai.ai;pomoai.xyz;us.pomoai.xyz;www.kitcode.ai;www.marscode.cc;www.pomoai.ai;www.pomoai.xyz,
dragoncode.codes,192.238.249.142,United States,AS138995 Antbox Networks Limited,codes,,anyroute.io,3,Y,Dragoncode,,,,admin.pomoai.ai;api.47happycode.com;code.qweapi.com;pomoai.ai;pomoai.xyz;us.pomoai.xyz;www.kitcode.ai;www.marscode.cc;www.pomoai.ai;www.pomoai.xyz,
api260.com,172.83.152.193,United States,AS50131 Spartan Host Ltd,com,,api260.com,2,Y,源创引擎,new-api/one-api系,,,,Y
huanapi.com,172.83.152.193,United States,AS50131 Spartan Host Ltd,com,,api260.com,2,Y,换API,new-api/one-api系,,,,Y
bdshmmkj3.cn,172.83.153.3,United States,AS201106 Spartan Host Ltd,cn,Y,bdshmmkj3.cn,5,Y,aicost API,new-api/one-api系,,,,Y
daikuankm.cn,172.83.153.10,United States,AS201106 Spartan Host Ltd,cn,Y,bdshmmkj3.cn,5,Y,aicost API,new-api/one-api系,,,,Y
oogaming.cn,172.83.153.24,United States,AS201106 Spartan Host Ltd,cn,Y,bdshmmkj3.cn,5,Y,aicost API,new-api/one-api系,,,,Y
racetozero.org.cn,172.83.153.23,United States,AS201106 Spartan Host Ltd,cn,Y,bdshmmkj3.cn,5,Y,aicost API,new-api/one-api系,,,,Y
zc-s.org.cn,172.83.153.3,United States,AS201106 Spartan Host Ltd,cn,Y,bdshmmkj3.cn,5,Y,aicost API,new-api/one-api系,,,,Y
buzzai.cc,154.219.121.52,United States,AS8796 FASTNET DATA INC,cc,,buzz7.top,4,Y,Buzz · AI,new-api/one-api系,,,996fk.vip;admin.d233t.com;akadvert.com;aliesa.site;cba.gamedownload.vip;ciallo.run;dy4ks.com;h5.yesmax.com.cn;iejdhg.cn;m.davidrcarter.com;m.hassanihamilton.com;m.orlawpro.com;ogmao.cn;pan.8uid.com;rainyun.com.cn;redeem.canye.top;shares.elwoq.cn;taizhou3.jintuicloud.com;www.08gf.com;www.amuon.cc;www.arcellus.com;www.brightsparktechnology.com;www.cooperandforbes.com;www.dxler.cc;www.eombq.cc;www.fkqtz.cc;www.gvwoe.cc;www.headstartsinlearning.com;www.hvamq.cc;www.jvrbap.cn,
buzzai.top,154.219.121.60,United States,AS8796 FASTNET DATA INC,top,,buzz7.top,4,Y,Buzz · AI,new-api/one-api系,,,,Y
wasdxx.xyz,154.219.121.52,United States,AS8796 FASTNET DATA INC,xyz,,buzz7.top,4,Y,蓝天 API,new-api/one-api系,,,996fk.vip;admin.d233t.com;akadvert.com;aliesa.site;cba.gamedownload.vip;ciallo.run;dy4ks.com;h5.yesmax.com.cn;iejdhg.cn;m.davidrcarter.com;m.hassanihamilton.com;m.orlawpro.com;ogmao.cn;pan.8uid.com;rainyun.com.cn;redeem.canye.top;shares.elwoq.cn;taizhou3.jintuicloud.com;www.08gf.com;www.amuon.cc;www.arcellus.com;www.brightsparktechnology.com;www.cooperandforbes.com;www.dxler.cc;www.eombq.cc;www.fkqtz.cc;www.gvwoe.cc;www.headstartsinlearning.com;www.hvamq.cc;www.jvrbap.cn,
ccfly.codes,69.63.217.215,United States,AS906 DMIT Cloud Services,codes,,ccfly.codes,2,Y,CCFly,,,,admin.ccfly.codes;adminapi.ccfly.codes;api-hk.ccfly.codes;api.ccfly.codes;bus.ccplus.site;ccmax.best;check.ccplus.site;claude.ccplus.site;cloud-test.ccplus.site;cn.ccplus.site;docs.ccfly.codes;dudu.mom;gemini-image.ccplus.site;hk.ccplus.site;hk.clash.ccplus.site;lingxu.ai;luo.ccplus.site;pay.ccfly.codes;pay.ccplus.site;policy.ccplus.site;webapi.ccfly.codes;weiruan.ccplus.site;windsurf-api.ccplus.site;www.ccfly.codes;www.ccplus.site;youjie.best,
ccplus.site,69.63.217.215,United States,AS906 DMIT Cloud Services,site,,ccfly.codes,2,Y,ccfly,,,,admin.ccfly.codes;adminapi.ccfly.codes;api-hk.ccfly.codes;api.ccfly.codes;bus.ccplus.site;ccmax.best;check.ccplus.site;claude.ccplus.site;cloud-test.ccplus.site;cn.ccplus.site;docs.ccfly.codes;dudu.mom;gemini-image.ccplus.site;hk.ccplus.site;hk.clash.ccplus.site;lingxu.ai;luo.ccplus.site;pay.ccfly.codes;pay.ccplus.site;policy.ccplus.site;webapi.ccfly.codes;weiruan.ccplus.site;windsurf-api.ccplus.site;www.ccfly.codes;www.ccplus.site;youjie.best,
ccmax20.cc,65.75.210.124,United States,AS50131 Spartan Host Ltd,cc,,ccmax20.cc,2,Y,baby,,,,,
max20.cn,65.75.210.125,United States,AS50131 Spartan Host Ltd,cn,Y,ccmax20.cc,2,Y,Baby,new-api/one-api系,,,,
cdn.ad,23.147.52.14,United States,AS402075 Peekabo Networks,ad,,cdn.ad,2,Y,Lightning AI,,,,,
shitang359.space,23.147.52.14,United States,AS402075 Peekabo Networks,space,,cdn.ad,2,Y,,,,,,
hk.cn,62.204.54.105,United States,AS201106 Spartan Host Ltd,cn,Y,chatopens.vip,2,Y,,,,,,
chintao.cn,36.249.95.172,China,AS4837 CHINA UNICOM China169 Backbone,cn,Y,chintao.cn,2,Y,Chintao AI Hub,new-api/one-api系,,,,
satuo66.online,36.249.95.172,China,AS4837 CHINA UNICOM China169 Backbone,online,,chintao.cn,2,Y,SaTuoAPI,new-api/one-api系,,,,
codesuc.top,163.181.214.1,United States,"AS24429 Zhejiang Taobao Network Co.,Ltd",top,,codesuc.top,4,Y,CodeSuc Hub,,,,,
hcnote.cn,163.181.214.1,United States,"AS24429 Zhejiang Taobao Network Co.,Ltd",cn,Y,codesuc.top,4,Y,,new-api,,,,
joyzhi.com,163.181.214.1,United States,"AS24429 Zhejiang Taobao Network Co.,Ltd",com,,codesuc.top,4,Y,MiloCode,new-api/one-api系,,,,
littlesheep.cc,163.181.214.1,United States,"AS24429 Zhejiang Taobao Network Co.,Ltd",cc,,codesuc.top,4,Y,LittleSheep API,new-api/one-api系,,,,
ekti.cc,23.148.204.171,United States,,cc,,ekti.cc,2,Y,AI Chat,,,,,
noc.cy,23.148.204.171,United States,,cy,,ekti.cc,2,Y,,sub2api,,,,
ephone.chat,64.186.224.82,United States,AS906 DMIT Cloud Services,chat,,ephone.ai,3,Y,ePhone AI,unknown,,,,
gpt.ge,104.194.91.185,United States,AS25820 IT7 Networks Inc,ge,,gpt.ge,2,Y,V-API,new-api/one-api系,,,,
vveai.com,89.208.240.121,United States,AS25820 IT7 Networks Inc,com,,gpt.ge,2,Y,V-API,new-api/one-api系,,,,
hcnsec.cn,43.174.246.52,Singapore,AS139341 ACE,cn,Y,hcnsec.cn,2,Y,新疆幻城网安科技公益大模型api,new-api/one-api系,,,,
iamhc.cn,118.253.185.207,China,AS63835 CT HuNan Changsha IDC,cn,Y,hcnsec.cn,2,Y,新疆幻城网安科技公益大模型api,new-api/one-api系,,,,
hiapi.store,103.143.81.137,Hong Kong,AS139659 LUCIDACLOUD LIMITED,store,,hiapi.ai,2,Y,hi-api,new-api/one-api系,,,,
huaci.ai,45.78.78.39,United States,AS25820 IT7 Networks Inc,ai,,huaci.ai,2,Y,华元 API,new-api/one-api系,,,,
huasuan.ai,45.78.78.39,United States,AS25820 IT7 Networks Inc,ai,,huaci.ai,2,Y,华算 API,new-api/one-api系,,,,
huiyun.asia,38.190.250.203,Hong Kong,AS133199 SonderCloud Limited,asia,,huiyun.asia,2,Y,汇云AI,new-api/one-api系,,,,
ybtech.cc,23.239.108.122,United States,"AS53850 GorillaServers, Inc.",cc,,kingflow.ai,3,Y,云博API,new-api/one-api系,,,,
zzhfwl.com,23.239.108.122,United States,"AS53850 GorillaServers, Inc.",com,,kingflow.ai,3,Y,蜘蛛API,new-api/one-api系,,,,
kr777.top,155.102.130.209,United States,"AS24429 Zhejiang Taobao Network Co.,Ltd",top,,kr777.top,2,Y,CaMeL AI,new-api/one-api系,,,,
newapi.pro,155.102.130.209,United States,"AS24429 Zhejiang Taobao Network Co.,Ltd",pro,,kr777.top,2,Y,,new-api,,,,
silkroadai.io,128.241.232.14,United States,AS213802 Tianfeng (Hong Kong) Communications Limited,io,,llmroute.club,2,Y,登录 — Silk Road AI,openai_compatible_unknown,,,,
monking.ai,23.147.52.36,United States,AS402075 Peekabo Networks,ai,,monking.ai,2,Y,MonkingAI,new-api/one-api系,,,,
vbcode.io,23.147.52.36,United States,AS402075 Peekabo Networks,io,,monking.ai,2,Y,VBCode.io,new-api/one-api系,,,,
sudocode.us,144.202.90.27,United States,"AS20473 The Constant Company, LLC",us,,sudocode.chat,2,Y,SudoCode,new-api/one-api系,,,,
teamolab.com,43.159.107.179,Singapore,AS139341 ACE,com,,teamolab.com,2,Y,,one-api,,,,
teamorouter.com,43.159.107.179,Singapore,AS139341 ACE,com,,teamolab.com,2,Y,,one-api,,,,
wlai.vip,206.221.185.18,United States,AS23470 ReliableSite.Net LLC,vip,,wlai.vip,2,Y,云雾 API,new-api/one-api系,,,,
x-see.cn,211.91.8.6,China,AS4837 CHINA UNICOM China169 Backbone,cn,Y,x-see.cn,2,Y,小鲸 AI 开放平台,new-api/one-api系,,,,
xiaojingai.com,43.169.13.152,Singapore,AS139341 ACE,com,,x-see.cn,2,Y,小鲸 AI 开放平台,new-api/one-api系,,,,
0029.org,107.150.62.202,United States,"AS33387 Nocix, LLC",org,,0029.org,1,,,sub2api,,,,
132999.xyz,154.83.15.10,Hong Kong,AS142403 YISU CLOUD LTD,xyz,,132999.xyz,1,,加菲猫-API,new-api/one-api系,,,,
1ove.tech,23.80.83.84,United States,"AS395954 Leaseweb USA, Inc.",tech,,1ove.tech,1,,,sub2api,,,,
361888.xyz,103.42.30.227,Hong Kong,AS62468 VpsQuan L.L.C.,xyz,,361888.xyz,1,,New API,new-api/one-api系,,,,
4router.net,103.73.220.188,Hong Kong,AS36002 GoMami Networks,net,,4router.net,1,,4Router,new-api/one-api系,,,,
52ccl.cn,8.25.82.167,United States,"AS24429 Zhejiang Taobao Network Co.,Ltd",cn,Y,52ccl.cn,1,,月城公益站,new-api/one-api系,,,,
5cookie.cc,38.95.77.154,United States,AS967 VMISS Inc.,cc,,5cookie.cc,1,,5Cookie Code,new-api/one-api系,,,,
712api.cc,43.247.132.36,Hong Kong,AS932 XNNET LLC,cc,,712api.cc,1,,712api,new-api/one-api系,,,,
724codes.com,36.232.99.184,Taiwan,AS3462 Data Communication Business Group,com,,724codes.com,1,,724codes,,,,,
73card.com,43.248.102.169,China,"AS131483 Jiangsu Dongyun Cloud computing co., LTD",com,,73card.com,1,,API 中转服务,openai_compatible_unknown,,,,
7x.hk,45.205.29.222,United States,AS8796 FASTNET DATA INC,hk,,7x.hk,1,,七倍算力,new-api/one-api系,,,,
8864k.com,154.92.16.74,Hong Kong,AS142403 YISU CLOUD LTD,com,,8864k.com,1,,8864k API,new-api/one-api系,,,,
8yes.cc,96.44.162.108,United States,AS36352 HostPapa,cc,,8yes.cc,1,,New API,new-api/one-api系,,,,
996444.cn,103.171.35.7,Hong Kong,AS932 XNNET LLC,cn,Y,996444.cn,1,,清风阁 API,new-api/one-api系,,,,
affordableaiapi.com,45.77.43.22,Singapore,"AS20473 The Constant Company, LLC",com,,affordableaiapi.com,1,,AffordableAI API,new-api/one-api系,,,,
ai-openclaw.one,156.250.73.180,Hong Kong,AS142286 LUOGELANG (FRANCE) LIMITED,one,,ai-openclaw.one,1,,CR.Ai,new-api/one-api系,,,,
ai.cc,104.252.163.222,United States,AS18779 EGIHosting,cc,,ai.cc,1,,,one-api,,,,
ai88.help,96.44.168.112,United States,AS36352 HostPapa,help,,ai88.help,1,,AI88 Relay Station · Claude API 中转,openai_compatible_unknown,,,,
aiapipk.com,43.168.117.36,United States,AS139341 ACE,com,,aiapipk.com,1,,,one-api,,,,
aiartmirror.com,45.58.165.180,United States,AS46844 Sharktech,com,,aiartmirror.com,1,,AIArtMirror,new-api/one-api系,,,,
aircode.xin,159.195.12.242,United States,AS214996 netcup GmbH,xin,,aircode.xin,1,,AirCode,,,,,
aiskt.com,172.96.140.90,United States,AS23470 ReliableSite.Net LLC,com,,aiskt.com,1,,AiSKT API,new-api/one-api系,,,,
aiyahmm.com,23.147.52.16,United States,AS402075 Peekabo Networks,com,,aiyahmm.com,1,,AiYa,new-api/one-api系,,,,
allmodel.co,45.77.92.157,United States,"AS20473 The Constant Company, LLC",co,,allmodel.co,1,,All Model,new-api/one-api系,,,,
amutes.com,38.46.218.205,United States,"AS26042 FiberState, LLC",com,,amutes.com,1,,阿姆特斯,new-api/one-api系,,,,
amux.ai,89.208.245.39,United States,AS25820 IT7 Networks Inc,ai,,amux.ai,1,,Amux API,new-api/one-api系,,,,
anpin.ai,192.220.9.44,United States,"AS2914 NTT America, Inc.",ai,,anpin.ai,1,,AnPin AI,,,,,
antirez.com,65.21.116.178,Finland,AS24940 Hetzner Online GmbH,com,,antirez.com,1,,,new-api,,,,
apexapi.vip,149.28.157.243,Singapore,"AS20473 The Constant Company, LLC",vip,,apexapi.vip,1,,,one-api,,,,
api000.com,103.215.83.119,Hong Kong,AS24544 Law's Cloud Infrastructure Limited,com,,api000.com,1,,零度API,new-api/one-api系,,,,
api520.pro,43.174.247.32,Singapore,AS139341 ACE,pro,,api520.pro,1,,熊猫API,new-api/one-api系,,,,
apiclaude.cc,45.77.109.222,United States,"AS20473 The Constant Company, LLC",cc,,apiclaude.cc,1,,APIClaude,,,,,
apihost.cn,45.78.76.9,United States,AS25820 IT7 Networks Inc,cn,Y,apihost.cn,1,,APIHost AI,new-api/one-api系,,,,
apiporter.com,104.218.234.91,United States,AS201106 Spartan Host Ltd,com,,apiporter.com,1,,Apiporter,,,,,
apiyi.com,67.230.183.26,United States,AS25820 IT7 Networks Inc,com,,apiyi.com,1,,APIYI,new-api/one-api系,,,,
arpanet.icu,150.242.246.141,China,AS134765 CHINANET Yunnan province IDC1 network,icu,,arpanet.icu,1,,ARPANET API,new-api/one-api系,,,,
autocontentapi.com,46.62.217.175,Finland,AS24940 Hetzner Online GmbH,com,,autocontentapi.com,1,,,one-api,,,,
axis.fan,23.147.52.23,United States,AS402075 Peekabo Networks,fan,,axis.fan,1,,,one-api,,,,
azapi.com.cn,38.46.220.56,United States,"AS26042 FiberState, LLC",cn,Y,azapi.com.cn,1,,AZ,new-api/one-api系,,,,
baogutang.top,43.246.198.59,Japan,AS5065 Bunny Communications,top,,baogutang.top,1,,N1KO-API,,,,,
base-url.cn,104.238.221.50,United States,AS23470 ReliableSite.Net LLC,cn,Y,base-url.cn,1,,接JieAPI,new-api/one-api系,,,,
bestswifter.com,172.96.142.30,United States,AS23470 ReliableSite.Net LLC,com,,bestswifter.com,1,,ByteClaude,new-api/one-api系,,,,
blueshirtmap.com,206.82.3.126,United States,AS963 N963 PTE. LTD.,com,,blueshirtmap.com,1,,GPTMeta API,new-api/one-api系,,,,
bluesminds.com,185.14.92.127,Germany,AS58087 Florian Kolb,com,,bluesminds.com,1,,Bluesminds,new-api/one-api系,,,,
bobdong.cn,155.102.130.219,United States,"AS24429 Zhejiang Taobao Network Co.,Ltd",cn,Y,bobdong.cn,1,,Bob API,new-api/one-api系,,,,
boya.one,127.0.0.1,,,one,,boya.one,1,,伯牙中转,,,,,
bytecatcode.org,138.199.40.58,United States,AS60068 Datacamp Limited,org,,bytecatcode.org,1,,bytecat,new-api/one-api系,,,,
callgpt.co.uk,67.205.26.198,United States,"AS26347 New Dream Network, LLC",uk,,callgpt.co.uk,1,,,one-api,,,,
callxyq.xyz,38.101.149.237,United States,"AS26042 FiberState, LLC",xyz,,callxyq.xyz,1,,Ls. API,new-api/one-api系,,,,
catapi.ai,37.72.132.7,United States,AS50131 Spartan Host Ltd,ai,,catapi.ai,1,,Cat API,new-api/one-api系,,,,
cc-vibe.com,45.77.158.239,United States,"AS20473 The Constant Company, LLC",com,,cc-vibe.com,1,,CCVibe,,,,,
ccode.dev,23.147.52.15,United States,AS402075 Peekabo Networks,dev,,ccode.dev,1,,Ccode,,,,,
chaophone.top,144.48.4.162,Japan,AS61414 EDGENAP LTD,top,,chaophone.top,1,,Atelier,openai_compatible_unknown,,,,
chatfire.cn,172.93.108.217,United States,AS23470 ReliableSite.Net LLC,cn,Y,chatfire.cn,1,,ChatfireAPI🔥,new-api/one-api系,,,,
cheapai.ai,193.233.211.159,The Netherlands,AS210644 AEZA GROUP LLC,ai,,cheapai.ai,1,,New API,new-api/one-api系,,,,
chesspnt.com,154.26.185.122,United States,AS906 DMIT Cloud Services,com,,chesspnt.com,1,,,,,,,
chongcodex.cn,89.208.244.224,United States,AS25820 IT7 Networks Inc,cn,Y,chongcodex.cn,1,,HaHaHa-API,new-api/one-api系,,,,
chshapi.org,156.238.231.7,United States,AS8796 FASTNET DATA INC,org,,chshapi.org,1,,监控室大爷模拟器,new-api/one-api系,,,,
chunxueapi.com,95.169.6.98,United States,AS25820 IT7 Networks Inc,com,,chunxueapi.com,1,,ChunXue API,new-api/one-api系,,,,
ciyuan-token.com,107.150.2.148,United States,AS36352 HostPapa,com,,ciyuan-token.com,1,,词元token,new-api/one-api系,,,,
ciyuanshen.top,45.78.73.49,United States,AS25820 IT7 Networks Inc,top,,ciyuanshen.top,1,,词元神 - 全球AI聚合平台,new-api/one-api系,,,,
claude360.xyz,154.44.9.105,United States,"AS174 Cogent Communications, LLC",xyz,,claude360.xyz,1,,Claude 360,new-api/one-api系,,,,
code-cli.cn,103.248.154.14,China,AS4837 CHINA UNICOM China169 Backbone,cn,Y,code-cli.cn,1,,Code-CLI,new-api/one-api系,,,,
codefwd.top,156.239.3.180,Hong Kong,AS154321 CORENET CLOUD SDN. BHD.,top,,codefwd.top,1,,CodeFwd,new-api/one-api系,,,,
codesonline.dev,179.255.152.72,United States,,dev,,codesonline.dev,1,,codesonline,,,,,
codexopenai.cloud,117.68.90.184,China,AS140527 China Telecom,cloud,,codexopenai.cloud,1,,Deer Codex,,,,,
codexzh.com,45.78.72.244,United States,AS25820 IT7 Networks Inc,com,,codexzh.com,1,,codex 中转站,new-api/one-api系,,,,
cognilead.ai,66.241.124.197,United States,"AS40509 Fly.io, Inc.",ai,,cognilead.ai,1,,,one-api,,,,
corenode.best,38.76.163.74,Hong Kong,AS401696 cognetcloud INC,best,,corenode.best,1,,源点算力API,new-api/one-api系,,,,
cuberouter.ai,118.193.44.195,Hong Kong,AS135377 UCLOUD INFORMATION TECHNOLOGY (HK) LIMITED,ai,,cuberouter.ai,1,,Cube-Router,new-api/one-api系,,,,
cwapi.vip,154.219.121.49,United States,AS8796 FASTNET DATA INC,vip,,cwapi.vip,1,,🦔,new-api/one-api系,,,,
d2capi.com,45.152.67.172,United Kingdom,AS139659 LUCIDACLOUD LIMITED,com,,d2capi.com,1,,D2CAPI,new-api/one-api系,,,,
d5wa.com,64.187.97.203,Canada,"AS400343 NAMESILO, L.L.C.",com,,d5wa.com,1,,,new-api,,,,
dakeai.cc,69.63.203.146,United States,AS906 DMIT Cloud Services,cc,,dakeai.cc,1,,,,,,,
darkrouter.ai,2.27.40.119,The Netherlands,AS215439 PLAY2GO INTERNATIONAL LIMITED,ai,,darkrouter.ai,1,,,one-api,,,,
dawclaudecode.com,82.158.90.229,Hong Kong,AS401701 cognetcloud INC,com,,dawclaudecode.com,1,,DawCode,new-api/one-api系,,,,
ddshub.cc,128.1.136.38,Hong Kong,AS135377 UCLOUD INFORMATION TECHNOLOGY (HK) LIMITED,cc,,ddshub.cc,1,,DDShub,,,,,
dealise.xyz,66.154.115.113,United States,"AS7393 CYBERCON, INC.",xyz,,dealise.xyz,1,,,sub2api,,,,
dedicatedtoken.com,45.61.135.118,United States,AS14956 RouterHosting LLC,com,,dedicatedtoken.com,1,,专用Token,new-api/one-api系,,,,
dmxapi.cn,110.42.10.198,China,AS56041 China Mobile communications corporation,cn,Y,dmxapi.cn,1,,DMXAPI官网：中国多模态大模型API聚合平台,new-api/one-api系,,,,
dmxapi.com,101.47.67.164,Hong Kong,AS150436 Byteplus Pte. Ltd.,com,,dmxapi.com,1,,DMXAPI Global,new-api/one-api系,,,,
dongli.work,111.92.242.68,Hong Kong,AS401696 cognetcloud INC,work,,dongli.work,1,,冻梨API,new-api/one-api系,,,,
doroai.xyz,154.201.92.3,United States,AS8796 FASTNET DATA INC,xyz,,doroai.xyz,1,,Web2Img,openai_compatible_unknown,,,,
dpapi.cn,154.12.27.219,United States,AS401696 cognetcloud INC,cn,Y,dpapi.cn,1,,DP Api,new-api/one-api系,,,,
eccoapi.com,69.46.46.68,United States,AS400940 Railway,com,,eccoapi.com,1,,,one-api,,,,
eirouter.com,137.220.139.62,Japan,AS4907 IENS TECHNOLOGY PTE. LTD,com,,eirouter.com,1,,ei-token,new-api/one-api系,,,,
eurouter.ai,51.158.231.158,The Netherlands,AS12876 Scaleway SAS,ai,,eurouter.ai,1,,,one-api,,,,
exe.xyz,161.210.92.6,United States,AS402146 Bold Software Inc,xyz,,exe.xyz,1,,🤡公益站-人人都是别人眼中的🤡,new-api/one-api系,,,,
feng.cx,178.236.38.1,United Kingdom,AS201674 Wen ZhangYu,cx,,feng.cx,1,,Feng AI,,,,,
findcg.com,38.165.45.115,United States,AS400619 AROSSCLOUD INC.,com,,findcg.com,1,,发现AI,,,,,
firstapi.top,43.251.17.185,Hong Kong,AS55933 Cloudie Limited,top,,firstapi.top,1,,,one-api,,,,
fkclaude.xyz,154.219.123.35,United States,AS8796 FASTNET DATA INC,xyz,,fkclaude.xyz,1,,FK Claude,new-api/one-api系,,,,
flashapi.top,156.238.230.248,United States,AS8796 FASTNET DATA INC,top,,flashapi.top,1,,闪电API,new-api/one-api系,,,,
fuhuacloud.ai,38.76.191.73,Hong Kong,AS401701 cognetcloud INC,ai,,fuhuacloud.ai,1,,FuhuaCloud AI,new-api/one-api系,,,,
fullrouter.com,103.140.127.195,China,AS55933 Cloudie Limited,com,,fullrouter.com,1,,,one-api,,,,
gatewayapi.ai,207.246.82.226,United States,"AS20473 The Constant Company, LLC",ai,,gatewayapi.ai,1,,GatewayApi,new-api/one-api系,,,,
gee-do.com,104.225.145.3,United States,AS25820 IT7 Networks Inc,com,,gee-do.com,1,,GeeDo,new-api/one-api系,,,,
geeknow.ai,216.234.141.199,United States,AS906 DMIT Cloud Services,ai,,geeknow.ai,1,,GeekAI,new-api/one-api系,,,,
globalai.vip,103.119.15.197,Brazil,AS60539 Huicast Telecom Limited,vip,,globalai.vip,1,,Global AI,new-api/one-api系,,,,
goapis.vip,43.174.247.54,Singapore,AS139341 ACE,vip,,goapis.vip,1,,Go APIs,new-api/one-api系,,,,
gptbest.vip,140.188.99.193,United States,AS54600 PEG TECH INC,vip,,gptbest.vip,1,,,openai_compatible_unknown,,,,
guagua.uk,159.195.24.176,Germany,AS197540 netcup GmbH,uk,,guagua.uk,1,,☀️Sunny PumpkinAPI,new-api/one-api系,,,,
gzxsy.vip,202.182.127.105,Japan,"AS20473 The Constant Company, LLC",vip,,gzxsy.vip,1,,星思研,new-api/one-api系,,,,
haotokai.com,103.96.148.43,Hong Kong,AS139021 West263 International Limited,com,,haotokai.com,1,,Haotokai,new-api/one-api系,,,,
hemaapi.cc,31.22.111.64,United States,AS215355 Alice Network,cc,,hemaapi.cc,1,,河马中转站,,,,,
heykey.ai,185.180.19.36,Singapore,AS25820 IT7 Networks Inc,ai,,heykey.ai,1,,HeyKey,new-api/one-api系,,,,
hhnto.top,103.85.25.117,Hong Kong,AS134835 Starry Network Limited,top,,hhnto.top,1,,hhnto的API中转,new-api/one-api系,,,,
holdai.top,45.205.31.247,United States,AS8796 FASTNET DATA INC,top,,holdai.top,1,,毫秒API,new-api/one-api系,,,,
hottoken.ai,103.135.249.10,Hong Kong,AS32519 DMIT Cloud Services,ai,,hottoken.ai,1,,New API,new-api/one-api系,,,,
howlife.cc,38.76.194.22,Hong Kong,AS401696 cognetcloud INC,cc,,howlife.cc,1,,Howlife,new-api/one-api系,,,,
hslife.fun,64.186.246.152,United States,AS906 DMIT Cloud Services,fun,,hslife.fun,1,,H&SのToken食堂,,,,,
it.com,23.95.29.243,United States,AS36352 HostPapa,com,,it.com,1,,元启智科,new-api/one-api系,,,,
jbbtoken.cn,152.53.80.173,United States,AS214996 netcup GmbH,cn,Y,jbbtoken.cn,1,,jbb,new-api/one-api系,,,,
jmrai.net,38.76.196.137,Hong Kong,AS401701 cognetcloud INC,net,,jmrai.net,1,,,new-api,,,,
judianai.com,38.146.29.13,United States,AS46783 EASY LINK LLC,com,,judianai.com,1,,New API,new-api/one-api系,,,,
juesiapi.top,192.3.16.96,United States,AS36352 HostPapa,top,,juesiapi.top,1,,玦飔API,new-api/one-api系,,,,
koalaapi.com,154.26.182.109,United States,AS906 DMIT Cloud Services,com,,koalaapi.com,1,,koalaapi,new-api/one-api系,,,,
kopiaiagent.com,45.32.110.15,Singapore,"AS20473 The Constant Company, LLC",com,,kopiaiagent.com,1,,KOPI Agent — Singapore AI Agent,openai_compatible_unknown,,,,
kuaihuiai.com,38.246.228.34,United States,"AS174 Cogent Communications, LLC",com,,kuaihuiai.com,1,,快绘,new-api/one-api系,,,,
kun8.vip,154.26.178.113,United States,AS906 DMIT Cloud Services,vip,,kun8.vip,1,,北妈AI,,,,,
kunavo.com,137.66.6.44,United States,"AS40509 Fly.io, Inc.",com,,kunavo.com,1,,Kunavo · OpenAI-compatible AI API gateway · Stripe-native · Built for global devs,openai_compatible_unknown,,,,
laozhang.ai,67.230.176.91,United States,AS25820 IT7 Networks Inc,ai,,laozhang.ai,1,,LaoZhang API,new-api/one-api系,,,,
lcodex.cn,84.32.48.15,United States,AS204770 UAB Cherry Servers,cn,Y,lcodex.cn,1,,钧澈API,new-api/one-api系,,,,
leleweb.cn,186.244.240.29,United States,AS400619 AROSSCLOUD INC.,cn,Y,leleweb.cn,1,,Ai乐,,,,,
lingcoreai.com,38.55.105.237,Hong Kong,AS967 VMISS Inc.,com,,lingcoreai.com,1,,灵核 LingCore - 多模型 AI API网关、GPT/Claude/Gemini/Grok/Codex API 中转平台,openai_compatible_unknown,,,,
lingshuai.cc,156.245.245.19,United States,AS62468 VpsQuan L.L.C.,cc,,lingshuai.cc,1,,灵枢AI,,,,,
lingyaai.cn,203.83.229.22,China,AS134768 CHINANET SHAANXI province Cloud Base network,cn,Y,lingyaai.cn,1,,灵芽API,new-api/one-api系,,,,
linkapi.ai,69.63.223.210,United States,AS906 DMIT Cloud Services,ai,,linkapi.ai,1,,LinkAPI,new-api/one-api系,,,,
lkyujun.cn,101.227.5.181,China,AS4811 China Telecom (Group),cn,Y,lkyujun.cn,1,,想要照亮世界,openai_compatible_unknown,,,,
llmapi.pro,45.192.97.251,Hong Kong,AS401701 cognetcloud INC,pro,,llmapi.pro,1,,LLMAPI,,,,,
llmgate.io,178.105.105.53,Germany,AS24940 Hetzner Online GmbH,io,,llmgate.io,1,,LLM Gate,new-api/one-api系,,,,
llmoxy.com,154.17.1.52,United States,AS906 DMIT Cloud Services,com,,llmoxy.com,1,,LLMoxy,new-api/one-api系,,,,
loptu.net,69.63.219.181,United States,AS906 DMIT Cloud Services,net,,loptu.net,1,,垂耳兔,,,,,
luchikey.com,159.195.14.22,United States,AS214996 netcup GmbH,com,,luchikey.com,1,,luchikey,sub2api,,,,
luckyapi.chat,67.230.162.249,United States,AS25820 IT7 Networks Inc,chat,,luckyapi.chat,1,,Lucky Code,new-api/one-api系,,,,
lumibest.cc,38.246.237.185,United States,"AS174 Cogent Communications, LLC",cc,,lumibest.cc,1,,Lumi,new-api/one-api系,,,,
lyjxka.top,23.80.82.155,United States,"AS395954 Leaseweb USA, Inc.",top,,lyjxka.top,1,,午夜API,new-api/one-api系,,,,
maoleio.cn,101.126.83.235,China,"AS137718 Beijing Volcano Engine Technology Co., Ltd.",cn,Y,maoleio.cn,1,,Maoleio API,new-api/one-api系,,,,
meeyo.org,43.250.175.187,Japan,AS21859 Zenlayer Inc,org,,meeyo.org,1,,,new-api,,,,
metoken.ai,107.173.35.245,United States,AS36352 HostPapa,ai,,metoken.ai,1,,MeToken AI,new-api/one-api系,,,,
middlekingdom.cc,103.224.80.102,China,AS55933 Cloudie Limited,cc,,middlekingdom.cc,1,,,one-api,,,,
mmw.ink,210.16.182.28,China,"AS146817 Hubei Feixun Network Co., Ltd",ink,,mmw.ink,1,,,,,,,
moark.ai,154.85.53.56,United States,"AS55967 Beijing Baidu Netcom Science and Technology Co., Ltd",ai,,moark.ai,1,,MoArk AI,openai_compatible_unknown,,,,
model-port.xyz,64.186.226.235,United States,AS906 DMIT Cloud Services,xyz,,model-port.xyz,1,,NovaMesh AI,new-api/one-api系,,,,
moyuu.cc,45.142.115.81,Germany,AS44486 synlinq.de,cc,,moyuu.cc,1,,Moyuu AI,new-api/one-api系,,,,
mr68ai.cn,152.32.252.250,Hong Kong,AS135377 UCLOUD INFORMATION TECHNOLOGY (HK) LIMITED,cn,Y,mr68ai.cn,1,,New API,new-api/one-api系,,,,
mstoken.vip,103.207.166.60,Hong Kong,AS139293 UFO Network Limited,vip,,mstoken.vip,1,,Infinity API - API Gateway and Online Chat,openai_compatible_unknown,,,,
myaitoken.com.cn,45.32.112.101,Singapore,"AS20473 The Constant Company, LLC",cn,Y,myaitoken.com.cn,1,,One API,new-api/one-api系,,,,
name1.ai,45.58.161.78,United States,AS46844 Sharktech,ai,,name1.ai,1,,New API,new-api/one-api系,,,,
nameyn.shop,45.197.144.88,Hong Kong,"AS134365 Ansheng Network Technology Co., Limited",shop,,nameyn.shop,1,,Nameyn,new-api/one-api系,,,,
neonartai.com,64.177.116.30,United States,"AS20473 The Constant Company, LLC",com,,neonartai.com,1,,NeonArt AI · 简洁清新版,openai_compatible_unknown,,,,
newzone.top,43.174.247.27,Singapore,AS139341 ACE,top,,newzone.top,1,,,new-api,,,,
nexaxis.ai,216.227.134.146,United States,AS30058 FDCservers.net,ai,,nexaxis.ai,1,,NEXAXIS,new-api/one-api系,,,,
nexrouter.io,66.42.36.144,Japan,"AS20473 The Constant Company, LLC",io,,nexrouter.io,1,,,one-api,,,,
nodebyt.com,186.241.105.26,United States,AS402169 Uscloud Inc,com,,nodebyt.com,1,,,one-api,,,,
nqapi.cn,111.228.6.211,China,AS141679 China Telecom Beijing Tianjin Hebei Big Data Indust,cn,Y,nqapi.cn,1,,Nq API,new-api/one-api系,,,,
octopusx.ai,67.21.92.42,United States,AS46844 Sharktech,ai,,octopusx.ai,1,,,new-api/one-api系,,,,
oneai.cc,199.127.61.147,United States,AS23470 ReliableSite.Net LLC,cc,,oneai.cc,1,,OneAi,new-api/one-api系,,,,
onekeymodel.com,152.32.177.150,Russia,AS135377 UCLOUD INFORMATION TECHNOLOGY (HK) LIMITED,com,,onekeymodel.com,1,,,one-api,,,,
onrender.com,216.24.57.8,United States,AS397273 Render,com,,onrender.com,1,,API分享站,new-api/one-api系,,,,
openai-ch.top,154.201.79.104,United States,AS8796 FASTNET DATA INC,top,,openai-ch.top,1,,Galaxy API,new-api/one-api系,,,,
openrouter.team,157.173.201.65,United States,AS40021 Contabo Inc.,team,,openrouter.team,1,,OpenRouter Team - API 控制台,openai_compatible_unknown,,,,
openxs.top,156.238.250.70,United States,AS8796 FASTNET DATA INC,top,,openxs.top,1,,云智 API,new-api/one-api系,,,,
oxycode.net,156.239.12.213,Hong Kong,AS154321 CORENET CLOUD SDN. BHD.,net,,oxycode.net,1,,OxyCode氧化代码,,,,,
pantao.asia,106.13.49.130,China,"AS38365 Beijing Baidu Netcom Science and Technology Co., Ltd",asia,,pantao.asia,1,,蟠桃中转站,new-api/one-api系,,,,
paopaoapi.com,163.181.214.123,United States,"AS24429 Zhejiang Taobao Network Co.,Ltd",com,,paopaoapi.com,1,,泡泡API,new-api/one-api系,,,,
pixelmuse.shop,45.202.245.39,Japan,AS61112 AkileCloud Network,shop,,pixelmuse.shop,1,,PixelMuse,,,,,
ppchat.vip,185.150.189.65,United States,AS23470 ReliableSite.Net LLC,vip,,ppchat.vip,1,,PPCHAT,new-api/one-api系,,,,
qhaigc.net,38.59.249.43,United States,AS41378 Kirino LLC,net,,qhaigc.net,1,,,unknown,,,,
qingshanapi.com,38.148.253.138,United States,AS8796 FASTNET DATA INC,com,,qingshanapi.com,1,,QingshanAPI,new-api/one-api系,,,,
qiuqiutoken.com,193.9.46.170,United States,AS40065 CNSERVERS LLC,com,,qiuqiutoken.com,1,,球球Token - AI中转服务站,new-api/one-api系,,,,
quickquickai.com,104.243.37.148,United States,AS23470 ReliableSite.Net LLC,com,,quickquickai.com,1,,quickquickai,new-api/one-api系,,,,
rcouyi.com,43.169.13.121,Singapore,AS139341 ACE,com,,rcouyi.com,1,,No.1 API-Pro,new-api/one-api系,,,,
relaydance.com,103.85.25.44,Hong Kong,AS134835 Starry Network Limited,com,,relaydance.com,1,,Relaydance,new-api/one-api系,,,,
renrenai.chat,45.125.33.145,Hong Kong,AS55933 Cloudie Limited,chat,,renrenai.chat,1,,RenRen API,new-api/one-api系,,,,
rinkoai.com,156.225.28.156,Hong Kong,AS401701 cognetcloud INC,com,,rinkoai.com,1,,RinkoAI,new-api/one-api系,,,,
rootflowai.com,23.169.184.140,United States,AS8796 FASTNET DATA INC,com,,rootflowai.com,1,,RootFlow AI,new-api/one-api系,,,,
route-agent.com,101.47.73.155,Hong Kong,AS150436 Byteplus Pte. Ltd.,com,,route-agent.com,1,,,one-api,,,,
safeapi.vip,107.172.20.154,United States,AS36352 HostPapa,vip,,safeapi.vip,1,,SafeAPI,sub2api,,,,
sbbbbbbbbb.xyz,186.244.250.33,United States,,xyz,,sbbbbbbbbb.xyz,1,,Neco Api,new-api/one-api系,,,,
schyler.top,195.172.139.4,Singapore,AS216245 CYBERJET PTE. LTD.,top,,schyler.top,1,,SchylerAI小栈,,,,,
shareapi.ai,5.253.38.114,United States,AS7488 CNServer LLC,ai,,shareapi.ai,1,,Share API,new-api/one-api系,,,,
shheng.xyz,180.97.218.69,China,AS4134 CHINANET BACKBONE,xyz,,shheng.xyz,1,,Shheng API,new-api/one-api系,,,,
shiyutv.cn,163.181.60.202,United States,"AS24429 Zhejiang Taobao Network Co.,Ltd",cn,Y,shiyutv.cn,1,,像素群岛,,,,,
shubiaobiao.com,174.136.207.113,United States,AS906 DMIT Cloud Services,com,,shubiaobiao.com,1,,,new-api/one-api系,,,,
smartaipro.cn,179.253.240.216,Brazil,,cn,Y,smartaipro.cn,1,,New API,new-api/one-api系,,,,
ssgoo.net,149.88.75.206,Hong Kong,AS401696 cognetcloud INC,net,,ssgoo.net,1,,TokenGo,,,,,
starstartai.com,219.234.9.139,Hong Kong,AS139021 West263 International Limited,com,,starstartai.com,1,,星启AI - 面向未来的智能模型网关,openai_compatible_unknown,,,,
subtoken.vip,72.82.144.6,United States,AS701 Verizon Business,vip,,subtoken.vip,1,,,sub2api,,,,
suchuang.vip,156.239.40.229,United States,AS400619 AROSSCLOUD INC.,vip,,suchuang.vip,1,,速创API-稳定可靠的 API 中转站,new-api/one-api系,,,,
sui-xiang.com,137.175.77.34,China,AS54600 PEG TECH INC,com,,sui-xiang.com,1,,SuiXiang,,,,,
summerapi.com,85.137.240.156,Hong Kong,AS401701 cognetcloud INC,com,,summerapi.com,1,,夏夏中转站,new-api/one-api系,,,,
sunskii.com,194.15.36.26,Germany,AS58087 Florian Kolb,com,,sunskii.com,1,,Sunskii,,,,,
supermoxi.top,38.76.190.53,Hong Kong,AS401701 cognetcloud INC,top,,supermoxi.top,1,,MOXI-API,new-api/one-api系,,,,
switchbase.vip,179.253.236.107,Brazil,,vip,,switchbase.vip,1,,SwitchBase,new-api/one-api系,,,,
tcdmx.com,192.238.143.234,Hong Kong,AS138995 Antbox Networks Limited,com,,tcdmx.com,1,,TCDMX,,,,,
teai.io,66.241.125.130,United States,"AS40509 Fly.io, Inc.",io,,teai.io,1,,teai.io — 日本発LLM API Gateway | Claude 5・GPT-5.5・Gemini 3.5 85+モデルを1つのAPIで,openai_compatible_unknown,,,,
thestocklist.site,154.86.29.126,Hong Kong,"AS140227 Hong Kong Communications International Co., Limited",site,,thestocklist.site,1,,Flux API,new-api/one-api系,,,,
to2dog.top,103.189.141.168,Hong Kong,AS206888 HanMing HK Limited,top,,to2dog.top,1,,Carpool,new-api/one-api系,,,,
tokaify.com,180.163.146.12,China,AS4811 China Telecom (Group),com,,tokaify.com,1,,Tokaify,,,,,
tokencall.cn,101.47.154.121,Singapore,AS150436 Byteplus Pte. Ltd.,cn,Y,tokencall.cn,1,,TokenCall — 全球 AI 模型 API 服务,openai_compatible_unknown,,,,
tokencheap.ai,150.5.133.229,Hong Kong,AS150436 Byteplus Pte. Ltd.,ai,,tokencheap.ai,1,,TokenCheap - 简洁的模型 API 中转,openai_compatible_unknown,,,,
tokendepot.vip,38.190.196.64,Hong Kong,AS133199 SonderCloud Limited,vip,,tokendepot.vip,1,,,new-api,,,,
tokenktv.com,38.64.62.123,United States,AS46783 EASY LINK LLC,com,,tokenktv.com,1,,New API,new-api/one-api系,,,,
torchai.ai,38.34.190.71,United States,AS18978 Enzu Inc,ai,,torchai.ai,1,,Torch  AI,new-api/one-api系,,,,
treerouter.com,154.26.178.126,United States,AS906 DMIT Cloud Services,com,,treerouter.com,1,,TreeRouter,new-api/one-api系,,,,
trumpapi.ai,67.21.64.100,United States,AS46844 Sharktech,ai,,trumpapi.ai,1,,Trump API (川普API),new-api/one-api系,,,,
ttop5.cc,38.14.254.64,United States,AS400619 AROSSCLOUD INC.,cc,,ttop5.cc,1,,,new-api,,,,
tu-zi.com,104.194.90.221,United States,AS25820 IT7 Networks Inc,com,,tu-zi.com,1,,兔子API,new-api/one-api系,,,,
twgom.com,38.76.169.44,Hong Kong,AS401701 cognetcloud INC,com,,twgom.com,1,,token搬运工,new-api/one-api系,,,,
undyingapi.com,104.218.234.81,United States,AS201106 Spartan Host Ltd,com,,undyingapi.com,1,,Undy API,new-api/one-api系,,,,
usclaude.us,154.201.74.19,United States,AS8796 FASTNET DATA INC,us,,usclaude.us,1,,Flux AI,voapi,,,,
uucode.org,23.147.148.23,United States,AS402075 Peekabo Networks,org,,uucode.org,1,,,new-api,,,,
velokey.ai,89.208.254.119,United States,AS25820 IT7 Networks Inc,ai,,velokey.ai,1,,,one-api,,,,
vibecodingapi.ai,199.180.118.5,United States,AS25820 IT7 Networks Inc,ai,,vibecodingapi.ai,1,,lionCC狮子API,new-api/one-api系,,,,
vpszdm.com,194.36.24.35,United States,AS6233 xTom,com,,vpszdm.com,1,,,sub2api,,,,
vvcode.top,167.160.160.51,United States,AS36352 HostPapa,top,,vvcode.top,1,,VVCode,new-api/one-api系,,,,
wangmin.xyz,156.238.228.226,United States,AS8796 FASTNET DATA INC,xyz,,wangmin.xyz,1,,WM,new-api/one-api系,,,,
winrouter.ai,64.186.228.59,United States,AS906 DMIT Cloud Services,ai,,winrouter.ai,1,,,one-api,,,,
wkapi.club,45.149.186.233,Hong Kong,AS61112 AkileCloud Network,club,,wkapi.club,1,,悟空API,new-api/one-api系,,,,
xbhuiz.com,179.255.156.65,Brazil,,com,,xbhuiz.com,1,,XMAPI,,,,,
xfyun.cn,42.62.43.219,China,"AS23724 IDC, China Telecommunications Corporation",cn,Y,xfyun.cn,1,,,one-api,,,,
xiangjun.pw,154.217.234.164,United States,AS402169 Uscloud Inc,pw,,xiangjun.pw,1,,观澜 API,new-api/one-api系,,,,
xiaoyo.cn,159.138.159.202,Hong Kong,AS136907 HUAWEI CLOUDS,cn,Y,xiaoyo.cn,1,,XiaoYo,new-api/one-api系,,,,
xiaoyue9527.xyz,122.189.168.219,China,AS4837 CHINA UNICOM China169 Backbone,xyz,,xiaoyue9527.xyz,1,,LYTokens LLM Gateway,openai_compatible_unknown,,,,
xinglianapi.com,160.30.230.75,China,AS134765 CHINANET Yunnan province IDC1 network,com,,xinglianapi.com,1,,星链引擎API,new-api/one-api系,,,,
xinyun.ai,104.238.222.115,United States,AS23470 ReliableSite.Net LLC,ai,,xinyun.ai,1,,心云AI,new-api/one-api系,,,,
xmapi.com.cn,38.76.160.193,Hong Kong,AS401696 cognetcloud INC,cn,Y,xmapi.com.cn,1,,星猫Ai,new-api/one-api系,,,,
xn--15q04w3tg4kio0a.com,168.107.40.4,South Korea,AS31898 Oracle Corporation,com,,xn--15q04w3tg4kio0a.com,1,,已被BOTCF.COM收购😭,new-api/one-api系,,,,
xt-url.com,43.174.247.26,Singapore,AS139341 ACE,com,,xt-url.com,1,,小天公益站,new-api/one-api系,,,,
xunhupay.com,163.181.60.208,United States,"AS24429 Zhejiang Taobao Network Co.,Ltd",com,,xunhupay.com,1,,,new-api,,,,
xxxxtoken.com,154.219.119.124,Hong Kong,AS401701 cognetcloud INC,com,,xxxxtoken.com,1,,X-API,new-api/one-api系,,,,
xyc.ai,43.169.16.140,China,AS139341 ACE,ai,,xyc.ai,1,,XycAi Inc,new-api/one-api系,,,,
ycyapi.cn,43.254.166.159,Hong Kong,AS42960 VH Global Limited,cn,Y,ycyapi.cn,1,,YCY API,new-api/one-api系,,,,
yhapiplatform.com,45.119.53.11,Hong Kong,AS55933 Cloudie Limited,com,,yhapiplatform.com,1,,YH API Platform,openai_compatible_unknown,,,,
youkies.space,141.11.77.49,Hong Kong,AS36002 GoMami Networks,space,,youkies.space,1,,Youkies API,new-api/one-api系,,,,
yuegle.com,43.169.14.112,Singapore,AS139341 ACE,com,,yuegle.com,1,,yuegle API,new-api/one-api系,,,,
yunserver.cn,192.140.173.68,China,"AS146817 Hubei Feixun Network Co., Ltd",cn,Y,yunserver.cn,1,,YunServer API,new-api/one-api系,,,,
yunzhiapi.cn,45.207.207.87,United States,AS8796 FASTNET DATA INC,cn,Y,yunzhiapi.cn,1,,,new-api,,,,
yxai.chat,38.76.179.102,Hong Kong,AS401701 cognetcloud INC,chat,,yxai.chat,1,,,openai_compatible_unknown,,,,
zhinengfugu.cn,180.97.70.165,China,AS140292 CHINATELECOM Jiangsu province Suzhou 5G network,cn,Y,zhinengfugu.cn,1,,智能富谷,new-api/one-api系,,,,
zjt66.top,104.194.82.55,United States,AS25820 IT7 Networks Inc,top,,zjt66.top,1,,熵流 EntroFlux API,new-api/one-api系,,,,
