site_key,operator_id,cluster_size,merge_basis
ablai.top,ablai.top,6,favicon=['4214f2244b29']; ip=['64.32.23.99']; sitename=['柏拉图ai']
bltcy.ai,ablai.top,6,favicon=['4214f2244b29']; ip=['64.32.23.99']; sitename=['柏拉图ai']
bltcy.top,ablai.top,6,favicon=['4214f2244b29']; ip=['64.32.23.99']; sitename=['柏拉图ai']
geekai.pro,ablai.top,6,favicon=['4214f2244b29']; ip=['64.32.23.99']; sitename=['柏拉图ai']
linkapi.org,ablai.top,6,favicon=['4214f2244b29']; ip=['64.32.23.99']; sitename=['柏拉图ai']
whatai.cc,ablai.top,6,favicon=['4214f2244b29']; ip=['64.32.23.99']; sitename=['柏拉图ai']
bdshmmkj3.cn,bdshmmkj3.cn,5,ip=['172.83.153.3']; sitename=['aicost api']
daikuankm.cn,bdshmmkj3.cn,5,ip=['172.83.153.3']; sitename=['aicost api']
oogaming.cn,bdshmmkj3.cn,5,ip=['172.83.153.3']; sitename=['aicost api']
racetozero.org.cn,bdshmmkj3.cn,5,ip=['172.83.153.3']; sitename=['aicost api']
zc-s.org.cn,bdshmmkj3.cn,5,ip=['172.83.153.3']; sitename=['aicost api']
ai-gaochao.cn,ai-gaochao.cn,4,"favicon=['2aeb552a8ba7']; ip=['43.169.13.10', '43.169.14.10']; sitename=['数标标api']"
openai-hub.com,ai-gaochao.cn,4,"favicon=['2aeb552a8ba7']; ip=['43.169.13.10', '43.169.14.10']; sitename=['数标标api']"
orcarouter.ai,ai-gaochao.cn,4,"favicon=['2aeb552a8ba7']; ip=['43.169.13.10', '43.169.14.10']; sitename=['数标标api']"
shubiaobiao.cn,ai-gaochao.cn,4,"favicon=['2aeb552a8ba7']; ip=['43.169.13.10', '43.169.14.10']; sitename=['数标标api']"
aishuch.com,aishuch.com,4,discord=['discord.gg/MGtn59qQx']; favicon=['c37e882da5c5']; sitename=['apimart']
aiuxu.com,aishuch.com,4,discord=['discord.gg/MGtn59qQx']; favicon=['c37e882da5c5']; sitename=['apimart']
apib.ai,aishuch.com,4,discord=['discord.gg/MGtn59qQx']; favicon=['c37e882da5c5']; sitename=['apimart']
apimart.ai,aishuch.com,4,discord=['discord.gg/MGtn59qQx']; favicon=['c37e882da5c5']; sitename=['apimart']
buzz7.top,buzz7.top,4,"cert_fp=['fc6867fa46358cda7d1cd25696c02b1fb74e73d003d98657b86c9b132d55d097']; cert_san=['buzzai.cc', 'buzzai.top']; ip=['154.219.121.52']; sitename=['buzz · ai']"
buzzai.cc,buzz7.top,4,"cert_fp=['fc6867fa46358cda7d1cd25696c02b1fb74e73d003d98657b86c9b132d55d097']; cert_san=['buzzai.cc', 'buzzai.top']; ip=['154.219.121.52']; sitename=['buzz · ai']"
buzzai.top,buzz7.top,4,"cert_fp=['fc6867fa46358cda7d1cd25696c02b1fb74e73d003d98657b86c9b132d55d097']; cert_san=['buzzai.cc', 'buzzai.top']; ip=['154.219.121.52']; sitename=['buzz · ai']"
wasdxx.xyz,buzz7.top,4,"cert_fp=['fc6867fa46358cda7d1cd25696c02b1fb74e73d003d98657b86c9b132d55d097']; cert_san=['buzzai.cc', 'buzzai.top']; ip=['154.219.121.52']; sitename=['buzz · ai']"
codesuc.top,codesuc.top,4,ip=['163.181.214.1']
hcnote.cn,codesuc.top,4,ip=['163.181.214.1']
joyzhi.com,codesuc.top,4,ip=['163.181.214.1']
littlesheep.cc,codesuc.top,4,ip=['163.181.214.1']
147ai.cn,147ai.cn,3,ip=['138.113.241.54']; sitename=['147 ai']
147ai.com,147ai.cn,3,ip=['138.113.241.54']; sitename=['147 ai']
580ai.net,147ai.cn,3,ip=['138.113.241.54']; sitename=['147 ai']
a8.hk,a8.hk,3,sitename=['便携ai聚合api']
bianxie.ai,a8.hk,3,sitename=['便携ai聚合api']
bianxieai.com,a8.hk,3,sitename=['便携ai聚合api']
aigc456.top,aigc456.top,3,ip=['154.21.93.129']; sitename=['钱多多 api']
aigcbest.top,aigc456.top,3,ip=['154.21.93.129']; sitename=['钱多多 api']
ifopen.ai,aigc456.top,3,ip=['154.21.93.129']; sitename=['钱多多 api']
ainstant.pro,ainstant.pro,3,ip=['154.44.9.242']; sitename=['快稳稳 api']
kuaiwenwen.top,ainstant.pro,3,ip=['154.44.9.242']; sitename=['快稳稳 api']
kwwai.top,ainstant.pro,3,ip=['154.44.9.242']; sitename=['快稳稳 api']
anyroute.io,anyroute.io,3,ip=['192.238.249.142']
clauqe.ai,anyroute.io,3,ip=['192.238.249.142']
dragoncode.codes,anyroute.io,3,ip=['192.238.249.142']
ephone.ai,ephone.ai,3,favicon=['67a3ef99e381']; sitename=['ephone ai']
ephone.chat,ephone.ai,3,favicon=['67a3ef99e381']; sitename=['ephone ai']
innk.cc,ephone.ai,3,favicon=['67a3ef99e381']; sitename=['ephone ai']
fastgpt.cn,fastgpt.cn,3,favicon=['2340bd772b87']
fastgpt.io,fastgpt.cn,3,favicon=['2340bd772b87']
weisoft.chat,fastgpt.cn,3,favicon=['2340bd772b87']
flowbar.xyz,flowbar.xyz,3,discord=['discord.gg/DMvACkBG']; sitename=['flowbar ai']
flowbarai.com,flowbar.xyz,3,discord=['discord.gg/DMvACkBG']; sitename=['flowbar ai']
shxybar.com,flowbar.xyz,3,discord=['discord.gg/DMvACkBG']; sitename=['flowbar ai']
kingflow.ai,kingflow.ai,3,favicon=['e3078908b750']; ip=['23.239.108.122']
ybtech.cc,kingflow.ai,3,favicon=['e3078908b750']; ip=['23.239.108.122']
zzhfwl.com,kingflow.ai,3,favicon=['e3078908b750']; ip=['23.239.108.122']
kove.cn,kove.cn,3,favicon=['84087e1e8550']; sitename=['claude api - 全球顶级ai模型聚合平台']
szjsai.cn,kove.cn,3,favicon=['84087e1e8550']; sitename=['claude api - 全球顶级ai模型聚合平台']
szjsai.com,kove.cn,3,favicon=['84087e1e8550']; sitename=['claude api - 全球顶级ai模型聚合平台']
onechats.ai,onechats.ai,3,sitename=['onechat api']
onechats.cn,onechats.ai,3,sitename=['onechat api']
onechats.top,onechats.ai,3,sitename=['onechat api']
poloai.top,poloai.top,3,sitename=['poloapi']
poloapi.com,poloai.top,3,sitename=['poloapi']
poloapi.top,poloai.top,3,sitename=['poloapi']
4hidc.com,4hidc.com,2,favicon=['d0af1b4fbdc1']; sitename=['酷站ai · 你的全模型 api 中转站']
koozhan.com,4hidc.com,2,favicon=['d0af1b4fbdc1']; sitename=['酷站ai · 你的全模型 api 中转站']
4sapi.com,4sapi.com,2,"cert_fp=['af0c1f4884ac72561455a4c01e6b69d306837a6b0a82419ed73a0d93cf9c9994']; cert_san=['4sapi.club', '4sapi.com']; ip=['154.17.20.134']; sitename=['4sapi']"
4sapi.net,4sapi.com,2,"cert_fp=['af0c1f4884ac72561455a4c01e6b69d306837a6b0a82419ed73a0d93cf9c9994']; cert_san=['4sapi.club', '4sapi.com']; ip=['154.17.20.134']; sitename=['4sapi']"
ai-szzx.online,ai-szzx.online,2,sitename=['数智ai']
xpluse.plus,ai-szzx.online,2,sitename=['数智ai']
ai-wave.org,ai-wave.org,2,favicon=['9b33c57176e1']
hybgzs.com,ai-wave.org,2,favicon=['9b33c57176e1']
aigptx.top,aigptx.top,2,cert_san=['aigptx.top']
dogenet.win,aigptx.top,2,cert_san=['aigptx.top']
api260.com,api260.com,2,ip=['172.83.152.193']
huanapi.com,api260.com,2,ip=['172.83.152.193']
b886.top,b886.top,2,sitename=['cctq']
cctq.ai,b886.top,2,sitename=['cctq']
bbww.top,bbww.top,2,sitename=['旺旺中转站']
hvoy_removed,bbww.top,2,sitename=['旺旺中转站']
bearlab.ai,bearlab.ai,2,sitename=['pry api']
crond.dev,bearlab.ai,2,sitename=['pry api']
bjxrouter.com,bjxrouter.com,2,sitename=['北极星']
bybing.cc,bjxrouter.com,2,sitename=['北极星']
ccfly.codes,ccfly.codes,2,ip=['69.63.217.215']; sitename=['ccfly']
ccplus.site,ccfly.codes,2,ip=['69.63.217.215']; sitename=['ccfly']
ccmax20.cc,ccmax20.cc,2,sitename=['baby']
max20.cn,ccmax20.cc,2,sitename=['baby']
cdn.ad,cdn.ad,2,ip=['23.147.52.14']
shitang359.space,cdn.ad,2,ip=['23.147.52.14']
chatopens.vip,chatopens.vip,2,favicon=['f37ba1638b5f']
hk.cn,chatopens.vip,2,favicon=['f37ba1638b5f']
cherryin.ai,cherryin.ai,2,sitename=['cherryin']
cherryin.net,cherryin.ai,2,sitename=['cherryin']
chintao.cn,chintao.cn,2,ip=['36.249.95.172']
satuo66.online,chintao.cn,2,ip=['36.249.95.172']
claude-api.org,claude-api.org,2,favicon=['b085b6302e0c']; telegram=['t.me/+Lfq1A_3e6BRhNjE5']
voltapi.ai,claude-api.org,2,favicon=['b085b6302e0c']; telegram=['t.me/+Lfq1A_3e6BRhNjE5']
cun.ai,cun.ai,2,favicon=['8bfe06a57640']; sitename=['cun.ai']
wintoken.dev,cun.ai,2,favicon=['8bfe06a57640']; sitename=['cun.ai']
dataeyes.ai,dataeyes.ai,2,favicon=['b9a31d3949b1']
newcli.com,dataeyes.ai,2,favicon=['b9a31d3949b1']
easyart.cc,easyart.cc,2,sitename=['modelhub']
modelhub.lat,easyart.cc,2,sitename=['modelhub']
ekti.cc,ekti.cc,2,ip=['23.148.204.171']
noc.cy,ekti.cc,2,ip=['23.148.204.171']
fushengyunsuan.cn,fushengyunsuan.cn,2,sitename=['浮生云算']
fushengyunsuan.com,fushengyunsuan.cn,2,sitename=['浮生云算']
gemini.wang,gemini.wang,2,sitename=['ocoolai']
ocoolai.com,gemini.wang,2,sitename=['ocoolai']
gpt.ge,gpt.ge,2,sitename=['v-api']
vveai.com,gpt.ge,2,sitename=['v-api']
hcnsec.cn,hcnsec.cn,2,sitename=['新疆幻城网安科技公益大模型api']
iamhc.cn,hcnsec.cn,2,sitename=['新疆幻城网安科技公益大模型api']
hiapi.ai,hiapi.ai,2,sitename=['hiapi']
hiapi.store,hiapi.ai,2,sitename=['hiapi']
huaci.ai,huaci.ai,2,ip=['45.78.78.39']
huasuan.ai,huaci.ai,2,ip=['45.78.78.39']
huiyun.asia,huiyun.asia,2,favicon=['2c5d4ccd6d1b']
juxingai.top,huiyun.asia,2,favicon=['2c5d4ccd6d1b']
jeniya.cn,jeniya.cn,2,sitename=['简易-api中转站-专业的ai大模型api接口中转站平台api供应商']
jeniya.top,jeniya.cn,2,sitename=['简易-api中转站-专业的ai大模型api接口中转站平台api供应商']
kr777.top,kr777.top,2,ip=['155.102.130.209']
newapi.pro,kr777.top,2,ip=['155.102.130.209']
llmroute.club,llmroute.club,2,favicon=['6e2a391eb727']
silkroadai.io,llmroute.club,2,favicon=['6e2a391eb727']
monking.ai,monking.ai,2,ip=['23.147.52.36']
vbcode.io,monking.ai,2,ip=['23.147.52.36']
niubiai.ai,niubiai.ai,2,favicon=['903cec96eba2']; sitename=['nbai']
niubiai.net,niubiai.ai,2,favicon=['903cec96eba2']; sitename=['nbai']
ominigate.ai,ominigate.ai,2,discord=['discord.gg/UtFA46gP4']; favicon=['2d5804a1edf6']
ominigate.com,ominigate.ai,2,discord=['discord.gg/UtFA46gP4']; favicon=['2d5804a1edf6']
openrouter.ai,openrouter.ai,2,discord=['discord.gg/fVyRaUDgxW']
openrouter.com,openrouter.ai,2,discord=['discord.gg/fVyRaUDgxW']
paintbot.top,paintbot.top,2,sitename=['pro api']
prorisehub.com,paintbot.top,2,sitename=['pro api']
sudocode.chat,sudocode.chat,2,sitename=['sudocode']
sudocode.us,sudocode.chat,2,sitename=['sudocode']
teamolab.com,teamolab.com,2,discord=['discord.gg/QT9dwxXr']; favicon=['b0fbe282e69b']; ip=['43.159.107.179']
teamorouter.com,teamolab.com,2,discord=['discord.gg/QT9dwxXr']; favicon=['b0fbe282e69b']; ip=['43.159.107.179']
toapis.com,toapis.com,2,discord=['discord.gg/hvnszCrJ73']; favicon=['3dff317fbe6a']; sitename=['toapis']
toapis.xyz,toapis.com,2,discord=['discord.gg/hvnszCrJ73']; favicon=['3dff317fbe6a']; sitename=['toapis']
tokengo.love,tokengo.love,2,sitename=['登录 | tokengo']
yaogod.com,tokengo.love,2,sitename=['登录 | tokengo']
wlai.vip,wlai.vip,2,sitename=['云雾 api']
yunwu.ai,wlai.vip,2,sitename=['云雾 api']
x-see.cn,x-see.cn,2,sitename=['小鲸 ai 开放平台']
xiaojingai.com,x-see.cn,2,sitename=['小鲸 ai 开放平台']
yansd666.com,yansd666.com,2,sitename=['烟神殿ai']
yansd666.top,yansd666.com,2,sitename=['烟神殿ai']
zlapi.pro,zlapi.pro,2,sitename=['zzzzzll api 💕']
zlapi.vip,zlapi.pro,2,sitename=['zzzzzll api 💕']
0029.org,0029.org,1,
050602.xyz,050602.xyz,1,
10dianai.com,10dianai.com,1,
112102.xyz,112102.xyz,1,
114api.com,114api.com,1,
121628.xyz,121628.xyz,1,
123nhh.com,123nhh.com,1,
123nhh.xyz,123nhh.xyz,1,
12ai.org,12ai.org,1,
132999.xyz,132999.xyz,1,
16api.com,16api.com,1,
17nas.com,17nas.com,1,
180txt.cn,180txt.cn,1,
1ove.tech,1ove.tech,1,
1publish.me,1publish.me,1,
1xm.ai,1xm.ai,1,
2020111.xyz,2020111.xyz,1,
242243.xyz,242243.xyz,1,
2dapi.online,2dapi.online,1,
361888.xyz,361888.xyz,1,
4399ai.cn,4399ai.cn,1,
4router.net,4router.net,1,
4zapi.com,4zapi.com,1,
51api.org,51api.org,1,
52ccl.cn,52ccl.cn,1,
52mx.net,52mx.net,1,
5cookie.cc,5cookie.cc,1,
5w5.wtf,5w5.wtf,1,
66ai.ai,66ai.ai,1,
712api.cc,712api.cc,1,
724codes.com,724codes.com,1,
73card.com,73card.com,1,
777114.xyz,777114.xyz,1,
777358.xyz,777358.xyz,1,
78code.cc,78code.cc,1,
7x.hk,7x.hk,1,
8511.top,8511.top,1,
8864k.com,8864k.com,1,
88api.chat,88api.chat,1,
8yes.cc,8yes.cc,1,
91router.ai,91router.ai,1,
9527code.com,9527code.com,1,
992236.xyz,992236.xyz,1,
996444.cn,996444.cn,1,
999554.xyz,999554.xyz,1,
a1r.cc,a1r.cc,1,
a6api.com,a6api.com,1,
aaatoken.cn,aaatoken.cn,1,
aabao.vip,aabao.vip,1,
abacus.ai,abacus.ai,1,
abaiapi.xyz,abaiapi.xyz,1,
abcrelay.com,abcrelay.com,1,
affordableaiapi.com,affordableaiapi.com,1,
africarouter.ai,africarouter.ai,1,
agentrouter.org,agentrouter.org,1,
aggbox.shop,aggbox.shop,1,
ahmes.dev,ahmes.dev,1,
ai-leapx.com,ai-leapx.com,1,
ai-openclaw.one,ai-openclaw.one,1,
ai-yyds.com,ai-yyds.com,1,
ai.cc,ai.cc,1,
ai01.yun,ai01.yun,1,
ai123.one,ai123.one,1,
ai163.cc,ai163.cc,1,
ai88.help,ai88.help,1,
aiapi.world,aiapi.world,1,
aiapidoctor.com,aiapidoctor.com,1,
aiapify.com,aiapify.com,1,
aiapipk.com,aiapipk.com,1,
aiapis.io,aiapis.io,1,
aiartmirror.com,aiartmirror.com,1,
aibaz.ai,aibaz.ai,1,
aiberm.com,aiberm.com,1,
aibinghe.xyz,aibinghe.xyz,1,
aicc0.com,aicc0.com,1,
aicloud.plus,aicloud.plus,1,
aicodedog.com,aicodedog.com,1,
aicodemirror.com,aicodemirror.com,1,
aieania.tech,aieania.tech,1,
aiearth.dev,aiearth.dev,1,
aiflowhub.ai,aiflowhub.ai,1,
aifoxspa.com,aifoxspa.com,1,
aifuel.cc,aifuel.cc,1,
aigc2d.com,aigc2d.com,1,
aigcly.top,aigcly.top,1,
aigcwuji.com,aigcwuji.com,1,
aigm99.cn,aigm99.cn,1,
aigo123.net,aigo123.net,1,
aigocode.com,aigocode.com,1,
aihubmix.com,aihubmix.com,1,
aiito.top,aiito.top,1,
aijws.com,aijws.com,1,
aikeji.vip,aikeji.vip,1,
ailvaz.com,ailvaz.com,1,
aimlapi.com,aimlapi.com,1,
aiok.club,aiok.club,1,
aiporters.com,aiporters.com,1,
aircode.xin,aircode.xin,1,
airoute.vip,airoute.vip,1,
airouter.work,airouter.work,1,
aiskt.com,aiskt.com,1,
aisz.mom,aisz.mom,1,
aitokenapi.cc,aitokenapi.cc,1,
aitransx.com,aitransx.com,1,
aixor.org,aixor.org,1,
aiyahmm.com,aiyahmm.com,1,
aizex.top,aizex.top,1,
aladingapi.cc,aladingapi.cc,1,
albagubra.art,albagubra.art,1,
allinai7.cloud,allinai7.cloud,1,
allmodel.co,allmodel.co,1,
alltkn.com,alltkn.com,1,
amaranta.asia,amaranta.asia,1,
amutes.com,amutes.com,1,
amux.ai,amux.ai,1,
ananapi.com,ananapi.com,1,
anpin.ai,anpin.ai,1,
ant-ling.com,ant-ling.com,1,
antirez.com,antirez.com,1,
antsk.cn,antsk.cn,1,
anxidc.com,anxidc.com,1,
anyaigc.com,anyaigc.com,1,
anyfast.ai,anyfast.ai,1,
anyone.ai,anyone.ai,1,
anyport.xyz,anyport.xyz,1,
aokapi.com,aokapi.com,1,
apertis.ai,apertis.ai,1,
apexapi.vip,apexapi.vip,1,
api000.com,api000.com,1,
api2cn.com,api2cn.com,1,
api520.pro,api520.pro,1,
api96.com,api96.com,1,
apibrg.com,apibrg.com,1,
apiclaude.cc,apiclaude.cc,1,
apiddt.com,apiddt.com,1,
apidock.ai,apidock.ai,1,
apigator.ai,apigator.ai,1,
apihost.cn,apihost.cn,1,
apiliangrekui.com,apiliangrekui.com,1,
apilink.cc,apilink.cc,1,
apimarket.top,apimarket.top,1,
apinebula.com,apinebula.com,1,
apinova.cc,apinova.cc,1,
apipod.ai,apipod.ai,1,
apiporter.com,apiporter.com,1,
apirouter.ai,apirouter.ai,1,
apispk.com,apispk.com,1,
apiwarrior.xyz,apiwarrior.xyz,1,
apixo.ai,apixo.ai,1,
apiyi.com,apiyi.com,1,
ark717.com,ark717.com,1,
arkvision.ai,arkvision.ai,1,
arpanet.icu,arpanet.icu,1,
atlascloud.ai,atlascloud.ai,1,
atomflow.vip,atomflow.vip,1,
autocontentapi.com,autocontentapi.com,1,
autorouter.io,autorouter.io,1,
avoapi.com,avoapi.com,1,
axis.fan,axis.fan,1,
axis.yoga,axis.yoga,1,
axisapi.cn,axisapi.cn,1,
azapi.com.cn,azapi.com.cn,1,
b.ai,b.ai,1,
baobu.xyz,baobu.xyz,1,
baogutang.top,baogutang.top,1,
base-url.cn,base-url.cn,1,
bazaarlink.ai,bazaarlink.ai,1,
baziapi.site,baziapi.site,1,
bcapi.top,bcapi.top,1,
beecode.cc,beecode.cc,1,
beefapi.com,beefapi.com,1,
beehears.com,beehears.com,1,
bestroute.center,bestroute.center,1,
bestswifter.com,bestswifter.com,1,
bgremoval.xyz,bgremoval.xyz,1,
biyuan.ai,biyuan.ai,1,
blueshirtmap.com,blueshirtmap.com,1,
bluesminds.com,bluesminds.com,1,
bm-tokenai.com,bm-tokenai.com,1,
bobdong.cn,bobdong.cn,1,
bookapi.cc,bookapi.cc,1,
bossclaw.org,bossclaw.org,1,
botcf.com,botcf.com,1,
boxying.com,boxying.com,1,
boya.one,boya.one,1,
burncloud.com,burncloud.com,1,
buykey.ai,buykey.ai,1,
bytecatcode.org,bytecatcode.org,1,
c9api.cn,c9api.cn,1,
callflow.top,callflow.top,1,
callgpt.co.uk,callgpt.co.uk,1,
callxyq.xyz,callxyq.xyz,1,
catapi.ai,catapi.ai,1,
cc-api.chat,cc-api.chat,1,
cc-vibe.com,cc-vibe.com,1,
cc2.cx,cc2.cx,1,
ccg-cli.online,ccg-cli.online,1,
ccgoai.com,ccgoai.com,1,
cckeys.top,cckeys.top,1,
ccll.xyz,ccll.xyz,1,
ccode.dev,ccode.dev,1,
ccrouter.ai,ccrouter.ai,1,
ccwu.cc,ccwu.cc,1,
centos.hk,centos.hk,1,
chaophone.top,chaophone.top,1,
chaozhi.chat,chaozhi.chat,1,
chat01.ai,chat01.ai,1,
chatfire.cn,chatfire.cn,1,
chatgpt.org.uk,chatgpt.org.uk,1,
chatgpt.top,chatgpt.top,1,
chatgptid.net,chatgptid.net,1,
cheapai.ai,cheapai.ai,1,
cheapvideo.cc,cheapvideo.cc,1,
check-in.tech,check-in.tech,1,
cherry-ai.com,cherry-ai.com,1,
chesspnt.com,chesspnt.com,1,
chiangma.com,chiangma.com,1,
chiyicn.com,chiyicn.com,1,
chongcodex.cn,chongcodex.cn,1,
chrouter.com,chrouter.com,1,
chshapi.org,chshapi.org,1,
chuizi.ai,chuizi.ai,1,
chunxueapi.com,chunxueapi.com,1,
chybenzun.top,chybenzun.top,1,
cialloapi.cn,cialloapi.cn,1,
ciyuan-token.com,ciyuan-token.com,1,
ciyuanshen.top,ciyuanshen.top,1,
clauddy.com,clauddy.com,1,
claude360.xyz,claude360.xyz,1,
claudeagent.com.cn,claudeagent.com.cn,1,
claudeapi.ai,claudeapi.ai,1,
claudeapi.com,claudeapi.com,1,
claudeapi.io,claudeapi.io,1,
claudecn.top,claudecn.top,1,
claudeforcheap.com,claudeforcheap.com,1,
claudemain.com,claudemain.com,1,
clauden.ai,clauden.ai,1,
clawopen.top,clawopen.top,1,
clawskills.shop,clawskills.shop,1,
cllmgate.com,cllmgate.com,1,
cloudns.org,cloudns.org,1,
coaiwork.com,coaiwork.com,1,
code-cli.cn,code-cli.cn,1,
code-relay.com,code-relay.com,1,
code0.ai,code0.ai,1,
codefwd.top,codefwd.top,1,
codeilab.com,codeilab.com,1,
coderelay.cn,coderelay.cn,1,
codesome.ai,codesome.ai,1,
codesonline.dev,codesonline.dev,1,
codexapis.com,codexapis.com,1,
codexopenai.cloud,codexopenai.cloud,1,
codexzh.com,codexzh.com,1,
cognilead.ai,cognilead.ai,1,
cometapi.com,cometapi.com,1,
computetoken.ai,computetoken.ai,1,
congmingai.com,congmingai.com,1,
cooper-api.com,cooper-api.com,1,
corelightai.com,corelightai.com,1,
corenode.best,corenode.best,1,
cowcode.top,cowcode.top,1,
crazyrouter.com,crazyrouter.com,1,
creatraai.cn,creatraai.cn,1,
crossmodel.ai,crossmodel.ai,1,
cubence.com,cubence.com,1,
cuberouter.ai,cuberouter.ai,1,
cwapi.vip,cwapi.vip,1,
d2capi.com,d2capi.com,1,
d5wa.com,d5wa.com,1,
daidaibird.top,daidaibird.top,1,
dailytokencloud.top,dailytokencloud.top,1,
dakeai.cc,dakeai.cc,1,
damiai.pro,damiai.pro,1,
daodunapi.com,daodunapi.com,1,
dapicloud.com,dapicloud.com,1,
darkrouter.ai,darkrouter.ai,1,
dashupp.xin,dashupp.xin,1,
dasuapi.com,dasuapi.com,1,
dawclaudecode.com,dawclaudecode.com,1,
dbanalyst.ai,dbanalyst.ai,1,
dddai.dev,dddai.dev,1,
ddshub.cc,ddshub.cc,1,
de5.net,de5.net,1,
dealise.xyz,dealise.xyz,1,
dedicatedtoken.com,dedicatedtoken.com,1,
deepask.chat,deepask.chat,1,
deepestcode.com,deepestcode.com,1,
deeprelayapi.cloud,deeprelayapi.cloud,1,
deeprouter.top,deeprouter.top,1,
deepseek-api.com.cn,deepseek-api.com.cn,1,
deerapi.com,deerapi.com,1,
derouter.ai,derouter.ai,1,
dgbmc.top,dgbmc.top,1,
discordtool.vip,discordtool.vip,1,
dit.ai,dit.ai,1,
dmxapi.cn,dmxapi.cn,1,
dmxapi.com,dmxapi.com,1,
dohoya.com,dohoya.com,1,
dongli.work,dongli.work,1,
dongtoken.com,dongtoken.com,1,
doroai.xyz,doroai.xyz,1,
douke.chat,douke.chat,1,
dpapi.cn,dpapi.cn,1,
dpdns.org,dpdns.org,1,
dstopology.com,dstopology.com,1,
dubhehub.com,dubhehub.com,1,
duckcode.cn,duckcode.cn,1,
duckcoding.ai,duckcoding.ai,1,
dumplingai.com,dumplingai.com,1,
duou.ai,duou.ai,1,
dxnt.com,dxnt.com,1,
dzzi.ai,dzzi.ai,1,
easy-token.com,easy-token.com,1,
easyrouter.io,easyrouter.io,1,
ebutterfly.cc,ebutterfly.cc,1,
eccoapi.com,eccoapi.com,1,
echowynapi.xyz,echowynapi.xyz,1,
ecovai.cn,ecovai.cn,1,
edenai.co,edenai.co,1,
eirouter.com,eirouter.com,1,
ejkoy.com,ejkoy.com,1,
ekan8.com,ekan8.com,1,
electronhub.ai,electronhub.ai,1,
enjoyapi.cc,enjoyapi.cc,1,
ergouapi.com,ergouapi.com,1,
eronmind.com,eronmind.com,1,
eu.cc,eu.cc,1,
eu.org,eu.org,1,
eurouter.ai,eurouter.ai,1,
euzhi.com,euzhi.com,1,
evolink.ai,evolink.ai,1,
exe.xyz,exe.xyz,1,
fastcc.ai,fastcc.ai,1,
fastrouter.ai,fastrouter.ai,1,
featherless.ai,featherless.ai,1,
feng.cx,feng.cx,1,
ffir.cn,ffir.cn,1,
findcg.com,findcg.com,1,
firstapi.top,firstapi.top,1,
fishxcode.com,fishxcode.com,1,
fkclaude.xyz,fkclaude.xyz,1,
fksuda.xyz,fksuda.xyz,1,
flashapi.top,flashapi.top,1,
flowapi.fun,flowapi.fun,1,
fluxnode.org,fluxnode.org,1,
fluxtoken.ai,fluxtoken.ai,1,
franklybuilds.com,franklybuilds.com,1,
freeairouter.com,freeairouter.com,1,
freemodel.dev,freemodel.dev,1,
freetokenrouter.cn,freetokenrouter.cn,1,
frogbot.ai,frogbot.ai,1,
frontier-intelligence.tech,frontier-intelligence.tech,1,
fucheers.top,fucheers.top,1,
fuhuacloud.ai,fuhuacloud.ai,1,
fullrouter.com,fullrouter.com,1,
funnyskill.com,funnyskill.com,1,
furryforum.com,furryforum.com,1,
futurmix.ai,futurmix.ai,1,
fuxingapi.com,fuxingapi.com,1,
gantriq.cc,gantriq.cc,1,
gateone.ai,gateone.ai,1,
gatewayapi.ai,gatewayapi.ai,1,
gee-do.com,gee-do.com,1,
geeknow.ai,geeknow.ai,1,
gemai.cc,gemai.cc,1,
geminiapi.ai,geminiapi.ai,1,
getclawapi.top,getclawapi.top,1,
getezclaw.com,getezclaw.com,1,
getgoapi.com,getgoapi.com,1,
getllm.ai,getllm.ai,1,
getunikey.ai,getunikey.ai,1,
ggff.net,ggff.net,1,
ggrokheavy.xyz,ggrokheavy.xyz,1,
github.io,github.io,1,
give2u.xyz,give2u.xyz,1,
globalai.vip,globalai.vip,1,
goapis.vip,goapis.vip,1,
gogoapi.cloud,gogoapi.cloud,1,
gogogotoken.ai,gogogotoken.ai,1,
gpt-load.com,gpt-load.com,1,
gpt-pool.com,gpt-pool.com,1,
gptbest.vip,gptbest.vip,1,
gpteamservices.com,gpteamservices.com,1,
gptnb.ai,gptnb.ai,1,
gptoai.top,gptoai.top,1,
growupapi.ltd,growupapi.ltd,1,
guagua.uk,guagua.uk,1,
guardentry.ai,guardentry.ai,1,
gzxsy.vip,gzxsy.vip,1,
h-e.top,h-e.top,1,
hack3rx.cn,hack3rx.cn,1,
hajisong.top,hajisong.top,1,
hangzhale.com,hangzhale.com,1,
hao.ai,hao.ai,1,
haotokai.com,haotokai.com,1,
hapuppy.com,hapuppy.com,1,
hboom.ai,hboom.ai,1,
hehuole.fun,hehuole.fun,1,
helicone.ai,helicone.ai,1,
helpcoder.cc,helpcoder.cc,1,
hemaapi.cc,hemaapi.cc,1,
hepingan.top,hepingan.top,1,
heykey.ai,heykey.ai,1,
hhnto.top,hhnto.top,1,
hlool.top,hlool.top,1,
hohoapi.com,hohoapi.com,1,
holamexicali.com,holamexicali.com,1,
holdai.top,holdai.top,1,
holdzywoo.top,holdzywoo.top,1,
hook.rs,hook.rs,1,
hottoken.ai,hottoken.ai,1,
howlife.cc,howlife.cc,1,
hslife.fun,hslife.fun,1,
huanyuai.net,huanyuai.net,1,
hubllm.cn,hubllm.cn,1,
huhuai.xyz,huhuai.xyz,1,
huiliuapi.com,huiliuapi.com,1,
huoxingapi.com,huoxingapi.com,1,
hyperapi.cc,hyperapi.cc,1,
hypereal.cloud,hypereal.cloud,1,
i4um.com,i4um.com,1,
iacc.cc,iacc.cc,1,
iaigc.fun,iaigc.fun,1,
icreat.ai,icreat.ai,1,
ikun666.xyz,ikun666.xyz,1,
ikuncode.cc,ikuncode.cc,1,
indotoken.ai,indotoken.ai,1,
indrin.cn,indrin.cn,1,
infai.cc,infai.cc,1,
infistar.ai,infistar.ai,1,
it.com,it.com,1,
itstudio.club,itstudio.club,1,
jbbtoken.cn,jbbtoken.cn,1,
jianxiaozhi.chat,jianxiaozhi.chat,1,
jianzhile.vip,jianzhile.vip,1,
jiekou.ai,jiekou.ai,1,
jmaivip.com,jmaivip.com,1,
jmrai.net,jmrai.net,1,
jmyr.net,jmyr.net,1,
jojocode.com,jojocode.com,1,
judianai.com,judianai.com,1,
juesiapi.top,juesiapi.top,1,
juhes.com,juhes.com,1,
junjun.site,junjun.site,1,
kelaiapi.cc,kelaiapi.cc,1,
kelongde.com,kelongde.com,1,
kie.ai,kie.ai,1,
kissapi.ai,kissapi.ai,1,
kittyapi.xyz,kittyapi.xyz,1,
kividas.com,kividas.com,1,
kksj.org,kksj.org,1,
knox.chat,knox.chat,1,
koalaapi.com,koalaapi.com,1,
kopiaiagent.com,kopiaiagent.com,1,
koyeb.app,koyeb.app,1,
krizai.ai,krizai.ai,1,
kuaiaiapi.com,kuaiaiapi.com,1,
kuaihuiai.com,kuaihuiai.com,1,
kun8.vip,kun8.vip,1,
kunavo.com,kunavo.com,1,
kunpengyr.xyz,kunpengyr.xyz,1,
langziapi.online,langziapi.online,1,
lanxiu.cc,lanxiu.cc,1,
laozhang.ai,laozhang.ai,1,
lcodex.cn,lcodex.cn,1,
lconai.com,lconai.com,1,
learn-ai.top,learn-ai.top,1,
leleweb.cn,leleweb.cn,1,
li-token.com,li-token.com,1,
liandanxia.io,liandanxia.io,1,
lienoo.cn,lienoo.cn,1,
lilililwan.xyz,lilililwan.xyz,1,
limiao.net,limiao.net,1,
lingcoreai.com,lingcoreai.com,1,
lingshuai.cc,lingshuai.cc,1,
lingsuan.top,lingsuan.top,1,
lingyaai.cn,lingyaai.cn,1,
link-ai.cc,link-ai.cc,1,
linkai.shop,linkai.shop,1,
linkapi.ai,linkapi.ai,1,
linoapi.com.cn,linoapi.com.cn,1,
ljww.asia,ljww.asia,1,
lkyujun.cn,lkyujun.cn,1,
ll9e.cn,ll9e.cn,1,
llm-agent.cc,llm-agent.cc,1,
llm-token.cn,llm-token.cn,1,
llmapi.pro,llmapi.pro,1,
llmgate.io,llmgate.io,1,
llmgw.cn,llmgw.cn,1,
llmhub.app,llmhub.app,1,
llmhub.com.cn,llmhub.com.cn,1,
llmoxy.com,llmoxy.com,1,
longshang.pro,longshang.pro,1,
loopllama.ai,loopllama.ai,1,
loptu.net,loptu.net,1,
lowertoken.cn,lowertoken.cn,1,
loyal-agent.ai,loyal-agent.ai,1,
lqapi.cc,lqapi.cc,1,
ltcraft.cn,ltcraft.cn,1,
ltvip.org,ltvip.org,1,
luccc.uk,luccc.uk,1,
lucen.cc,lucen.cc,1,
luchikey.com,luchikey.com,1,
luckyapi.chat,luckyapi.chat,1,
lulurouter.com,lulurouter.com,1,
lumibest.cc,lumibest.cc,1,
luminai.cc,luminai.cc,1,
lumiya.vip,lumiya.vip,1,
lxtech.icu,lxtech.icu,1,
lyjxka.top,lyjxka.top,1,
lyrid.cn,lyrid.cn,1,
magic666.top,magic666.top,1,
maiqilingai.com,maiqilingai.com,1,
manbouapi.com,manbouapi.com,1,
maoleio.cn,maoleio.cn,1,
maoyulin.xyz,maoyulin.xyz,1,
marting.pro,marting.pro,1,
maryandthedot.com,maryandthedot.com,1,
maton.ai,maton.ai,1,
maxai.asia,maxai.asia,1,
maxapi.ai,maxapi.ai,1,
maya.today,maya.today,1,
mayaa.com.cn,mayaa.com.cn,1,
mbapi.top,mbapi.top,1,
mdbox.ai,mdbox.ai,1,
meeyo.org,meeyo.org,1,
megallm.io,megallm.io,1,
mentoe.com,mentoe.com,1,
metachat.work,metachat.work,1,
metoken.ai,metoken.ai,1,
mfate.cn,mfate.cn,1,
miaolici.top,miaolici.top,1,
miaoma.ai,miaoma.ai,1,
miaomiaocode.com,miaomiaocode.com,1,
micuapi.ai,micuapi.ai,1,
middlekingdom.cc,middlekingdom.cc,1,
mikucode.xyz,mikucode.xyz,1,
minicod.com,minicod.com,1,
minimaxi.com,minimaxi.com,1,
minitoken.top,minitoken.top,1,
mitchll.com,mitchll.com,1,
mixroute.ai,mixroute.ai,1,
mkeai.com,mkeai.com,1,
mmaqq.top,mmaqq.top,1,
mmw.ink,mmw.ink,1,
mnapi.com,mnapi.com,1,
moark.ai,moark.ai,1,
modcon.top,modcon.top,1,
model-port.xyz,model-port.xyz,1,
modelapi.co,modelapi.co,1,
modelbeat.ai,modelbeat.ai,1,
modelcode.one,modelcode.one,1,
modelpier.ai,modelpier.ai,1,
modernmt.com,modernmt.com,1,
mofas.one,mofas.one,1,
moleapi.com,moleapi.com,1,
mondon.ai,mondon.ai,1,
mongodb.org,mongodb.org,1,
mooko.ai,mooko.ai,1,
moometalink.com,moometalink.com,1,
moonlm.com,moonlm.com,1,
morphllm.com,morphllm.com,1,
mosshubs.com,mosshubs.com,1,
moyuu.cc,moyuu.cc,1,
mr68ai.cn,mr68ai.cn,1,
mstoken.vip,mstoken.vip,1,
muskapi.cc,muskapi.cc,1,
mvptk.top,mvptk.top,1,
mxyhi.com,mxyhi.com,1,
myaitoken.com.cn,myaitoken.com.cn,1,
mytokenpi.com,mytokenpi.com,1,
mzlone.top,mzlone.top,1,
n1n.ai,n1n.ai,1,
naitok.ai,naitok.ai,1,
name1.ai,name1.ai,1,
nameyn.shop,nameyn.shop,1,
nbapi.cc,nbapi.cc,1,
nbility.dev,nbility.dev,1,
nbp.lol,nbp.lol,1,
nekoapi.com,nekoapi.com,1,
nekocode.ai,nekocode.ai,1,
neokoaigc.com,neokoaigc.com,1,
neonartai.com,neonartai.com,1,
newzone.top,newzone.top,1,
nexaxis.ai,nexaxis.ai,1,
nexrouter.io,nexrouter.io,1,
nextoken.online,nextoken.online,1,
nexusapi.cn,nexusapi.cn,1,
nicetoone.com,nicetoone.com,1,
nikoapi.xyz,nikoapi.xyz,1,
niucode.fun,niucode.fun,1,
niudunbujige.cn,niudunbujige.cn,1,
nodapi.com,nodapi.com,1,
nodebyt.com,nodebyt.com,1,
nqapi.cn,nqapi.cn,1,
nuwaapi.com,nuwaapi.com,1,
oai2api.com,oai2api.com,1,
octoken.com.cn,octoken.com.cn,1,
octopusx.ai,octopusx.ai,1,
officesai.top,officesai.top,1,
ofox.ai,ofox.ai,1,
ogog.ai,ogog.ai,1,
oiov.dev,oiov.dev,1,
oneai.cc,oneai.cc,1,
oneapi.host,oneapi.host,1,
onebound.cn,onebound.cn,1,
onecheckout.ai,onecheckout.ai,1,
onehop.ai,onehop.ai,1,
onekeymodel.com,onekeymodel.com,1,
onerouter.cn,onerouter.cn,1,
onerouter1688.com,onerouter1688.com,1,
onetoken.one,onetoken.one,1,
onlyrouter.ai,onlyrouter.ai,1,
onrender.com,onrender.com,1,
ope.ai,ope.ai,1,
openaeon.ai,openaeon.ai,1,
openai-ch.top,openai-ch.top,1,
openai-labs.com,openai-labs.com,1,
openai-up.com,openai-up.com,1,
openclaudecode.cn,openclaudecode.cn,1,
openclawroot.com,openclawroot.com,1,
openiapi.com,openiapi.com,1,
openminis.app,openminis.app,1,
openmux.ai,openmux.ai,1,
openox.tech,openox.tech,1,
openrouter.team,openrouter.team,1,
opentk.ai,opentk.ai,1,
openxs.top,openxs.top,1,
opper.ai,opper.ai,1,
owlai.tech,owlai.tech,1,
oxandhorse.site,oxandhorse.site,1,
oxycode.net,oxycode.net,1,
packyapi.com,packyapi.com,1,
pantao.asia,pantao.asia,1,
paopaoapi.com,paopaoapi.com,1,
perfxlab.cn,perfxlab.cn,1,
pixelmuse.shop,pixelmuse.shop,1,
playclaude.xyz,playclaude.xyz,1,
plushub.ai,plushub.ai,1,
poixe.com,poixe.com,1,
poooai.com,poooai.com,1,
poyo.ai,poyo.ai,1,
ppchat.vip,ppchat.vip,1,
pptoken.org,pptoken.org,1,
ppword.cn,ppword.cn,1,
prismapi.site,prismapi.site,1,
pro365.top,pro365.top,1,
proxy2it.com,proxy2it.com,1,
proxystacks.com,proxystacks.com,1,
publora.com,publora.com,1,
puter.com,puter.com,1,
qhaigc.net,qhaigc.net,1,
qianxing.pro,qianxing.pro,1,
qilingai.net,qilingai.net,1,
qingshanapi.com,qingshanapi.com,1,
qingxumall.com,qingxumall.com,1,
qingyuntop.top,qingyuntop.top,1,
qinzhiai.com,qinzhiai.com,1,
qiuqiutoken.com,qiuqiutoken.com,1,
qixing1217.top,qixing1217.top,1,
qiyiguo.uk,qiyiguo.uk,1,
qlhazycoder.top,qlhazycoder.top,1,
quickquickai.com,quickquickai.com,1,
qwqtao.one,qwqtao.one,1,
qzz.io,qzz.io,1,
rapidapi.com,rapidapi.com,1,
rcouyi.com,rcouyi.com,1,
realmrouter.cn,realmrouter.cn,1,
relaydance.com,relaydance.com,1,
renrenai.chat,renrenai.chat,1,
rewind.ai,rewind.ai,1,
right.codes,right.codes,1,
rinkoai.com,rinkoai.com,1,
rinnepro.tech,rinnepro.tech,1,
riserouter.ai,riserouter.ai,1,
riyuexy.cc,riyuexy.cc,1,
rkai6.com,rkai6.com,1,
rootflowai.com,rootflowai.com,1,
route-agent.com,route-agent.com,1,
routeall.ai,routeall.ai,1,
routeeasy.ai,routeeasy.ai,1,
routeplane.ai,routeplane.ai,1,
rpg8.cn,rpg8.cn,1,
rtoc.cc,rtoc.cc,1,
ruapi.ai,ruapi.ai,1,
runapi.ai,runapi.ai,1,
runapi.co,runapi.co,1,
runware.ai,runware.ai,1,
sadai.top,sadai.top,1,
safeapi.vip,safeapi.vip,1,
sakana.ai,sakana.ai,1,
samyu15.com,samyu15.com,1,
sbbbbbbbbb.xyz,sbbbbbbbbb.xyz,1,
scam.ai,scam.ai,1,
schyler.top,schyler.top,1,
sevnx.one,sevnx.one,1,
shareapi.ai,shareapi.ai,1,
shen-ai-xie.ai,shen-ai-xie.ai,1,
shheng.xyz,shheng.xyz,1,
shisuanai.com,shisuanai.com,1,
shiyutv.cn,shiyutv.cn,1,
shubiaobiao.com,shubiaobiao.com,1,
silkapi.com,silkapi.com,1,
sjapi.top,sjapi.top,1,
skillto.ai,skillto.ai,1,
skyapi.org,skyapi.org,1,
smartaipro.cn,smartaipro.cn,1,
soruxgpt.com,soruxgpt.com,1,
sourcesdata.com,sourcesdata.com,1,
sparkcode.top,sparkcode.top,1,
spritnest.com,spritnest.com,1,
squarefaceicon.org,squarefaceicon.org,1,
ssgoo.net,ssgoo.net,1,
ssopen.top,ssopen.top,1,
sssaicode.com,sssaicode.com,1,
sta1n.cn,sta1n.cn,1,
starstartai.com,starstartai.com,1,
starveri.net,starveri.net,1,
subgate.io,subgate.io,1,
subisle.cc,subisle.cc,1,
subrouter.ai,subrouter.ai,1,
subtoken.vip,subtoken.vip,1,
suchuang.vip,suchuang.vip,1,
sudobug.top,sudobug.top,1,
sui-xiang.com,sui-xiang.com,1,
summerapi.com,summerapi.com,1,
sunskii.com,sunskii.com,1,
sunyears.com,sunyears.com,1,
superaiapi.com,superaiapi.com,1,
superapi.buzz,superapi.buzz,1,
supermemory.ai,supermemory.ai,1,
supermoxi.top,supermoxi.top,1,
switchbase.vip,switchbase.vip,1,
sychatplus.cc,sychatplus.cc,1,
t-hub.cc,t-hub.cc,1,
tallius.ai,tallius.ai,1,
taluna.ai,taluna.ai,1,
tcdmx.com,tcdmx.com,1,
teai.io,teai.io,1,
telenow.ai,telenow.ai,1,
tencentcloudmaas.com,tencentcloudmaas.com,1,
tengd.site,tengd.site,1,
tenwayclaw.com,tenwayclaw.com,1,
terminal.pub,terminal.pub,1,
tetrate.ai,tetrate.ai,1,
therouter.ai,therouter.ai,1,
thestocklist.site,thestocklist.site,1,
thousandengine.com,thousandengine.com,1,
threadzy.ai,threadzy.ai,1,
tian-shu.org,tian-shu.org,1,
tiantianai.pro,tiantianai.pro,1,
tieapi.com,tieapi.com,1,
timebackward.com,timebackward.com,1,
timesniper.club,timesniper.club,1,
timicc.com,timicc.com,1,
timyai.com,timyai.com,1,
tmlab.store,tmlab.store,1,
to2dog.top,to2dog.top,1,
tocodex.com,tocodex.com,1,
tokaify.com,tokaify.com,1,
token.mg,token.mg,1,
tokencall.cn,tokencall.cn,1,
tokencheap.ai,tokencheap.ai,1,
tokencraft.cc,tokencraft.cc,1,
tokendepot.vip,tokendepot.vip,1,
tokendodo.ai,tokendodo.ai,1,
tokeness.cn,tokeness.cn,1,
tokeneum.ai,tokeneum.ai,1,
tokenflux.dev,tokenflux.dev,1,
tokenget.ai,tokenget.ai,1,
tokenhai.com,tokenhai.com,1,
tokenhot.cn,tokenhot.cn,1,
tokenhub.com,tokenhub.com,1,
tokenktv.com,tokenktv.com,1,
tokenlb.net,tokenlb.net,1,
tokenmix.ai,tokenmix.ai,1,
tokennexus.vip,tokennexus.vip,1,
tokenonly.ai,tokenonly.ai,1,
tokenopen.ai,tokenopen.ai,1,
tokenrouter.com,tokenrouter.com,1,
tokenshen.top,tokenshen.top,1,
tokensolo.com,tokensolo.com,1,
tokenvalley.ai,tokenvalley.ai,1,
tokenzz.cc,tokenzz.cc,1,
toknex.ai,toknex.ai,1,
tongapi.com,tongapi.com,1,
toolcode.top,toolcode.top,1,
torchai.ai,torchai.ai,1,
tracup.com,tracup.com,1,
traxnode.com,traxnode.com,1,
treerouter.com,treerouter.com,1,
trendsetting-ai.com,trendsetting-ai.com,1,
trumpapi.ai,trumpapi.ai,1,
trustapi.app,trustapi.app,1,
trustedrouter.com,trustedrouter.com,1,
tryaiapi.com,tryaiapi.com,1,
tryallai.com,tryallai.com,1,
tsbys.com,tsbys.com,1,
ttop5.cc,ttop5.cc,1,
tu-zi.com,tu-zi.com,1,
turiloop.com,turiloop.com,1,
twentytwohundred.ai,twentytwohundred.ai,1,
twgom.com,twgom.com,1,
ugf.cc,ugf.cc,1,
uglycat.cc,uglycat.cc,1,
uibeai.com,uibeai.com,1,
uiuiapi.com,uiuiapi.com,1,
undyingapi.com,undyingapi.com,1,
uniapi.ai,uniapi.ai,1,
uniprep.world,uniprep.world,1,
unity2.ai,unity2.ai,1,
unorouter.ai,unorouter.ai,1,
uocode.com,uocode.com,1,
usclaude.us,usclaude.us,1,
uu6.top,uu6.top,1,
uuapi.net,uuapi.net,1,
uucode.org,uucode.org,1,
uuroute.ai,uuroute.ai,1,
vantapi.com,vantapi.com,1,
vectorengine.ai,vectorengine.ai,1,
velahub.ai,velahub.ai,1,
velokey.ai,velokey.ai,1,
veloraapi.com,veloraapi.com,1,
venlacy.com,venlacy.com,1,
vera-hub.ai,vera-hub.ai,1,
vibecodingapi.ai,vibecodingapi.ai,1,
visionati.com,visionati.com,1,
vllm.ai,vllm.ai,1,
voyageage.com,voyageage.com,1,
vpszdm.com,vpszdm.com,1,
vsllm.com,vsllm.com,1,
vvcode.top,vvcode.top,1,
wagbrio.com,wagbrio.com,1,
wangmin.xyz,wangmin.xyz,1,
wangxiangai.org,wangxiangai.org,1,
web3router.ai,web3router.ai,1,
webchannel.ai,webchannel.ai,1,
weimeta.ai,weimeta.ai,1,
weimeta.cn,weimeta.cn,1,
wellapi.ai,wellapi.ai,1,
wenwen-ai.com,wenwen-ai.com,1,
wetoken.one,wetoken.one,1,
whlemon.cn,whlemon.cn,1,
whyyapi.com,whyyapi.com,1,
willapi.one,willapi.one,1,
winrouter.ai,winrouter.ai,1,
wkapi.club,wkapi.club,1,
wochirou.com,wochirou.com,1,
wolfai.top,wolfai.top,1,
worldbase.ai,worldbase.ai,1,
worldrouter.ai,worldrouter.ai,1,
wowcode.cc,wowcode.cc,1,
wox.lol,wox.lol,1,
wula.mom,wula.mom,1,
wushuangai.com,wushuangai.com,1,
xaix.me,xaix.me,1,
xb1520.com,xb1520.com,1,
xbhuiz.com,xbhuiz.com,1,
xbingo.xin,xbingo.xin,1,
xcode.best,xcode.best,1,
xeduapi.com,xeduapi.com,1,
xem8k5.top,xem8k5.top,1,
xezn.org,xezn.org,1,
xfyun.cn,xfyun.cn,1,
xi-ai.cn,xi-ai.cn,1,
xiangjun.pw,xiangjun.pw,1,
xiaoclaw.com,xiaoclaw.com,1,
xiaoruiapi.cc,xiaoruiapi.cc,1,
xiaoyo.cn,xiaoyo.cn,1,
xiaoyue9527.xyz,xiaoyue9527.xyz,1,
xinggangai.com,xinggangai.com,1,
xinglianapi.com,xinglianapi.com,1,
xinyuanai666.com,xinyuanai666.com,1,
xinyun.ai,xinyun.ai,1,
xlyun.pro,xlyun.pro,1,
xmapi.com.cn,xmapi.com.cn,1,
xn--15q04w3tg4kio0a.com,xn--15q04w3tg4kio0a.com,1,
xpoz.ai,xpoz.ai,1,
xt-url.com,xt-url.com,1,
xtoken.xin,xtoken.xin,1,
xty.app,xty.app,1,
xuanduai.com,xuanduai.com,1,
xunhupay.com,xunhupay.com,1,
xunhuweb.com,xunhuweb.com,1,
xwrip.top,xwrip.top,1,
xxxxtoken.com,xxxxtoken.com,1,
xy-chat.xyz,xy-chat.xyz,1,
xyapi.io,xyapi.io,1,
xybbz.xyz,xybbz.xyz,1,
xyc.ai,xyc.ai,1,
ycvip.net,ycvip.net,1,
ycvvip.net,ycvvip.net,1,
ycyapi.cn,ycyapi.cn,1,
yes.vg,yes.vg,1,
yhapiplatform.com,yhapiplatform.com,1,
yibuapi.com,yibuapi.com,1,
yijiarj.cn,yijiarj.cn,1,
yikoulian.cc,yikoulian.cc,1,
yixia.ai,yixia.ai,1,
yixintoken.com,yixintoken.com,1,
ykh.ai,ykh.ai,1,
yooart.top,yooart.top,1,
yooyai.cc,yooyai.cc,1,
youkies.space,youkies.space,1,
youqi.ai,youqi.ai,1,
youqi.tech,youqi.tech,1,
yout.chat,yout.chat,1,
yuai.space,yuai.space,1,
yuanzhi.icu,yuanzhi.icu,1,
yuedongapi.top,yuedongapi.top,1,
yuegle.com,yuegle.com,1,
yun618.top,yun618.top,1,
yundu.lat,yundu.lat,1,
yunserver.cn,yunserver.cn,1,
yunshuaiapi.com,yunshuaiapi.com,1,
yunzhiapi.cn,yunzhiapi.cn,1,
yxai.chat,yxai.chat,1,
yxaiapp.com,yxaiapp.com,1,
yyc.lat,yyc.lat,1,
yysc.top,yysc.top,1,
zaimaai.cn,zaimaai.cn,1,
zaiwen.top,zaiwen.top,1,
zen-ai.top,zen-ai.top,1,
zernio.com,zernio.com,1,
zerocode.sbs,zerocode.sbs,1,
zetaapi.ai,zetaapi.ai,1,
zhangyuapi.com,zhangyuapi.com,1,
zhansi.top,zhansi.top,1,
zhengshuyun.net,zhengshuyun.net,1,
zhinengfugu.cn,zhinengfugu.cn,1,
zhtec.xyz,zhtec.xyz,1,
zhumengwangluo.top,zhumengwangluo.top,1,
zivv.pro,zivv.pro,1,
ziyeapi.com,ziyeapi.com,1,
zjt66.top,zjt66.top,1,
zxai.work,zxai.work,1,
zxiaoruan.cn,zxiaoruan.cn,1,
zzshu.cc,zzshu.cc,1,
