site_key,stack_family,framework_raw,tld,signal_tier,enriched,hosting,ip_country,has_privacy,icp_filing,operator_id,cluster_size
0029.org,sub2api,sub2api,org,C_framework+content,no,,,,,0029.org,1
050602.xyz,one-api-family,"Cloudflare, React, NewAPI",xyz,,yes,Cloudflare,Canada,有,,050602.xyz,1
10dianai.com,one-api-family,new-api/one-api系,com,A_api_status,no,,,,,10dianai.com,1
112102.xyz,one-api-family,new-api/one-api系,xyz,A_api_status,no,,,,,112102.xyz,1
121628.xyz,one-api-family,new-api/one-api系,xyz,A_api_status,no,,,,,121628.xyz,1
123nhh.com,one-api-family,new-api/one-api系,com,A_api_status,no,,,,,123nhh.com,1
123nhh.xyz,one-api-family,new-api/one-api系,xyz,A_api_status,no,,,,,123nhh.xyz,1
12ai.org,one-api-family,new-api/one-api系,org,A_api_status,no,,,,,12ai.org,1
132999.xyz,one-api-family,new-api/one-api系,xyz,A_api_status,no,,,,,132999.xyz,1
147ai.cn,one-api-family,new-api/one-api系,cn,A_api_status,no,,,,,147ai.cn,2
147ai.com,one-api-family,new-api/one-api系,com,A_api_status,no,,,,,147ai.cn,2
17nas.com,one-api-family,new-api/one-api系,com,A_api_status,yes,Cloudflare,Canada,无,,17nas.com,1
180txt.cn,one-api-family,new-api/one-api系,cn,A_api_status,no,,,,,180txt.cn,1
1xm.ai,one-api-family,new-api/one-api系,ai,A_api_status,yes,Cloudflare,Canada,有,,1xm.ai,1
2020111.xyz,one-api-family,new-api/one-api系,xyz,A_api_status,no,,,,,2020111.xyz,1
242243.xyz,one-api-family,new-api/one-api系,xyz,A_api_status,no,,,,,242243.xyz,1
361888.xyz,one-api-family,new-api/one-api系,xyz,A_api_status,no,,,,,361888.xyz,1
4399ai.cn,one-api-family,new-api/one-api系,cn,A_api_status,no,,,,,4399ai.cn,1
4router.net,one-api-family,new-api/one-api系,net,A_api_status,no,,,,,4router.net,1
4sapi.com,one-api-family,new-api/one-api系,com,A_api_status,no,,,,,4sapi.com,2
4sapi.net,one-api-family,new-api/one-api系,net,A_api_status,no,,,,,4sapi.com,2
4zapi.com,one-api-family,new-api/one-api系,com,A_api_status,no,,,,,4zapi.com,1
52ccl.cn,one-api-family,new-api/one-api系,cn,A_api_status,no,,,,,52ccl.cn,1
52mx.net,one-api-family,new-api/one-api系,net,A_api_status,no,,,,,52mx.net,1
580ai.net,one-api-family,new-api/one-api系,net,A_api_status,no,,,,,580ai.net,1
5cookie.cc,one-api-family,new-api/one-api系,cc,A_api_status,yes,VMISS Inc.,United States,无,,5cookie.cc,1
66ai.ai,one-api-family,new-api/one-api系,ai,A_api_status,no,,,,,66ai.ai,1
724codes.com,unlabeled,Vue,com,,yes,Data Communication Business Gr,Taiwan,有,,724codes.com,1
777114.xyz,one-api-family,new-api/one-api系,xyz,A_api_status,no,,,,,777114.xyz,1
777358.xyz,one-api-family,new-api/one-api系,xyz,A_api_status,no,,,,,777358.xyz,1
78code.cc,one-api-family,new-api/one-api系,cc,A_api_status,no,,,,,78code.cc,1
7x.hk,one-api-family,new-api/one-api系,hk,A_api_status,no,,,,,7x.hk,1
8864k.com,one-api-family,new-api/one-api系,com,A_api_status,no,,,,,8864k.com,1
88api.chat,one-api-family,new-api/one-api系,chat,A_api_status,no,,,,,88api.chat,1
8yes.cc,one-api-family,new-api/one-api系,cc,A_api_status,no,,,,,8yes.cc,1
91router.ai,one-api-family,new-api/one-api系,ai,A_api_status,no,,,,,91router.ai,1
9527code.com,one-api-family,new-api/one-api系,com,A_api_status,yes,Cloudflare,Canada,有,,9527code.com,1
992236.xyz,one-api-family,new-api/one-api系,xyz,A_api_status,no,,,,,992236.xyz,1
996444.cn,one-api-family,new-api/one-api系,cn,A_api_status,no,,,,,996444.cn,1
999554.xyz,one-api-family,new-api/one-api系,xyz,A_api_status,no,,,,,999554.xyz,1
a1r.cc,one-api-family,new-api/one-api系,cc,A_api_status,no,,,,,a1r.cc,1
a6api.com,one-api-family,new-api/one-api系,com,A_api_status,no,,,,,a6api.com,1
a8.hk,one-api-family,new-api/one-api系,hk,A_api_status,no,,,,,a8.hk,3
aaatoken.cn,one-api-family,new-api/one-api系,cn,A_api_status,yes,Hangzhou Alibaba Advertising C,China,无,,aaatoken.cn,1
aabao.vip,one-api-family,new-api/one-api系,vip,A_api_status,no,,,,,aabao.vip,1
abacus.ai,one-api-family,one-api,ai,C_framework+content,no,,,,,abacus.ai,1
abcrelay.com,one-api-family,new-api/one-api系,com,A_api_status,no,,,,,abcrelay.com,1
ablai.top,one-api-family,new-api/one-api系,top,A_api_status,no,,,,,ablai.top,1
affordableaiapi.com,one-api-family,new-api/one-api系,com,A_api_status,no,,,,,affordableaiapi.com,1
africarouter.ai,one-api-family,one-api,ai,C_framework+content,no,,,,,africarouter.ai,1
agentrouter.org,one-api-family,new-api/one-api系,org,A_api_status,no,,,,,agentrouter.org,1
ai-gaochao.cn,one-api-family,new-api/one-api系,cn,A_api_status,no,,,,,ai-gaochao.cn,2
ai-openclaw.one,one-api-family,new-api/one-api系,one,A_api_status,no,,,,,ai-openclaw.one,1
ai-szzx.online,unlabeled,Nginx,online,,yes,Shenzhen Tencent Computer Syst,China,有,,ai-szzx.online,2
ai-wave.org,one-api-family,new-api/one-api系,org,A_api_status,no,,,,,ai-wave.org,1
ai-yyds.com,one-api-family,new-api/one-api系,com,A_api_status,no,,,,,ai-yyds.com,1
ai.cc,one-api-family,one-api,cc,C_framework+content,no,,,,,ai.cc,1
ai123.one,one-api-family,new-api/one-api系,one,A_api_status,no,,,,,ai123.one,1
aiapi.world,unlabeled,Nginx,world,,yes,Alibaba (US) Technology Co.,Hong Kong,有,,aiapi.world,1
aiapidoctor.com,one-api-family,new-api,com,C_framework+content,no,,,,,aiapidoctor.com,1
aiapify.com,one-api-family,new-api/one-api系,com,A_api_status,yes,Alibaba (US) Technology Co.,Hong Kong,有,,aiapify.com,1
aiapipk.com,one-api-family,one-api,com,C_framework+content,no,,,,,aiapipk.com,1
aiapis.io,unlabeled,"Cloudflare, Vue",io,,yes,Cloudflare,Canada,有,,aiapis.io,1
aiartmirror.com,one-api-family,new-api/one-api系,com,A_api_status,no,,,,,aiartmirror.com,1
aiberm.com,one-api-family,new-api/one-api系,com,A_api_status,yes,Amazon.com,United States,有,,aiberm.com,1
aibinghe.xyz,unlabeled,"Nginx, Vue",xyz,,yes,NetLab Global,Hong Kong,有,,aibinghe.xyz,1
aicc0.com,one-api-family,new-api/one-api系,com,A_api_status,no,,,,,aicc0.com,1
aicodemirror.com,unlabeled,Cloudflare,com,,yes,Cloudflare,Canada,无,,aicodemirror.com,1
aieania.tech,unlabeled,"Nginx, Vue",tech,,yes,Tencent Building,United States,有,,aieania.tech,1
aiearth.dev,one-api-family,new-api/one-api系,dev,A_api_status,no,,,,,aiearth.dev,1
aiflowhub.ai,one-api-family,new-api/one-api系,ai,A_api_status,no,,,,,aiflowhub.ai,1
aifoxspa.com,one-api-family,new-api/one-api系,com,A_api_status,no,,,,,aifoxspa.com,1
aigc2d.com,one-api-family,new-api/one-api系,com,A_api_status,no,,,,,aigc2d.com,1
aigc456.top,one-api-family,new-api/one-api系,top,A_api_status,no,,,,,aigc456.top,2
aigcbest.top,one-api-family,new-api/one-api系,top,A_api_status,no,,,,,aigcbest.top,1
aigm99.cn,one-api-family,new-api/one-api系,cn,A_api_status,yes,Cloudflare,Canada,无,,aigm99.cn,1
aigo123.net,one-api-family,new-api/one-api系,net,A_api_status,no,,,,,aigo123.net,1
aigocode.com,unlabeled,,com,,yes,Cloudflare,Canada,有,,aigocode.com,1
aijws.com,unlabeled,Cloudflare,com,,yes,Cloudflare,Canada,有,,aijws.com,1
aikeji.vip,one-api-family,new-api/one-api系,vip,A_api_status,no,,,,,aikeji.vip,1
aimlapi.com,one-api-family,one-api,com,C_framework+content,no,,,,,aimlapi.com,1
ainstant.pro,one-api-family,new-api/one-api系,pro,A_api_status,no,,,,,ainstant.pro,3
aiok.club,one-api-family,new-api/one-api系,club,A_api_status,no,,,,,aiok.club,1
aiporters.com,one-api-family,new-api/one-api系,com,A_api_status,no,,,,,aiporters.com,1
aircode.xin,unlabeled,"Nginx, Vue",xin,,yes,netcup GmbH,United States,有,,aircode.xin,1
aiskt.com,one-api-family,new-api/one-api系,com,A_api_status,no,,,,,aiskt.com,1
aisz.mom,one-api-family,new-api,mom,A_api_status,yes,Cloudflare,Canada,无,,aisz.mom,1
aixor.org,one-api-family,new-api/one-api系,org,A_api_status,no,,,,,aixor.org,1
aiyahmm.com,one-api-family,new-api/one-api系,com,A_api_status,no,,,,,aiyahmm.com,1
aizex.top,one-api-family,new-api/one-api系,top,A_api_status,no,,,,,aizex.top,1
aladingapi.cc,one-api-family,new-api/one-api系,cc,A_api_status,yes,NetLab Global,United States,无,无,aladingapi.cc,1
allinai7.cloud,unlabeled,,cloud,,yes,,,无,,allinai7.cloud,1
amutes.com,one-api-family,new-api/one-api系,com,A_api_status,no,,,,,amutes.com,1
amux.ai,one-api-family,new-api/one-api系,ai,A_api_status,no,,,,,amux.ai,1
ananapi.com,one-api-family,new-api/one-api系,com,A_api_status,no,,,,,ananapi.com,1
anpin.ai,unlabeled,Vue,ai,,yes,SAKURA LINK LIMITED,Hong Kong,有,,anpin.ai,1
ant-ling.com,openai-compatible-unknown,openai_compatible_unknown,com,B_v1_models,no,,,,,ant-ling.com,1
antirez.com,one-api-family,new-api,com,C_framework+content,no,,,,,antirez.com,1
antsk.cn,one-api-family,new-api/one-api系,cn,A_api_status,no,,,,,antsk.cn,1
anxidc.com,unlabeled,,com,,yes,,,无,,anxidc.com,1
anyaigc.com,one-api-family,new-api/one-api系,com,A_api_status,no,,,,,anyaigc.com,1
anyone.ai,one-api-family,new-api/one-api系,ai,A_api_status,no,,,,,anyone.ai,1
anyroute.io,unlabeled,,io,,yes,Antbox Networks Limited,United States,有,,anyroute.io,3
aokapi.com,one-api-family,new-api/one-api系,com,A_api_status,yes,Tencent Building,Hong Kong,无,,aokapi.com,1
apertis.ai,one-api-family,new-api/one-api系,ai,A_api_status,no,,,,,apertis.ai,1
api000.com,one-api-family,new-api/one-api系,com,A_api_status,no,,,,,api000.com,1
api2cn.com,unlabeled,"Cloudflare, Vue",com,,yes,Cloudflare,Canada,有,,api2cn.com,1
api520.pro,one-api-family,new-api/one-api系,pro,A_api_status,no,,,,,api520.pro,1
api96.com,one-api-family,new-api/one-api系,com,A_api_status,no,,,,,api96.com,1
apiclaude.cc,unlabeled,Vue,cc,,yes,The Constant Company,United States,无,,apiclaude.cc,1
apiddt.com,one-api-family,new-api/one-api系,com,A_api_status,no,,,,,apiddt.com,1
apidock.ai,one-api-family,new-api/one-api系,ai,A_api_status,no,,,,,apidock.ai,1
apigator.ai,one-api-family,one-api,ai,C_framework+content,no,,,,,apigator.ai,1
apihost.cn,one-api-family,new-api/one-api系,cn,A_api_status,no,,,,,apihost.cn,1
apimart.ai,one-api-family,new-api/one-api系,ai,A_api_status,no,,,,,apimart.ai,1
apinebula.com,one-api-family,new-api/one-api系,com,A_api_status,no,,,,,apinebula.com,1
apinova.cc,unlabeled,React,cc,,yes,NetLab Global,United States,无,,apinova.cc,1
apiporter.com,one-api-family,"React, NewAPI",com,,yes,NetLab Global,United States,无,,apiporter.com,1
apirouter.ai,one-api-family,new-api/one-api系,ai,A_api_status,no,,,,,apirouter.ai,1
apiwarrior.xyz,one-api-family,new-api/one-api系,xyz,A_api_status,no,,,,,apiwarrior.xyz,1
apixo.ai,one-api-family,one-api,ai,C_framework+content,no,,,,,apixo.ai,1
apiyi.com,one-api-family,new-api/one-api系,com,A_api_status,no,,,,,apiyi.com,1
ark717.com,one-api-family,new-api/one-api系,com,A_api_status,no,,,,,ark717.com,1
arkvision.ai,one-api-family,new-api/one-api系,ai,A_api_status,no,,,,,arkvision.ai,1
arpanet.icu,one-api-family,new-api/one-api系,icu,A_api_status,yes,CHINANET Yunnan province IDC1 ,China,无,无,arpanet.icu,1
atlascloud.ai,one-api-family,one-api,ai,C_framework+content,no,,,,,atlascloud.ai,1
atomflow.vip,one-api-family,new-api/one-api系,vip,A_api_status,no,,,,,atomflow.vip,1
autocontentapi.com,one-api-family,one-api,com,C_framework+content,no,,,,,autocontentapi.com,1
autorouter.io,one-api-family,new-api/one-api系,io,A_api_status,yes,Cloudflare,Canada,无,,autorouter.io,1
avoapi.com,one-api-family,new-api/one-api系,com,A_api_status,no,,,,,avoapi.com,1
axisapi.cn,one-api-family,new-api/one-api系,cn,A_api_status,no,,,,,axisapi.cn,1
azapi.com.cn,one-api-family,new-api/one-api系,cn,A_api_status,no,,,,,azapi.com.cn,1
b.ai,unlabeled,,ai,,yes,Amazon.com,Singapore,无,,b.ai,1
b886.top,unlabeled,,top,,yes,,,无,,b886.top,2
baobu.xyz,unlabeled,"Cloudflare, Vue",xyz,,yes,Cloudflare,Canada,有,,baobu.xyz,1
baogutang.top,unlabeled,"Nginx, Vue",top,,yes,Bunny Communications,Japan,有,,baogutang.top,1
bazaarlink.ai,one-api-family,new-api,ai,C_framework+content,no,,,,,bazaarlink.ai,1
bbww.top,one-api-family,new-api/one-api系,top,A_api_status,yes,Cloudflare,Canada,,,bbww.top,2
bdshmmkj3.cn,one-api-family,new-api/one-api系,cn,A_api_status,no,,,,,bdshmmkj3.cn,5
bearlab.ai,one-api-family,new-api/one-api系,ai,A_api_status,no,,,,,bearlab.ai,2
beecode.cc,unlabeled,"Cloudflare, Vue",cc,,yes,Cloudflare,Canada,有,,beecode.cc,1
beefapi.com,one-api-family,new-api/one-api系,com,A_api_status,yes,Cloudflare,Canada,无,,beefapi.com,1
bestswifter.com,one-api-family,new-api/one-api系,com,A_api_status,no,,,,,bestswifter.com,1
bianxie.ai,one-api-family,new-api/one-api系,ai,A_api_status,no,,,,,a8.hk,3
bianxieai.com,one-api-family,new-api/one-api系,com,A_api_status,no,,,,,a8.hk,3
biyuan.ai,one-api-family,new-api/one-api系,ai,A_api_status,no,,,,,biyuan.ai,1
bjxrouter.com,one-api-family,new-api/one-api系,com,A_api_status,no,,,,,bjxrouter.com,2
bltcy.ai,one-api-family,new-api/one-api系,ai,A_api_status,no,,,,,bltcy.ai,2
bltcy.top,one-api-family,new-api/one-api系,top,A_api_status,no,,,,,bltcy.ai,2
bluesminds.com,one-api-family,new-api/one-api系,com,A_api_status,no,,,,,bluesminds.com,1
bobdong.cn,one-api-family,new-api/one-api系,cn,A_api_status,yes,Zhejiang Taobao Network Co.,United States,无,,bobdong.cn,1
bookapi.cc,one-api-family,new-api/one-api系,cc,A_api_status,no,,,,,bookapi.cc,1
bossclaw.org,unlabeled,"Cloudflare, Vue",org,,yes,Cloudflare,Canada,有,,bossclaw.org,1
botcf.com,one-api-family,new-api/one-api系,com,A_api_status,no,,,,,botcf.com,1
boxying.com,one-api-family,new-api/one-api系,com,A_api_status,no,,,,,boxying.com,1
boya.one,unlabeled,,one,,yes,,,无,,boya.one,1
burncloud.com,one-api-family,new-api/one-api系,com,A_api_status,no,,,,,burncloud.com,1
buykey.ai,one-api-family,new-api,ai,C_framework+content,no,,,,,buykey.ai,1
buzz7.top,one-api-family,new-api/one-api系,top,A_api_status,no,,,,,buzz7.top,3
buzzai.cc,one-api-family,new-api/one-api系,cc,A_api_status,yes,FASTNET DATA INC,United States,有,,buzz7.top,3
buzzai.top,one-api-family,new-api/one-api系,top,A_api_status,no,,,,,buzz7.top,3
bybing.cc,one-api-family,new-api/one-api系,cc,A_api_status,no,,,,,bjxrouter.com,2
bytecatcode.org,one-api-family,new-api/one-api系,org,A_api_status,no,,,,,bytecatcode.org,1
callgpt.co.uk,one-api-family,one-api,uk,C_framework+content,no,,,,,callgpt.co.uk,1
callxyq.xyz,one-api-family,new-api/one-api系,xyz,A_api_status,yes,FiberState,United States,无,,callxyq.xyz,1
catapi.ai,one-api-family,new-api/one-api系,ai,A_api_status,no,,,,,catapi.ai,1
cc-api.chat,one-api-family,new-api/one-api系,chat,A_api_status,no,,,,,cc-api.chat,1
cc-vibe.com,unlabeled,"Nginx, Vue",com,,yes,The Constant Company,United States,有,,cc-vibe.com,1
ccfly.codes,unlabeled,,codes,,yes,DMIT Cloud Services,United States,有,,ccfly.codes,2
ccgoai.com,unlabeled,"Cloudflare, Vue",com,,yes,Cloudflare,Canada,有,,ccgoai.com,1
cckeys.top,unlabeled,,top,,yes,Hangzhou Alibaba Advertising C,China,无,,cckeys.top,1
ccll.xyz,one-api-family,new-api/one-api系,xyz,A_api_status,no,,,,,ccll.xyz,1
ccmax20.cc,unlabeled,"Nginx, React",cc,,yes,OVH SAS,United States,无,,ccmax20.cc,2
ccode.dev,unlabeled,Vue,dev,,yes,Peekabo Networks,United States,无,,ccode.dev,1
ccplus.site,unlabeled,Vue,site,,yes,DMIT Cloud Services,United States,有,,ccfly.codes,2
ccrouter.ai,unlabeled,"Cloudflare, Vue",ai,,yes,Cloudflare,Canada,有,,ccrouter.ai,1
cctq.ai,one-api-family,new-api/one-api系,ai,A_api_status,no,,,,,b886.top,2
ccwu.cc,one-api-family,new-api/one-api系,cc,A_api_status,no,,,,,ccwu.cc,1
cdn.ad,unlabeled,Vue,ad,,yes,Peekabo Networks,United States,有,,cdn.ad,1
centos.hk,one-api-family,new-api/one-api系,hk,A_api_status,yes,Cloudflare,Canada,无,,centos.hk,1
chaozhi.chat,unlabeled,"Nginx, Vue",chat,,yes,Tencent Building,South Korea,有,,chaozhi.chat,1
chat01.ai,one-api-family,new-api,ai,C_framework+content,no,,,,,chat01.ai,1
chatfire.cn,one-api-family,new-api/one-api系,cn,A_api_status,no,,,,,chatfire.cn,1
chatgpt.org.uk,one-api-family,one-api,uk,C_framework+content,no,,,,,chatgpt.org.uk,1
chatgpt.top,one-api-family,one-api,top,C_framework+content,no,,,,,chatgpt.top,1
chatgptid.net,one-api-family,new-api/one-api系,net,A_api_status,no,,,,,chatgptid.net,1
chatopens.vip,unlabeled,,vip,,yes,NetLab Global,United States,有,无,chatopens.vip,2
cheapai.ai,one-api-family,new-api/one-api系,ai,A_api_status,no,,,,,cheapai.ai,1
cherry-ai.com,one-api-family,new-api,com,C_framework+content,no,,,,,cherry-ai.com,1
cherryin.ai,one-api-family,new-api/one-api系,ai,A_api_status,no,,,,,cherryin.ai,2
cherryin.net,one-api-family,new-api/one-api系,net,A_api_status,no,,,,,cherryin.ai,2
chesspnt.com,unlabeled,,com,,yes,DMIT Cloud Services,United States,无,无,chesspnt.com,1
chiangma.com,one-api-family,new-api/one-api系,com,A_api_status,no,,,,,chiangma.com,1
chintao.cn,one-api-family,new-api/one-api系,cn,A_api_status,yes,CHINA UNICOM China169 Backbone,China,无,,chintao.cn,1
chiyicn.com,unlabeled,"Cloudflare, Vue",com,,yes,Cloudflare,Canada,有,,chiyicn.com,1
chongcodex.cn,one-api-family,new-api/one-api系,cn,A_api_status,no,,,,,chongcodex.cn,1
chrouter.com,one-api-family,new-api/one-api系,com,A_api_status,no,,,,,chrouter.com,1
chshapi.org,one-api-family,new-api/one-api系,org,A_api_status,yes,FASTNET DATA INC,United States,无,,chshapi.org,1
chunxueapi.com,one-api-family,new-api/one-api系,com,A_api_status,yes,IT7 Networks Inc,United States,无,,chunxueapi.com,1
chybenzun.top,one-api-family,new-api/one-api系,top,A_api_status,no,,,,,chybenzun.top,1
cialloapi.cn,unlabeled,Cloudflare,cn,,yes,Cloudflare,Canada,无,,cialloapi.cn,1
ciyuan-token.com,one-api-family,new-api/one-api系,com,A_api_status,no,,,,,ciyuan-token.com,1
ciyuanshen.top,one-api-family,new-api/one-api系,top,A_api_status,no,,,,,ciyuanshen.top,1
clauddy.com,one-api-family,new-api/one-api系,com,A_api_status,no,,,,,clauddy.com,1
claude-api.org,sub2api,sub2api,org,C_framework+content,yes,Cloudflare,Canada,有,,claude-api.org,1
claude360.xyz,one-api-family,new-api/one-api系,xyz,A_api_status,no,,,,,claude360.xyz,1
claudeagent.com.cn,one-api-family,new-api/one-api系,cn,A_api_status,yes,Cloudflare,Canada,有,,claudeagent.com.cn,1
claudeapi.ai,one-api-family,new-api/one-api系,ai,A_api_status,no,,,,,claudeapi.ai,1
claudeapi.com,one-api-family,new-api/one-api系,com,A_api_status,yes,Amazon.com,United States,无,,claudeapi.com,1
claudeapi.io,one-api-family,new-api/one-api系,io,A_api_status,no,,,,,claudeapi.io,1
claudecn.top,one-api-family,new-api/one-api系,top,A_api_status,yes,Cloudflare,Canada,有,,claudecn.top,1
claudeforcheap.com,one-api-family,new-api/one-api系,com,A_api_status,no,,,,,claudeforcheap.com,1
claudemain.com,one-api-family,new-api/one-api系,com,A_api_status,no,,,,,claudemain.com,1
clauqe.ai,unlabeled,Vue,ai,,yes,Antbox Networks Limited,United States,,,anyroute.io,3
clawopen.top,one-api-family,new-api/one-api系,top,A_api_status,yes,NetLab Global,United States,无,,clawopen.top,1
cloudns.org,one-api-family,new-api/one-api系,org,A_api_status,no,,,,,cloudns.org,1
coaiwork.com,one-api-family,new-api/one-api系,com,A_api_status,no,,,,,coaiwork.com,1
code-cli.cn,one-api-family,new-api/one-api系,cn,A_api_status,no,,,,,code-cli.cn,1
code-relay.com,one-api-family,new-api/one-api系,com,A_api_status,no,,,,,code-relay.com,1
code0.ai,one-api-family,new-api/one-api系,ai,A_api_status,no,,,,,code0.ai,1
codefwd.top,one-api-family,new-api/one-api系,top,A_api_status,yes,CORENET CLOUD SDN. BHD.,Hong Kong,无,,codefwd.top,1
codeilab.com,one-api-family,new-api,com,C_framework+content,no,,,,,codeilab.com,1
coderelay.cn,one-api-family,new-api/one-api系,cn,A_api_status,yes,Cloudflare,Canada,无,,coderelay.cn,1
codesome.ai,unlabeled,,ai,,yes,Tencent Building,Singapore,无,,codesome.ai,1
codesonline.dev,unlabeled,"Nginx, Vue",dev,,yes,IT7 Networks Inc,United States,有,,codesonline.dev,1
codesuc.top,unlabeled,React,top,,yes,Zhejiang Taobao Network Co.,United States,无,,codesuc.top,1
codexapis.com,one-api-family,new-api/one-api系,com,A_api_status,no,,,,,codexapis.com,1
codexopenai.cloud,one-api-family,"React, NewAPI",cloud,,yes,China Telecom,China,有,,codexopenai.cloud,1
codexzh.com,one-api-family,new-api/one-api系,com,A_api_status,no,,,,,codexzh.com,1
cognilead.ai,one-api-family,one-api,ai,C_framework+content,no,,,,,cognilead.ai,1
cometapi.com,one-api-family,new-api/one-api系,com,A_api_status,no,,,,,cometapi.com,1
computetoken.ai,one-api-family,new-api/one-api系,ai,A_api_status,no,,,,,computetoken.ai,1
congmingai.com,unlabeled,"Cloudflare, Vue",com,,yes,Cloudflare,Canada,有,,congmingai.com,1
cooper-api.com,one-api-family,new-api/one-api系,com,A_api_status,yes,CTG Server Limited,South Korea,无,,cooper-api.com,1
crazyrouter.com,one-api-family,new-api/one-api系,com,A_api_status,no,,,,,crazyrouter.com,1
crond.dev,one-api-family,new-api/one-api系,dev,A_api_status,yes,Cloudflare,Canada,无,,bearlab.ai,2
crossmodel.ai,one-api-family,one-api,ai,C_framework+content,no,,,,,crossmodel.ai,1
cubence.com,unlabeled,Cloudflare,com,,yes,Cloudflare,Canada,无,,cubence.com,1
cuberouter.ai,one-api-family,new-api/one-api系,ai,A_api_status,no,,,,,cuberouter.ai,1
cun.ai,one-api-family,new-api/one-api系,ai,A_api_status,no,,,,,cun.ai,2
cwapi.vip,one-api-family,new-api/one-api系,vip,A_api_status,no,,,,,cwapi.vip,1
d5wa.com,one-api-family,new-api,com,C_framework+content,no,,,,,d5wa.com,1
daidaibird.top,unlabeled,,top,,yes,Alibaba (US) Technology Co.,Hong Kong,无,,daidaibird.top,1
daikuankm.cn,one-api-family,new-api/one-api系,cn,A_api_status,no,,,,,bdshmmkj3.cn,5
dakeai.cc,unlabeled,"Nginx, Vue",cc,,yes,CNSERVERS LLC,United States,有,无,dakeai.cc,1
daodunapi.com,one-api-family,new-api/one-api系,com,A_api_status,yes,Cloudflare,Canada,无,,daodunapi.com,1
dapicloud.com,one-api-family,new-api/one-api系,com,A_api_status,no,,,,,dapicloud.com,1
darkrouter.ai,one-api-family,one-api,ai,C_framework+content,no,,,,,darkrouter.ai,1
dasuapi.com,one-api-family,new-api/one-api系,com,A_api_status,yes,Evoxt Sdn. Bhd.,Malaysia,,,dasuapi.com,1
dataeyes.ai,one-api-family,new-api/one-api系,ai,A_api_status,yes,Cloudflare,Canada,有,,dataeyes.ai,2
dawclaudecode.com,one-api-family,new-api/one-api系,com,A_api_status,yes,cognetcloud INC,Hong Kong,无,,dawclaudecode.com,1
dbanalyst.ai,one-api-family,one-api,ai,C_framework+content,no,,,,,dbanalyst.ai,1
dddai.dev,one-api-family,new-api/one-api系,dev,A_api_status,no,,,,,dddai.dev,1
ddshub.cc,unlabeled,,cc,,yes,UCLOUD INFORMATION TECHNOLOGY ,Hong Kong,有,,ddshub.cc,1
de5.net,one-api-family,new-api/one-api系,net,A_api_status,no,,,,,de5.net,1
deepask.chat,unlabeled,Cloudflare,chat,,yes,Cloudflare,Canada,有,,deepask.chat,1
deeprouter.top,one-api-family,new-api/one-api系,top,A_api_status,no,,,,,deeprouter.top,1
deerapi.com,one-api-family,new-api/one-api系,com,A_api_status,no,,,,,deerapi.com,1
derouter.ai,one-api-family,new-api,ai,C_framework+content,yes,Cloudflare,Canada,有,,derouter.ai,1
dgbmc.top,one-api-family,new-api/one-api系,top,A_api_status,no,,,,,dgbmc.top,1
discordtool.vip,one-api-family,new-api/one-api系,vip,A_api_status,yes,Alibaba (US) Technology Co.,Hong Kong,无,,discordtool.vip,1
dit.ai,one-api-family,one-api,ai,C_framework+content,no,,,,,dit.ai,1
dmxapi.cn,one-api-family,new-api/one-api系,cn,A_api_status,no,,,,,dmxapi.cn,1
dmxapi.com,one-api-family,new-api/one-api系,com,A_api_status,no,,,,,dmxapi.com,1
dogenet.win,unlabeled,Cloudflare,win,,yes,Akari Networks,United States,有,,dogenet.win,1
dohoya.com,one-api-family,new-api/one-api系,com,A_api_status,no,,,,,dohoya.com,1
dongli.work,one-api-family,new-api/one-api系,work,A_api_status,yes,cognetcloud INC,Hong Kong,无,无,dongli.work,1
dongtoken.com,one-api-family,new-api/one-api系,com,A_api_status,no,,,,,dongtoken.com,1
dpapi.cn,one-api-family,new-api/one-api系,cn,A_api_status,no,,,,,dpapi.cn,1
dpdns.org,one-api-family,new-api/one-api系,org,A_api_status,no,,,,,dpdns.org,1
dragoncode.codes,unlabeled,Vue,codes,,yes,Antbox Networks Limited,United States,有,,anyroute.io,3
dstopology.com,one-api-family,new-api/one-api系,com,A_api_status,no,,,,,dstopology.com,1
duckcode.cn,unlabeled,Cloudflare,cn,,yes,Cloudflare,Canada,无,,duckcode.cn,1
duckcoding.ai,one-api-family,new-api/one-api系,ai,A_api_status,yes,,,,,duckcoding.ai,1
dumplingai.com,one-api-family,one-api,com,C_framework+content,no,,,,,dumplingai.com,1
duou.ai,one-api-family,new-api/one-api系,ai,A_api_status,no,,,,,duou.ai,1
dzzi.ai,one-api-family,new-api/one-api系,ai,A_api_status,yes,Cloudflare,Canada,无,,dzzi.ai,1
easy-token.com,unlabeled,Nginx,com,,yes,Hangzhou Alibaba Advertising C,China,无,,easy-token.com,1
easyart.cc,one-api-family,new-api/one-api系,cc,A_api_status,no,,,,,easyart.cc,1
easyrouter.io,one-api-family,new-api/one-api系,io,A_api_status,yes,Amazon.com,United States,,,easyrouter.io,1
ebutterfly.cc,one-api-family,"Cloudflare, React, NewAPI",cc,,yes,Cloudflare,Canada,无,无,ebutterfly.cc,1
eccoapi.com,one-api-family,one-api,com,C_framework+content,no,,,,,eccoapi.com,1
edenai.co,one-api-family,one-api,co,C_framework+content,no,,,,,edenai.co,1
eirouter.com,one-api-family,new-api/one-api系,com,A_api_status,no,,,,,eirouter.com,1
ejkoy.com,unlabeled,"Cloudflare, Vue",com,,yes,Cloudflare,Canada,有,,ejkoy.com,1
ekan8.com,one-api-family,new-api/one-api系,com,A_api_status,yes,NetLab Global,United States,无,,ekan8.com,1
ekti.cc,unlabeled,React,cc,,yes,Spartan Host Ltd,United States,无,,ekti.cc,1
electronhub.ai,one-api-family,one-api,ai,C_framework+content,no,,,,,electronhub.ai,1
enjoyapi.cc,unlabeled,"Cloudflare, Vue",cc,,yes,Cloudflare,Canada,有,,enjoyapi.cc,1
ephone.ai,confirmed-unknown,unknown,ai,A_api_status,yes,Cloudflare,Canada,有,,ephone.ai,3
ephone.chat,confirmed-unknown,unknown,chat,A_api_status,no,,,,,ephone.ai,3
ergouapi.com,one-api-family,new-api/one-api系,com,A_api_status,yes,Cloudflare,Canada,有,,ergouapi.com,1
eu.cc,one-api-family,new-api/one-api系,cc,A_api_status,yes,Cloudflare,Canada,无,无,eu.cc,1
eu.org,one-api-family,new-api/one-api系,org,A_api_status,no,,,,,eu.org,1
eurouter.ai,one-api-family,one-api,ai,C_framework+content,no,,,,,eurouter.ai,1
euzhi.com,one-api-family,new-api/one-api系,com,A_api_status,yes,Amazon.com,South Korea,无,,euzhi.com,1
evolink.ai,one-api-family,new-api/one-api系,ai,A_api_status,no,,,,,evolink.ai,1
exe.xyz,one-api-family,new-api/one-api系,xyz,A_api_status,no,,,,,exe.xyz,1
fastcc.ai,one-api-family,new-api/one-api系,ai,A_api_status,no,,,,,fastcc.ai,1
fastgpt.cn,one-api-family,new-api,cn,C_framework+content,no,,,,,fastgpt.cn,1
fastgpt.io,one-api-family,new-api,io,C_framework+content,no,,,,,fastgpt.io,1
fastrouter.ai,one-api-family,one-api,ai,C_framework+content,no,,,,,fastrouter.ai,1
featherless.ai,one-api-family,one-api,ai,C_framework+content,no,,,,,featherless.ai,1
feng.cx,unlabeled,"Nginx, React",cx,,yes,Wen ZhangYu,United Kingdom,无,,feng.cx,1
ffir.cn,one-api-family,new-api/one-api系,cn,A_api_status,no,,,,,ffir.cn,1
findcg.com,unlabeled,,com,,yes,AROSSCLOUD INC.,United States,无,,findcg.com,1
fishxcode.com,one-api-family,new-api/one-api系,com,A_api_status,yes,Amazon.com,United States,有,,fishxcode.com,1
fkclaude.xyz,one-api-family,new-api/one-api系,xyz,A_api_status,no,,,,,fkclaude.xyz,1
flashapi.top,one-api-family,new-api/one-api系,top,A_api_status,yes,FASTNET DATA INC,United States,无,,flashapi.top,1
fluxnode.org,one-api-family,new-api/one-api系,org,A_api_status,no,,,,,fluxnode.org,1
fluxtoken.ai,one-api-family,new-api/one-api系,ai,A_api_status,no,,,,,fluxtoken.ai,1
franklybuilds.com,one-api-family,new-api/one-api系,com,A_api_status,no,,,,,franklybuilds.com,1
freemodel.dev,unlabeled,Cloudflare,dev,,yes,Cloudflare,Canada,有,,freemodel.dev,1
frogbot.ai,one-api-family,one-api,ai,C_framework+content,no,,,,,frogbot.ai,1
frontier-intelligence.tech,one-api-family,new-api/one-api系,tech,A_api_status,yes,Cloudflare,Canada,无,,frontier-intelligence.tech,1
fucheers.top,one-api-family,new-api/one-api系,top,A_api_status,yes,,,无,,fucheers.top,1
fuhuacloud.ai,one-api-family,new-api/one-api系,ai,A_api_status,no,,,,,fuhuacloud.ai,1
funnyskill.com,one-api-family,new-api/one-api系,com,A_api_status,yes,OVH SAS,United States,无,,funnyskill.com,1
fushengyunsuan.cn,one-api-family,new-api/one-api系,cn,A_api_status,no,,,,,fushengyunsuan.cn,2
fushengyunsuan.com,one-api-family,new-api/one-api系,com,A_api_status,no,,,,,fushengyunsuan.cn,2
futurmix.ai,one-api-family,new-api/one-api系,ai,A_api_status,no,,,,,futurmix.ai,1
fuxingapi.com,one-api-family,new-api/one-api系,com,A_api_status,no,,,,,fuxingapi.com,1
gateone.ai,one-api-family,one-api,ai,C_framework+content,no,,,,,gateone.ai,1
gatewayapi.ai,one-api-family,new-api/one-api系,ai,A_api_status,no,,,,,gatewayapi.ai,1
geekai.pro,one-api-family,new-api/one-api系,pro,A_api_status,no,,,,,geekai.pro,1
geeknow.ai,one-api-family,new-api/one-api系,ai,A_api_status,no,,,,,geeknow.ai,1
gemai.cc,one-api-family,"Nginx, React, NewAPI",cc,,yes,NetLab Global,United States,,,gemai.cc,1
geminiapi.ai,one-api-family,new-api/one-api系,ai,A_api_status,no,,,,,geminiapi.ai,1
getezclaw.com,one-api-family,new-api/one-api系,com,A_api_status,yes,Cloudflare,Canada,无,,getezclaw.com,1
getgoapi.com,one-api-family,new-api/one-api系,com,A_api_status,no,,,,,getgoapi.com,1
getunikey.ai,one-api-family,new-api/one-api系,ai,A_api_status,no,,,,,getunikey.ai,1
ggff.net,one-api-family,new-api/one-api系,net,A_api_status,no,,,,,ggff.net,1
ggrokheavy.xyz,one-api-family,new-api/one-api系,xyz,A_api_status,no,,,,,ggrokheavy.xyz,1
github.io,sub2api,sub2api,io,C_framework+content,no,,,,,github.io,1
globalai.vip,one-api-family,new-api/one-api系,vip,A_api_status,no,,,,,globalai.vip,1
goapis.vip,one-api-family,new-api/one-api系,vip,A_api_status,no,,,,,goapis.vip,1
gogoapi.cloud,one-api-family,new-api/one-api系,cloud,A_api_status,yes,OVH SAS,United States,无,无,gogoapi.cloud,1
gogogotoken.ai,one-api-family,new-api/one-api系,ai,A_api_status,no,,,,,gogogotoken.ai,1
gpt-load.com,one-api-family,new-api,com,C_framework+content,no,,,,,gpt-load.com,1
gpt-pool.com,one-api-family,new-api/one-api系,com,A_api_status,no,,,,,gpt-pool.com,1
gpt.ge,one-api-family,new-api/one-api系,ge,A_api_status,yes,IT7 Networks Inc,United States,无,,gpt.ge,2
gptbest.vip,openai-compatible-unknown,openai_compatible_unknown,vip,B_v1_models,no,,,,,gptbest.vip,1
gpteamservices.com,unlabeled,Cloudflare,com,,yes,Cloudflare,Canada,有,,gpteamservices.com,1
gptnb.ai,one-api-family,new-api/one-api系,ai,A_api_status,no,,,,,gptnb.ai,1
gptoai.top,one-api-family,new-api/one-api系,top,A_api_status,no,,,,,gptoai.top,1
growupapi.ltd,unlabeled,Cloudflare,ltd,,yes,Cloudflare,Canada,无,,growupapi.ltd,1
guagua.uk,one-api-family,new-api/one-api系,uk,A_api_status,yes,netcup GmbH,Germany,无,,guagua.uk,1
guardentry.ai,one-api-family,one-api,ai,C_framework+content,no,,,,,guardentry.ai,1
gzxsy.vip,one-api-family,new-api/one-api系,vip,A_api_status,no,,,,,gzxsy.vip,1
h-e.top,one-api-family,new-api/one-api系,top,A_api_status,no,,,,,h-e.top,1
hack3rx.cn,unlabeled,"Nginx, Vue",cn,,yes,Alibaba (US) Technology Co.,Hong Kong,有,,hack3rx.cn,1
hangzhale.com,unlabeled,"Cloudflare, Vue",com,,yes,Cloudflare,Canada,有,,hangzhale.com,1
hao.ai,one-api-family,one-api,ai,C_framework+content,yes,Amazon.com,United States,有,,hao.ai,1
hapuppy.com,one-api-family,one-api,com,C_framework+content,no,,,,,hapuppy.com,1
hboom.ai,one-api-family,new-api/one-api系,ai,A_api_status,no,,,,,hboom.ai,1
hcnote.cn,one-api-family,new-api,cn,C_framework+content,no,,,,,hcnote.cn,1
hcnsec.cn,one-api-family,new-api/one-api系,cn,A_api_status,no,,,,,hcnsec.cn,2
helicone.ai,one-api-family,one-api,ai,C_framework+content,no,,,,,helicone.ai,1
helpcoder.cc,one-api-family,new-api/one-api系,cc,A_api_status,no,,,,,helpcoder.cc,1
hemaapi.cc,one-api-family,"React, NewAPI",cc,,yes,Alice Network,United States,无,,hemaapi.cc,1
hepingan.top,sub2api,sub2api,top,C_framework+content,yes,Cloudflare,Canada,有,,hepingan.top,1
heykey.ai,one-api-family,new-api/one-api系,ai,A_api_status,no,,,,,heykey.ai,1
hhnto.top,one-api-family,new-api/one-api系,top,A_api_status,yes,Starry Network Limited,Hong Kong,无,,hhnto.top,1
hiapi.store,one-api-family,new-api/one-api系,store,A_api_status,yes,Alibaba (US) Technology Co.,Hong Kong,无,,hiapi.store,1
hk.cn,unlabeled,Nginx,cn,,yes,Spartan Host Ltd,United States,无,无,chatopens.vip,2
hlool.top,one-api-family,new-api/one-api系,top,A_api_status,no,,,,,hlool.top,1
hohoapi.com,one-api-family,new-api/one-api系,com,A_api_status,yes,Cloudflare,Canada,无,无,hohoapi.com,1
holamexicali.com,one-api-family,new-api/one-api系,com,A_api_status,no,,,,,holamexicali.com,1
holdai.top,one-api-family,new-api/one-api系,top,A_api_status,no,,,,,holdai.top,1
hottoken.ai,one-api-family,new-api/one-api系,ai,A_api_status,no,,,,,hottoken.ai,1
howlife.cc,one-api-family,new-api/one-api系,cc,A_api_status,no,,,,,howlife.cc,1
hslife.fun,unlabeled,"Nginx, Vue",fun,,yes,DMIT Cloud Services,United States,有,,hslife.fun,1
huaci.ai,one-api-family,new-api/one-api系,ai,A_api_status,no,,,,,huaci.ai,1
huanapi.com,one-api-family,new-api/one-api系,com,A_api_status,yes,Spartan Host Ltd,United States,有,,huanapi.com,1
huasuan.ai,one-api-family,new-api/one-api系,ai,A_api_status,no,,,,,huasuan.ai,1
huiliuapi.com,unlabeled,,com,,yes,,,无,,huiliuapi.com,1
huiyun.asia,one-api-family,new-api/one-api系,asia,A_api_status,yes,SonderCloud Limited,Hong Kong,无,,huiyun.asia,2
hvoy_removed,unlabeled,,hvoy_removed,,yes,,,无,,bbww.top,2
hybgzs.com,one-api-family,new-api/one-api系,com,A_api_status,no,,,,,hybgzs.com,1
hyperapi.cc,one-api-family,new-api/one-api系,cc,A_api_status,no,,,,,hyperapi.cc,1
i4um.com,one-api-family,voapi,com,C_framework+content,no,,,,,i4um.com,1
iacc.cc,unlabeled,Cloudflare,cc,,yes,Cloudflare,Canada,无,,iacc.cc,1
iamhc.cn,one-api-family,new-api/one-api系,cn,A_api_status,no,,,,,hcnsec.cn,2
icreat.ai,one-api-family,new-api/one-api系,ai,A_api_status,no,,,,,icreat.ai,1
ifopen.ai,one-api-family,new-api/one-api系,ai,A_api_status,no,,,,,aigc456.top,2
ikuncode.cc,one-api-family,new-api/one-api系,cc,A_api_status,yes,Cloudflare,Canada,无,,ikuncode.cc,1
indotoken.ai,one-api-family,new-api/one-api系,ai,A_api_status,no,,,,,indotoken.ai,1
indrin.cn,one-api-family,new-api/one-api系,cn,A_api_status,no,,,,,indrin.cn,1
infai.cc,one-api-family,"Nginx, React, NewAPI, OneAPI",cc,,yes,OVH SAS,United States,无,,infai.cc,1
infistar.ai,one-api-family,new-api/one-api系,ai,A_api_status,yes,Alibaba (US) Technology Co.,Hong Kong,无,无,infistar.ai,1
innk.cc,confirmed-unknown,unknown,cc,A_api_status,no,,,,,ephone.ai,3
it.com,one-api-family,new-api/one-api系,com,A_api_status,no,,,,,it.com,1
itstudio.club,one-api-family,new-api/one-api系,club,A_api_status,no,,,,,itstudio.club,1
jbbtoken.cn,one-api-family,new-api/one-api系,cn,A_api_status,yes,Cloudflare,Canada,有,,jbbtoken.cn,1
jeniya.cn,one-api-family,new-api/one-api系,cn,A_api_status,no,,,,,jeniya.cn,2
jeniya.top,one-api-family,new-api/one-api系,top,A_api_status,no,,,,,jeniya.cn,2
jianxiaozhi.chat,one-api-family,new-api/one-api系,chat,A_api_status,no,,,,,jianxiaozhi.chat,1
jianzhile.vip,one-api-family,new-api/one-api系,vip,A_api_status,no,,,,,jianzhile.vip,1
jiekou.ai,unlabeled,,ai,,yes,Tencent Building,Singapore,有,,jiekou.ai,1
jmyr.net,one-api-family,new-api/one-api系,net,A_api_status,yes,NetLab Global,Hong Kong,无,,jmyr.net,1
jojocode.com,one-api-family,new-api/one-api系,com,A_api_status,no,,,,,jojocode.com,1
joyzhi.com,one-api-family,new-api/one-api系,com,A_api_status,no,,,,,joyzhi.com,1
junjun.site,unlabeled,,site,,yes,,,无,,junjun.site,1
juxingai.top,one-api-family,new-api/one-api系,top,A_api_status,yes,Alibaba (US) Technology Co.,Hong Kong,无,,huiyun.asia,2
kelaiapi.cc,one-api-family,"Cloudflare, React, NewAPI",cc,,yes,Cloudflare,Canada,无,,kelaiapi.cc,1
kie.ai,one-api-family,one-api,ai,C_framework+content,no,,,,,kie.ai,1
kingflow.ai,one-api-family,new-api/one-api系,ai,A_api_status,no,,,,,kingflow.ai,1
kissapi.ai,one-api-family,new-api/one-api系,ai,A_api_status,no,,,,,kissapi.ai,1
kividas.com,unlabeled,Nginx,com,,yes,Amazon.com,United States,无,,kividas.com,1
kksj.org,one-api-family,new-api/one-api系,org,A_api_status,no,,,,,kksj.org,1
knox.chat,one-api-family,new-api/one-api系,chat,A_api_status,no,,,,,knox.chat,1
koalaapi.com,one-api-family,new-api/one-api系,com,A_api_status,no,,,,,koalaapi.com,1
koyeb.app,one-api-family,new-api/one-api系,app,A_api_status,no,,,,,koyeb.app,1
kr777.top,one-api-family,new-api/one-api系,top,A_api_status,no,,,,,kr777.top,1
krizai.ai,one-api-family,new-api/one-api系,ai,A_api_status,no,,,,,krizai.ai,1
kuaiaiapi.com,one-api-family,new-api/one-api系,com,A_api_status,no,,,,,kuaiaiapi.com,1
kuaiwenwen.top,one-api-family,new-api/one-api系,top,A_api_status,no,,,,,ainstant.pro,3
kun8.vip,unlabeled,"Nginx, Vue",vip,,yes,DMIT Cloud Services,United States,有,,kun8.vip,1
kunpengyr.xyz,one-api-family,new-api/one-api系,xyz,A_api_status,no,,,,,kunpengyr.xyz,1
kwwai.top,one-api-family,new-api/one-api系,top,A_api_status,no,,,,,ainstant.pro,3
langziapi.online,unlabeled,"Cloudflare, Vue",online,,yes,Cloudflare,Canada,有,,langziapi.online,1
lanxiu.cc,one-api-family,new-api/one-api系,cc,A_api_status,no,,,,,lanxiu.cc,1
laozhang.ai,one-api-family,new-api/one-api系,ai,A_api_status,yes,IT7 Networks Inc,United States,有,无,laozhang.ai,1
lcodex.cn,one-api-family,new-api/one-api系,cn,A_api_status,no,,,,,lcodex.cn,1
lconai.com,one-api-family,new-api/one-api系,com,A_api_status,no,,,,,lconai.com,1
learn-ai.top,one-api-family,new-api/one-api系,top,A_api_status,yes,Cloudflare,Canada,无,,learn-ai.top,1
leleweb.cn,unlabeled,"Nginx, Vue",cn,,yes,AROSSCLOUD INC.,United States,有,,leleweb.cn,1
lilililwan.xyz,one-api-family,new-api/one-api系,xyz,A_api_status,no,,,,,lilililwan.xyz,1
limiao.net,unlabeled,Cloudflare,net,,yes,Cloudflare,Canada,无,,limiao.net,1
lingshuai.cc,unlabeled,"Nginx, Vue",cc,,yes,VpsQuan L.L.C.,United States,有,,lingshuai.cc,1
lingsuan.top,unlabeled,"Cloudflare, Vue",top,,yes,Cloudflare,Canada,有,,lingsuan.top,1
lingyaai.cn,one-api-family,new-api/one-api系,cn,A_api_status,no,,,,,lingyaai.cn,1
linkai.shop,unlabeled,"Cloudflare, Vue",shop,,yes,Cloudflare,Canada,有,,linkai.shop,1
linkapi.ai,one-api-family,new-api/one-api系,ai,A_api_status,yes,DMIT Cloud Services,United States,无,,linkapi.ai,1
linkapi.org,one-api-family,new-api/one-api系,org,A_api_status,no,,,,,linkapi.org,1
linoapi.com.cn,one-api-family,new-api/one-api系,cn,A_api_status,no,,,,,linoapi.com.cn,1
littlesheep.cc,one-api-family,new-api/one-api系,cc,A_api_status,no,,,,,littlesheep.cc,1
ll9e.cn,one-api-family,new-api/one-api系,cn,A_api_status,no,,,,,ll9e.cn,1
llmapi.pro,unlabeled,Nginx,pro,,yes,cognetcloud INC,Hong Kong,有,,llmapi.pro,1
llmgw.cn,one-api-family,new-api/one-api系,cn,A_api_status,yes,Hangzhou Alibaba Advertising C,China,无,,llmgw.cn,1
llmhub.com.cn,one-api-family,new-api/one-api系,cn,A_api_status,no,,,,,llmhub.com.cn,1
longshang.pro,one-api-family,new-api/one-api系,pro,A_api_status,no,,,,,longshang.pro,1
loopllama.ai,one-api-family,one-api,ai,C_framework+content,no,,,,,loopllama.ai,1
loptu.net,one-api-family,"Nginx, React, NewAPI",net,,yes,DMIT Cloud Services,United States,无,,loptu.net,1
loyal-agent.ai,one-api-family,new-api/one-api系,ai,A_api_status,no,,,,,loyal-agent.ai,1
ltcraft.cn,one-api-family,new-api/one-api系,cn,A_api_status,no,,,,,ltcraft.cn,1
luccc.uk,one-api-family,new-api/one-api系,uk,A_api_status,yes,Cloudflare,Canada,无,,luccc.uk,1
lucen.cc,unlabeled,"Cloudflare, Vue",cc,,yes,Cloudflare,Canada,有,,lucen.cc,1
luchikey.com,sub2api,sub2api,com,C_framework+content,yes,netcup GmbH,United States,无,,luchikey.com,1
luckyapi.chat,one-api-family,new-api/one-api系,chat,A_api_status,no,,,,,luckyapi.chat,1
lulurouter.com,one-api-family,new-api/one-api系,com,A_api_status,yes,Alibaba (US) Technology Co.,Hong Kong,无,,lulurouter.com,1
lumibest.cc,one-api-family,new-api/one-api系,cc,A_api_status,no,,,,,lumibest.cc,1
luminai.cc,one-api-family,new-api/one-api系,cc,A_api_status,yes,Cloudflare,Canada,无,,luminai.cc,1
lxtech.icu,one-api-family,new-api/one-api系,icu,A_api_status,no,,,,,lxtech.icu,1
lyjxka.top,one-api-family,new-api/one-api系,top,A_api_status,no,,,,,lyjxka.top,1
magic666.top,one-api-family,new-api/one-api系,top,A_api_status,no,,,,,magic666.top,1
manbouapi.com,unlabeled,,com,,yes,,,无,,manbouapi.com,1
maoleio.cn,one-api-family,new-api/one-api系,cn,A_api_status,no,,,,,maoleio.cn,1
maoyulin.xyz,one-api-family,new-api/one-api系,xyz,A_api_status,no,,,,,maoyulin.xyz,1
marting.pro,one-api-family,new-api/one-api系,pro,A_api_status,no,,,,,marting.pro,1
maryandthedot.com,one-api-family,new-api/one-api系,com,A_api_status,no,,,,,maryandthedot.com,1
maton.ai,openai-compatible-unknown,openai_compatible_unknown,ai,B_v1_models,no,,,,,maton.ai,1
max20.cn,one-api-family,new-api/one-api系,cn,A_api_status,no,,,,,ccmax20.cc,2
maya.today,unlabeled,"Cloudflare, Vue",today,,yes,Cloudflare,Canada,有,,maya.today,1
mdbox.ai,one-api-family,one-api,ai,C_framework+content,no,,,,,mdbox.ai,1
meeyo.org,one-api-family,new-api,org,C_framework+content,yes,Zenlayer Inc,Japan,无,无,meeyo.org,1
megallm.io,one-api-family,one-api,io,C_framework+content,no,,,,,megallm.io,1
mentoe.com,unlabeled,,com,,yes,,,无,,mentoe.com,1
metachat.work,unlabeled,,work,,yes,Amazon.com,United States,无,无,metachat.work,1
metoken.ai,one-api-family,new-api/one-api系,ai,A_api_status,no,,,,,metoken.ai,1
mfate.cn,unlabeled,"Nginx, React",cn,,yes,Shenzhen Tencent Computer Syst,China,有,,mfate.cn,1
micuapi.ai,one-api-family,new-api/one-api系,ai,A_api_status,yes,Cloudflare,Canada,无,,micuapi.ai,1
mikucode.xyz,one-api-family,new-api/one-api系,xyz,A_api_status,no,,,,,mikucode.xyz,1
minitoken.top,one-api-family,new-api/one-api系,top,A_api_status,yes,OVH SAS,United States,无,,minitoken.top,1
mitchll.com,one-api-family,new-api/one-api系,com,A_api_status,no,,,,,mitchll.com,1
mkeai.com,one-api-family,new-api/one-api系,com,A_api_status,no,,,,,mkeai.com,1
mmaqq.top,one-api-family,new-api/one-api系,top,A_api_status,no,,,,,mmaqq.top,1
mmw.ink,unlabeled,,ink,,yes,Hubei Feixun Network Co.,China,有,无,mmw.ink,1
mnapi.com,one-api-family,new-api/one-api系,com,A_api_status,yes,Cloudflare,Canada,无,,mnapi.com,1
moark.ai,openai-compatible-unknown,openai_compatible_unknown,ai,B_v1_models,no,,,,,moark.ai,1
modcon.top,unlabeled,Cloudflare,top,,yes,Cloudflare,Canada,无,,modcon.top,1
model-port.xyz,one-api-family,new-api/one-api系,xyz,A_api_status,no,,,,,model-port.xyz,1
modelapi.co,one-api-family,new-api/one-api系,co,A_api_status,no,,,,,modelapi.co,1
modelbeat.ai,one-api-family,one-api,ai,C_framework+content,no,,,,,modelbeat.ai,1
modelcode.one,one-api-family,new-api/one-api系,one,A_api_status,no,,,,,modelcode.one,1
modelpier.ai,one-api-family,new-api/one-api系,ai,A_api_status,no,,,,,modelpier.ai,1
modernmt.com,one-api-family,new-api,com,C_framework+content,no,,,,,modernmt.com,1
mofas.one,one-api-family,new-api/one-api系,one,A_api_status,no,,,,,mofas.one,1
moleapi.com,one-api-family,new-api/one-api系,com,A_api_status,no,,,,,moleapi.com,1
mondon.ai,one-api-family,one-api,ai,C_framework+content,no,,,,,mondon.ai,1
mongodb.org,one-api-family,one-api,org,C_framework+content,no,,,,,mongodb.org,1
monking.ai,one-api-family,new-api/one-api系,ai,A_api_status,no,,,,,monking.ai,1
mooko.ai,one-api-family,new-api/one-api系,ai,A_api_status,no,,,,,mooko.ai,1
morphllm.com,one-api-family,one-api,com,C_framework+content,no,,,,,morphllm.com,1
mosshubs.com,one-api-family,new-api/one-api系,com,A_api_status,no,,,,,mosshubs.com,1
moyuu.cc,one-api-family,new-api/one-api系,cc,A_api_status,no,,,,,moyuu.cc,1
muskapi.cc,unlabeled,"Cloudflare, Vue",cc,,yes,Cloudflare,Canada,有,,muskapi.cc,1
mxyhi.com,one-api-family,new-api/one-api系,com,A_api_status,yes,Cloudflare,Canada,无,,mxyhi.com,1
mytokenpi.com,one-api-family,"Nginx, React, NewAPI",com,,yes,Alibaba (US) Technology Co.,United States,无,,mytokenpi.com,1
mzlone.top,unlabeled,"Cloudflare, React",top,,yes,Cloudflare,Canada,无,,mzlone.top,1
n1n.ai,one-api-family,new-api/one-api系,ai,A_api_status,no,,,,,n1n.ai,1
naitok.ai,one-api-family,new-api/one-api系,ai,A_api_status,no,,,,,naitok.ai,1
nbapi.cc,unlabeled,"Nginx, React",cc,,yes,NetLab Global,United States,无,,nbapi.cc,1
nbility.dev,one-api-family,new-api/one-api系,dev,A_api_status,yes,Cloudflare,Canada,有,,nbility.dev,1
nekoapi.com,one-api-family,new-api/one-api系,com,A_api_status,no,,,,,nekoapi.com,1
nekocode.ai,unlabeled,"Cloudflare, React",ai,,yes,Cloudflare,Canada,无,,nekocode.ai,1
neokoaigc.com,one-api-family,new-api/one-api系,com,A_api_status,no,,,,,neokoaigc.com,1
newapi.pro,one-api-family,new-api,pro,C_framework+content,no,,,,,newapi.pro,1
newcli.com,one-api-family,new-api/one-api系,com,A_api_status,yes,Cloudflare,Canada,无,,dataeyes.ai,2
newzone.top,one-api-family,new-api,top,C_framework+content,no,,,,,newzone.top,1
nexaxis.ai,one-api-family,new-api/one-api系,ai,A_api_status,yes,FDCservers.net,United States,无,,nexaxis.ai,1
nextoken.online,unlabeled,"Cloudflare, Vue",online,,yes,Cloudflare,Canada,有,,nextoken.online,1
nexusapi.cn,one-api-family,new-api/one-api系,cn,A_api_status,no,,,,,nexusapi.cn,1
nikoapi.xyz,one-api-family,new-api/one-api系,xyz,A_api_status,no,,,,,nikoapi.xyz,1
niubiai.ai,one-api-family,new-api/one-api系,ai,A_api_status,no,,,,,niubiai.ai,1
nodapi.com,one-api-family,new-api/one-api系,com,A_api_status,no,,,,,nodapi.com,1
nuwaapi.com,one-api-family,new-api/one-api系,com,A_api_status,no,,,,,nuwaapi.com,1
oai2api.com,one-api-family,new-api/one-api系,com,A_api_status,no,,,,,oai2api.com,1
ocoolai.com,one-api-family,new-api/one-api系,com,A_api_status,no,,,,,ocoolai.com,1
octoken.com.cn,one-api-family,new-api/one-api系,cn,A_api_status,no,,,,,octoken.com.cn,1
officesai.top,one-api-family,new-api/one-api系,top,A_api_status,yes,Cloudflare,Canada,有,,officesai.top,1
ofox.ai,one-api-family,one-api,ai,C_framework+content,no,,,,,ofox.ai,1
ogog.ai,one-api-family,new-api/one-api系,ai,A_api_status,yes,OVH SAS,United States,无,,ogog.ai,1
oiov.dev,one-api-family,new-api,dev,C_framework+content,no,,,,,oiov.dev,1
ominigate.ai,one-api-family,one-api,ai,C_framework+content,no,,,,,ominigate.ai,1
ominigate.com,one-api-family,one-api,com,C_framework+content,no,,,,,ominigate.com,1
onebound.cn,one-api-family,one-api,cn,C_framework+content,no,,,,,onebound.cn,1
onechats.ai,one-api-family,new-api/one-api系,ai,A_api_status,no,,,,,onechats.ai,3
onechats.cn,one-api-family,new-api/one-api系,cn,A_api_status,no,,,,,onechats.ai,3
onechats.top,one-api-family,new-api/one-api系,top,A_api_status,no,,,,,onechats.ai,3
onecheckout.ai,one-api-family,one-api,ai,C_framework+content,no,,,,,onecheckout.ai,1
onehop.ai,one-api-family,one-api,ai,C_framework+content,no,,,,,onehop.ai,1
onetoken.one,one-api-family,new-api/one-api系,one,A_api_status,no,,,,,onetoken.one,1
onrender.com,one-api-family,new-api/one-api系,com,A_api_status,no,,,,,onrender.com,1
oogaming.cn,one-api-family,new-api/one-api系,cn,A_api_status,no,,,,,bdshmmkj3.cn,5
ope.ai,one-api-family,new-api/one-api系,ai,A_api_status,yes,Cloudflare,Canada,有,,ope.ai,1
openaeon.ai,one-api-family,new-api/one-api系,ai,A_api_status,yes,Cloudflare,Canada,无,,openaeon.ai,1
openai-ch.top,one-api-family,new-api/one-api系,top,A_api_status,no,,,,,openai-ch.top,1
openai-hub.com,one-api-family,new-api/one-api系,com,A_api_status,no,,,,,openai-hub.com,1
openai-labs.com,one-api-family,new-api/one-api系,com,A_api_status,no,,,,,openai-labs.com,1
openai-up.com,one-api-family,new-api/one-api系,com,A_api_status,no,,,,,openai-up.com,1
openclaudecode.cn,unlabeled,,cn,,yes,,,,,openclaudecode.cn,1
openclawroot.com,one-api-family,new-api/one-api系,com,A_api_status,no,,,,,openclawroot.com,1
openiapi.com,one-api-family,new-api/one-api系,com,A_api_status,no,,,,,openiapi.com,1
openminis.app,one-api-family,one-api,app,C_framework+content,no,,,,,openminis.app,1
openmux.ai,unlabeled,Nginx,ai,,yes,Alibaba (US) Technology Co.,Singapore,有,,openmux.ai,1
openrouter.ai,one-api-family,one-api,ai,C_framework+content,no,,,,,openrouter.ai,1
openrouter.com,one-api-family,one-api,com,C_framework+content,no,,,,,openrouter.com,1
opentk.ai,unlabeled,"Cloudflare, Vue",ai,,yes,Cloudflare,Canada,有,,opentk.ai,1
openxs.top,one-api-family,new-api/one-api系,top,A_api_status,no,,,,,openxs.top,1
opper.ai,one-api-family,one-api,ai,C_framework+content,no,,,,,opper.ai,1
orcarouter.ai,one-api-family,new-api/one-api系,ai,A_api_status,no,,,,,orcarouter.ai,1
owlai.tech,unlabeled,"Cloudflare, Vue",tech,,yes,Cloudflare,Canada,有,,owlai.tech,1
oxycode.net,unlabeled,,net,,yes,CORENET CLOUD SDN. BHD.,Hong Kong,无,,oxycode.net,1
packyapi.com,one-api-family,new-api/one-api系,com,A_api_status,yes,Cloudflare,Canada,有,,packyapi.com,1
paintbot.top,one-api-family,new-api/one-api系,top,A_api_status,no,,,,,paintbot.top,2
perfxlab.cn,one-api-family,new-api/one-api系,cn,A_api_status,no,,,,,perfxlab.cn,1
pixelmuse.shop,unlabeled,"Nginx, Vue",shop,,yes,AkileCloud Network,Japan,有,,pixelmuse.shop,1
playclaude.xyz,one-api-family,new-api/one-api系,xyz,A_api_status,no,,,,,playclaude.xyz,1
plushub.ai,one-api-family,new-api/one-api系,ai,A_api_status,no,,,,,plushub.ai,1
poixe.com,unlabeled,Cloudflare,com,,yes,Cloudflare,Canada,有,,poixe.com,1
poloai.top,one-api-family,new-api/one-api系,top,A_api_status,no,,,,,poloai.top,3
poloapi.com,one-api-family,new-api/one-api系,com,A_api_status,no,,,,,poloai.top,3
poloapi.top,one-api-family,new-api/one-api系,top,A_api_status,no,,,,,poloai.top,3
poooai.com,one-api-family,new-api/one-api系,com,A_api_status,no,,,,,poooai.com,1
poyo.ai,one-api-family,one-api,ai,C_framework+content,no,,,,,poyo.ai,1
ppchat.vip,one-api-family,new-api/one-api系,vip,A_api_status,no,,,,,ppchat.vip,1
pptoken.org,sub2api,sub2api,org,C_framework+content,no,,,,,pptoken.org,1
ppword.cn,unlabeled,Nginx,cn,,yes,Hangzhou Alibaba Advertising C,China,无,,ppword.cn,1
prismapi.site,unlabeled,Cloudflare,site,,yes,Cloudflare,Canada,无,,prismapi.site,1
pro365.top,one-api-family,new-api/one-api系,top,A_api_status,no,,,,,pro365.top,1
prorisehub.com,one-api-family,new-api/one-api系,com,A_api_status,no,,,,,paintbot.top,2
proxy2it.com,unlabeled,Vue,com,,yes,NetLab Global,United States,有,,proxy2it.com,1
publora.com,one-api-family,one-api,com,C_framework+content,no,,,,,publora.com,1
puter.com,one-api-family,one-api,com,C_framework+content,no,,,,,puter.com,1
qhaigc.net,confirmed-unknown,unknown,net,A_api_status,no,,,,,qhaigc.net,1
qianxing.pro,one-api-family,new-api/one-api系,pro,A_api_status,no,,,,,qianxing.pro,1
qingyuntop.top,one-api-family,new-api/one-api系,top,A_api_status,no,,,,,qingyuntop.top,1
qinzhiai.com,one-api-family,new-api/one-api系,com,A_api_status,no,,,,,qinzhiai.com,1
qiuqiutoken.com,one-api-family,new-api/one-api系,com,A_api_status,yes,CNSERVERS LLC,United States,无,,qiuqiutoken.com,1
qixing1217.top,one-api-family,new-api,top,C_framework+content,no,,,,,qixing1217.top,1
qiyiguo.uk,one-api-family,new-api/one-api系,uk,A_api_status,yes,Tencent Building,Singapore,无,,qiyiguo.uk,1
qlhazycoder.top,one-api-family,new-api/one-api系,top,A_api_status,no,,,,,qlhazycoder.top,1
quickquickai.com,one-api-family,new-api/one-api系,com,A_api_status,no,,,,,quickquickai.com,1
qwqtao.one,one-api-family,new-api/one-api系,one,A_api_status,yes,Cloudflare,Canada,无,无,qwqtao.one,1
qzz.io,one-api-family,new-api/one-api系,io,A_api_status,no,,,,,qzz.io,1
racetozero.org.cn,one-api-family,new-api/one-api系,cn,A_api_status,no,,,,,bdshmmkj3.cn,5
rapidapi.com,one-api-family,one-api,com,C_framework+content,no,,,,,rapidapi.com,1
rcouyi.com,one-api-family,new-api/one-api系,com,A_api_status,no,,,,,rcouyi.com,1
realmrouter.cn,one-api-family,new-api/one-api系,cn,A_api_status,no,,,,,realmrouter.cn,1
relaydance.com,one-api-family,new-api/one-api系,com,A_api_status,no,,,,,relaydance.com,1
rewind.ai,one-api-family,one-api,ai,C_framework+content,no,,,,,rewind.ai,1
right.codes,unlabeled,Cloudflare,codes,,yes,Cloudflare,Canada,无,,right.codes,1
rinkoai.com,one-api-family,new-api/one-api系,com,A_api_status,no,,,,,rinkoai.com,1
riserouter.ai,one-api-family,new-api/one-api系,ai,A_api_status,no,,,,,riserouter.ai,1
riyuexy.cc,sub2api,sub2api,cc,C_framework+content,no,,,,,riyuexy.cc,1
rkai6.com,unlabeled,"Cloudflare, React",com,,yes,Cloudflare,Canada,无,,rkai6.com,1
rootflowai.com,one-api-family,new-api/one-api系,com,A_api_status,yes,FASTNET DATA INC,United States,无,,rootflowai.com,1
routeeasy.ai,one-api-family,new-api/one-api系,ai,A_api_status,no,,,,,routeeasy.ai,1
routeplane.ai,one-api-family,one-api,ai,C_framework+content,no,,,,,routeplane.ai,1
rpg8.cn,one-api-family,new-api/one-api系,cn,A_api_status,yes,Cloudflare,Canada,无,,rpg8.cn,1
rtoc.cc,one-api-family,new-api/one-api系,cc,A_api_status,no,,,,,rtoc.cc,1
runapi.ai,one-api-family,one-api,ai,C_framework+content,no,,,,,runapi.ai,1
runapi.co,one-api-family,new-api/one-api系,co,A_api_status,yes,OVH SAS,United States,有,,runapi.co,1
runware.ai,one-api-family,one-api,ai,C_framework+content,no,,,,,runware.ai,1
sadai.top,unlabeled,"Cloudflare, React",top,,yes,Cloudflare,Canada,无,,sadai.top,1
safeapi.vip,sub2api,sub2api,vip,C_framework+content,yes,HostPapa,United States,有,,safeapi.vip,1
sakana.ai,one-api-family,new-api,ai,C_framework+content,no,,,,,sakana.ai,1
satuo66.online,one-api-family,new-api/one-api系,online,A_api_status,yes,CHINA UNICOM China169 Backbone,China,无,,satuo66.online,1
sbbbbbbbbb.xyz,one-api-family,new-api/one-api系,xyz,A_api_status,yes,FASTNET DATA INC,United States,无,,sbbbbbbbbb.xyz,1
scam.ai,one-api-family,one-api,ai,C_framework+content,no,,,,,scam.ai,1
schyler.top,unlabeled,Vue,top,,yes,CYBERJET PTE. LTD.,Singapore,有,,schyler.top,1
sevnx.one,unlabeled,,one,,yes,Cloudflare,Canada,无,,sevnx.one,1
shareapi.ai,one-api-family,new-api/one-api系,ai,A_api_status,no,,,,,shareapi.ai,1
shen-ai-xie.ai,one-api-family,new-api/one-api系,ai,A_api_status,no,,,,,shen-ai-xie.ai,1
shitang359.space,unlabeled,,space,,yes,Peekabo Networks,United States,无,无,shitang359.space,1
shiyutv.cn,unlabeled,Vue,cn,,yes,Zhejiang Taobao Network Co.,United States,有,,shiyutv.cn,1
shubiaobiao.cn,one-api-family,new-api/one-api系,cn,A_api_status,no,,,,,ai-gaochao.cn,2
shubiaobiao.com,one-api-family,new-api/one-api系,com,A_api_status,no,,,,,shubiaobiao.com,1
silkapi.com,unlabeled,"Cloudflare, Vue",com,,yes,Cloudflare,Canada,有,,silkapi.com,1
skillto.ai,one-api-family,new-api/one-api系,ai,A_api_status,no,,,,,skillto.ai,1
skyapi.org,one-api-family,new-api/one-api系,org,A_api_status,no,,,,,skyapi.org,1
smartaipro.cn,one-api-family,new-api/one-api系,cn,A_api_status,no,,,,,smartaipro.cn,1
soruxgpt.com,one-api-family,new-api/one-api系,com,A_api_status,no,,,,,soruxgpt.com,1
sourcesdata.com,sub2api,sub2api,com,C_framework+content,no,,,,,sourcesdata.com,1
sparkcode.top,unlabeled,"Cloudflare, React",top,,yes,Cloudflare,Canada,无,,sparkcode.top,1
spritnest.com,one-api-family,new-api/one-api系,com,A_api_status,yes,Alibaba (US) Technology Co.,Hong Kong,无,无,spritnest.com,1
squarefaceicon.org,one-api-family,"Cloudflare, React, NewAPI",org,,yes,Cloudflare,Canada,无,,squarefaceicon.org,1
ssgoo.net,unlabeled,"Nginx, Vue",net,,yes,cognetcloud INC,Hong Kong,有,,ssgoo.net,1
ssopen.top,one-api-family,new-api/one-api系,top,A_api_status,no,,,,,ssopen.top,1
sssaicode.com,unlabeled,Cloudflare,com,,yes,Cloudflare,Canada,有,,sssaicode.com,1
sta1n.cn,one-api-family,new-api/one-api系,cn,A_api_status,yes,Cloudflare,Canada,无,无,sta1n.cn,1
starveri.net,one-api-family,new-api,net,C_framework+content,no,,,,,starveri.net,1
subgate.io,unlabeled,"Cloudflare, Vue",io,,yes,Cloudflare,Canada,有,,subgate.io,1
subisle.cc,one-api-family,new-api/one-api系,cc,A_api_status,no,,,,,subisle.cc,1
subrouter.ai,one-api-family,new-api/one-api系,ai,A_api_status,yes,Cloudflare,Canada,有,,subrouter.ai,1
subtoken.vip,sub2api,sub2api,vip,C_framework+content,no,,,,,subtoken.vip,1
suchuang.vip,one-api-family,new-api/one-api系,vip,A_api_status,no,,,,,suchuang.vip,1
sudobug.top,one-api-family,new-api/one-api系,top,A_api_status,yes,Alibaba (US) Technology Co.,Singapore,无,,sudobug.top,1
sudocode.chat,unlabeled,"Cloudflare, React",chat,,yes,Cloudflare,Canada,无,,sudocode.chat,2
sudocode.us,one-api-family,new-api/one-api系,us,A_api_status,yes,IT7 Networks Inc,United States,无,,sudocode.chat,2
sui-xiang.com,unlabeled,"Cloudflare, Vue",com,,yes,PEG TECH INC,China,有,,sui-xiang.com,1
sunskii.com,unlabeled,Vue,com,,yes,Florian Kolb,Germany,有,,sunskii.com,1
sunyears.com,one-api-family,new-api/one-api系,com,A_api_status,no,,,,,sunyears.com,1
superapi.buzz,one-api-family,new-api/one-api系,buzz,A_api_status,yes,Cloudflare,Canada,有,,superapi.buzz,1
supermemory.ai,one-api-family,one-api,ai,C_framework+content,no,,,,,supermemory.ai,1
switchbase.vip,one-api-family,new-api/one-api系,vip,A_api_status,yes,NetLab Global,United States,无,,switchbase.vip,1
sychatplus.cc,one-api-family,new-api/one-api系,cc,A_api_status,no,,,,,sychatplus.cc,1
tallius.ai,one-api-family,new-api/one-api系,ai,A_api_status,yes,Cloudflare,Canada,有,,tallius.ai,1
taluna.ai,one-api-family,new-api/one-api系,ai,A_api_status,no,,,,,taluna.ai,1
tcdmx.com,unlabeled,,com,,yes,Antbox Networks Limited,Hong Kong,有,,tcdmx.com,1
teamolab.com,one-api-family,one-api,com,C_framework+content,no,,,,,teamolab.com,1
teamorouter.com,one-api-family,one-api,com,C_framework+content,no,,,,,teamorouter.com,1
telenow.ai,one-api-family,one-api,ai,C_framework+content,no,,,,,telenow.ai,1
tencentcloudmaas.com,openai-compatible-unknown,openai_compatible_unknown,com,B_v1_models,no,,,,,tencentcloudmaas.com,1
terminal.pub,unlabeled,Cloudflare,pub,,yes,Cloudflare,Canada,无,,terminal.pub,1
tetrate.ai,openai-compatible-unknown,openai_compatible_unknown,ai,B_v1_models,no,,,,,tetrate.ai,1
therouter.ai,one-api-family,one-api,ai,C_framework+content,no,,,,,therouter.ai,1
thestocklist.site,one-api-family,new-api/one-api系,site,A_api_status,yes,Hong Kong Communications Inter,Hong Kong,无,,thestocklist.site,1
thousandengine.com,one-api-family,new-api/one-api系,com,A_api_status,no,,,,,thousandengine.com,1
threadzy.ai,one-api-family,one-api,ai,C_framework+content,no,,,,,threadzy.ai,1
tian-shu.org,one-api-family,new-api/one-api系,org,A_api_status,no,,,,,tian-shu.org,1
tiantianai.pro,one-api-family,new-api/one-api系,pro,A_api_status,no,,,,,tiantianai.pro,1
tieapi.com,one-api-family,new-api/one-api系,com,A_api_status,yes,Cloudflare,Canada,无,,tieapi.com,1
timebackward.com,one-api-family,new-api/one-api系,com,A_api_status,yes,OVH SAS,United States,无,,timebackward.com,1
timesniper.club,unlabeled,,club,,yes,,,无,,timesniper.club,1
timicc.com,unlabeled,"Cloudflare, Vue",com,,yes,Cloudflare,Canada,有,,timicc.com,1
timyai.com,unlabeled,,com,,yes,,,无,,timyai.com,1
tmlab.store,one-api-family,new-api/one-api系,store,A_api_status,yes,Amazon.com,Hong Kong,无,,tmlab.store,1
tocodex.com,one-api-family,new-api/one-api系,com,A_api_status,yes,Cloudflare,Canada,有,,tocodex.com,1
tokaify.com,unlabeled,React,com,,yes,China Telecom (Group),China,无,,tokaify.com,1
tokendodo.ai,one-api-family,new-api/one-api系,ai,A_api_status,no,,,,,tokendodo.ai,1
tokeness.cn,one-api-family,new-api/one-api系,cn,A_api_status,yes,Cloudflare,Canada,有,,tokeness.cn,1
tokeneum.ai,one-api-family,new-api/one-api系,ai,A_api_status,no,,,,,tokeneum.ai,1
tokenflux.dev,unlabeled,"Cloudflare, Vue",dev,,yes,Cloudflare,Canada,有,,tokenflux.dev,1
tokenget.ai,one-api-family,new-api/one-api系,ai,A_api_status,no,,,,,tokenget.ai,1
tokenlb.net,one-api-family,new-api/one-api系,net,A_api_status,no,,,,,tokenlb.net,1
tokenmix.ai,one-api-family,one-api,ai,C_framework+content,yes,Cloudflare,Canada,有,,tokenmix.ai,1
tokenonly.ai,unlabeled,,ai,,yes,Tencent Building,Hong Kong,有,,tokenonly.ai,1
tokenopen.ai,one-api-family,new-api/one-api系,ai,A_api_status,no,,,,,tokenopen.ai,1
tokenrouter.com,one-api-family,new-api/one-api系,com,A_api_status,no,,,,,tokenrouter.com,1
tokenshen.top,one-api-family,new-api/one-api系,top,A_api_status,no,,,,,tokenshen.top,1
tokenvalley.ai,one-api-family,new-api/one-api系,ai,A_api_status,no,,,,,tokenvalley.ai,1
toknex.ai,unlabeled,"Cloudflare, Vue",ai,,yes,Cloudflare,Canada,有,,toknex.ai,1
tongapi.com,one-api-family,new-api/one-api系,com,A_api_status,yes,Cloudflare,Canada,无,,tongapi.com,1
toolcode.top,unlabeled,"Cloudflare, Vue",top,,yes,Cloudflare,Canada,有,,toolcode.top,1
torchai.ai,one-api-family,new-api/one-api系,ai,A_api_status,no,,,,,torchai.ai,1
tracup.com,one-api-family,new-api/one-api系,com,A_api_status,no,,,,,tracup.com,1
traxnode.com,one-api-family,new-api/one-api系,com,A_api_status,yes,Cloudflare,Canada,无,,traxnode.com,1
treerouter.com,one-api-family,new-api/one-api系,com,A_api_status,no,,,,,treerouter.com,1
trendsetting-ai.com,one-api-family,new-api/one-api系,com,A_api_status,no,,,,,trendsetting-ai.com,1
trumpapi.ai,one-api-family,new-api/one-api系,ai,A_api_status,no,,,,,trumpapi.ai,1
trustedrouter.com,openai-compatible-unknown,openai_compatible_unknown,com,B_v1_models,no,,,,,trustedrouter.com,1
tryallai.com,unlabeled,Cloudflare,com,,yes,Cloudflare,United States,无,,tryallai.com,1
tsbys.com,one-api-family,new-api/one-api系,com,A_api_status,no,,,,,tsbys.com,1
ttop5.cc,one-api-family,new-api,cc,C_framework+content,no,,,,,ttop5.cc,1
tu-zi.com,one-api-family,new-api/one-api系,com,A_api_status,yes,IT7 Networks Inc,United States,有,,tu-zi.com,1
twentytwohundred.ai,one-api-family,one-api,ai,C_framework+content,no,,,,,twentytwohundred.ai,1
twgom.com,one-api-family,new-api/one-api系,com,A_api_status,no,,,,,twgom.com,1
ugf.cc,sub2api,sub2api,cc,C_framework+content,no,,,,,ugf.cc,1
uglycat.cc,one-api-family,new-api/one-api系,cc,A_api_status,yes,Cloudflare,Canada,无,无,uglycat.cc,1
uibeai.com,unlabeled,"Cloudflare, Vue",com,,yes,Cloudflare,Canada,有,,uibeai.com,1
uiuiapi.com,one-api-family,new-api/one-api系,com,A_api_status,no,,,,,uiuiapi.com,1
undyingapi.com,one-api-family,new-api/one-api系,com,A_api_status,no,,,,,undyingapi.com,1
uniapi.ai,one-api-family,new-api/one-api系,ai,A_api_status,no,,,,,uniapi.ai,1
uniprep.world,one-api-family,new-api/one-api系,world,A_api_status,yes,NetLab Global,United States,无,,uniprep.world,1
unity2.ai,unlabeled,"Cloudflare, Vue",ai,,yes,Cloudflare,Canada,有,,unity2.ai,1
unorouter.ai,one-api-family,new-api/one-api系,ai,A_api_status,no,,,,,unorouter.ai,1
uocode.com,one-api-family,new-api/one-api系,com,A_api_status,yes,Cloudflare,Canada,有,,uocode.com,1
usclaude.us,one-api-family,voapi,us,C_framework+content,yes,FASTNET DATA INC,United States,有,,usclaude.us,1
uu6.top,one-api-family,new-api/one-api系,top,A_api_status,no,,,,,uu6.top,1
uuapi.net,unlabeled,"Cloudflare, Vue",net,,yes,Cloudflare,Canada,有,,uuapi.net,1
uucode.org,one-api-family,new-api,org,C_framework+content,no,,,,,uucode.org,1
uuroute.ai,one-api-family,one-api,ai,C_framework+content,no,,,,,uuroute.ai,1
vbcode.io,one-api-family,new-api/one-api系,io,A_api_status,no,,,,,vbcode.io,1
vectorengine.ai,one-api-family,new-api/one-api系,ai,A_api_status,yes,OVH SAS,United States,无,,vectorengine.ai,1
velokey.ai,one-api-family,one-api,ai,C_framework+content,no,,,,,velokey.ai,1
venlacy.com,one-api-family,new-api/one-api系,com,A_api_status,no,,,,,venlacy.com,1
vera-hub.ai,one-api-family,new-api/one-api系,ai,A_api_status,no,,,,,vera-hub.ai,1
vibecodingapi.ai,one-api-family,new-api/one-api系,ai,A_api_status,no,,,,,vibecodingapi.ai,1
visionati.com,one-api-family,one-api,com,C_framework+content,no,,,,,visionati.com,1
vllm.ai,one-api-family,new-api,ai,C_framework+content,no,,,,,vllm.ai,1
voltapi.ai,sub2api,sub2api,ai,C_framework+content,no,,,,,voltapi.ai,1
vpszdm.com,sub2api,sub2api,com,C_framework+content,no,,,,,vpszdm.com,1
vsllm.com,one-api-family,new-api/one-api系,com,A_api_status,no,,,,,vsllm.com,1
vvcode.top,one-api-family,new-api/one-api系,top,A_api_status,no,,,,,vvcode.top,1
vveai.com,one-api-family,new-api/one-api系,com,A_api_status,no,,,,,gpt.ge,2
wangmin.xyz,one-api-family,new-api/one-api系,xyz,A_api_status,no,,,,,wangmin.xyz,1
wangxiangai.org,unlabeled,,org,,yes,Cloudflare,Canada,无,,wangxiangai.org,1
wasdxx.xyz,one-api-family,new-api/one-api系,xyz,A_api_status,no,,,,,wasdxx.xyz,1
web3router.ai,one-api-family,new-api/one-api系,ai,A_api_status,no,,,,,web3router.ai,1
webchannel.ai,one-api-family,new-api/one-api系,ai,A_api_status,no,,,,,webchannel.ai,1
wellapi.ai,one-api-family,new-api/one-api系,ai,A_api_status,no,,,,,wellapi.ai,1
wenwen-ai.com,one-api-family,new-api/one-api系,com,A_api_status,no,,,,,wenwen-ai.com,1
whatai.cc,one-api-family,new-api/one-api系,cc,A_api_status,yes,Sharktech,United States,无,无,whatai.cc,1
whlemon.cn,unlabeled,"Cloudflare, Vue",cn,,yes,Cloudflare,Canada,有,,whlemon.cn,1
whyyapi.com,one-api-family,new-api/one-api系,com,A_api_status,no,,,,,whyyapi.com,1
willapi.one,one-api-family,new-api/one-api系,one,A_api_status,no,,,,,willapi.one,1
wintoken.dev,one-api-family,new-api/one-api系,dev,A_api_status,yes,Cloudflare,Canada,有,,cun.ai,2
wkapi.club,one-api-family,new-api/one-api系,club,A_api_status,no,,,,,wkapi.club,1
wlai.vip,one-api-family,new-api/one-api系,vip,A_api_status,no,,,,,wlai.vip,2
wochirou.com,one-api-family,new-api/one-api系,com,A_api_status,no,,,,,wochirou.com,1
wolfai.top,one-api-family,new-api/one-api系,top,A_api_status,no,,,,,wolfai.top,1
worldbase.ai,unlabeled,Cloudflare,ai,,yes,Cloudflare,Canada,无,,worldbase.ai,1
worldrouter.ai,one-api-family,one-api,ai,C_framework+content,no,,,,,worldrouter.ai,1
wushuangai.com,one-api-family,new-api/one-api系,com,A_api_status,no,,,,,wushuangai.com,1
x-see.cn,one-api-family,new-api/one-api系,cn,A_api_status,no,,,,,x-see.cn,2
xaix.me,one-api-family,new-api/one-api系,me,A_api_status,yes,Hangzhou Alibaba Advertising C,China,无,,xaix.me,1
xb1520.com,unlabeled,"Cloudflare, Vue",com,,yes,Cloudflare,Canada,有,,xb1520.com,1
xbhuiz.com,unlabeled,,com,,yes,FASTNET DATA INC,United States,有,,xbhuiz.com,1
xcode.best,unlabeled,"Cloudflare, React",best,,yes,Cloudflare,Canada,有,,xcode.best,1
xeduapi.com,one-api-family,new-api/one-api系,com,A_api_status,no,,,,,xeduapi.com,1
xem8k5.top,one-api-family,new-api/one-api系,top,A_api_status,yes,Cloudflare,Canada,无,,xem8k5.top,1
xfyun.cn,one-api-family,one-api,cn,C_framework+content,no,,,,,xfyun.cn,1
xi-ai.cn,one-api-family,new-api/one-api系,cn,A_api_status,no,,,,,xi-ai.cn,1
xiaojingai.com,one-api-family,new-api/one-api系,com,A_api_status,yes,ACE,Singapore,无,无,x-see.cn,2
xiaoruiapi.cc,unlabeled,Nginx,cc,,yes,Shenzhen Tencent Computer Syst,China,有,,xiaoruiapi.cc,1
xiaoyo.cn,one-api-family,new-api/one-api系,cn,A_api_status,no,,,,,xiaoyo.cn,1
xinggangai.com,one-api-family,new-api/one-api系,com,A_api_status,yes,Alibaba (US) Technology Co.,Hong Kong,无,无,xinggangai.com,1
xinglianapi.com,one-api-family,new-api/one-api系,com,A_api_status,no,,,,,xinglianapi.com,1
xinyuanai666.com,one-api-family,new-api/one-api系,com,A_api_status,no,,,,,xinyuanai666.com,1
xlyun.pro,one-api-family,"Cloudflare, React, NewAPI",pro,,yes,Cloudflare,Canada,无,,xlyun.pro,1
xn--15q04w3tg4kio0a.com,one-api-family,new-api/one-api系,com,A_api_status,no,,,,,xn--15q04w3tg4kio0a.com,1
xpluse.plus,one-api-family,new-api/one-api系,plus,A_api_status,yes,Cloudflare,Canada,无,,ai-szzx.online,2
xpoz.ai,one-api-family,one-api,ai,C_framework+content,no,,,,,xpoz.ai,1
xt-url.com,one-api-family,new-api/one-api系,com,A_api_status,no,,,,,xt-url.com,1
xtoken.xin,one-api-family,new-api/one-api系,xin,A_api_status,yes,OVH SAS,United States,无,,xtoken.xin,1
xty.app,one-api-family,new-api/one-api系,app,A_api_status,no,,,,,xty.app,1
xunhupay.com,one-api-family,new-api,com,C_framework+content,no,,,,,xunhupay.com,1
xunhuweb.com,one-api-family,new-api,com,C_framework+content,no,,,,,xunhuweb.com,1
xybbz.xyz,sub2api,sub2api,xyz,C_framework+content,no,,,,,xybbz.xyz,1
xyc.ai,one-api-family,new-api/one-api系,ai,A_api_status,yes,ACE,Singapore,无,,xyc.ai,1
yansd666.com,one-api-family,new-api/one-api系,com,A_api_status,no,,,,,yansd666.com,2
yansd666.top,one-api-family,new-api/one-api系,top,A_api_status,no,,,,,yansd666.com,2
ycyapi.cn,one-api-family,new-api/one-api系,cn,A_api_status,no,,,,,ycyapi.cn,1
yes.vg,unlabeled,"Cloudflare, React",vg,,yes,Cloudflare,Canada,有,,yes.vg,1
yibuapi.com,one-api-family,new-api/one-api系,com,A_api_status,no,,,,,yibuapi.com,1
yijiarj.cn,one-api-family,new-api/one-api系,cn,A_api_status,no,,,,,yijiarj.cn,1
yikoulian.cc,one-api-family,new-api/one-api系,cc,A_api_status,no,,,,,yikoulian.cc,1
yixia.ai,one-api-family,new-api/one-api系,ai,A_api_status,no,,,,,yixia.ai,1
ykh.ai,one-api-family,new-api/one-api系,ai,A_api_status,yes,Cloudflare,Canada,无,,ykh.ai,1
yooart.top,one-api-family,new-api/one-api系,top,A_api_status,no,,,,,yooart.top,1
yooyai.cc,one-api-family,"Nginx, React, NewAPI",cc,,yes,Spartan Host Ltd,United States,无,,yooyai.cc,1
youkies.space,one-api-family,new-api/one-api系,space,A_api_status,yes,GoMami Networks,Hong Kong,有,无,youkies.space,1
yuedongapi.top,unlabeled,,top,,yes,Amazon.com,United States,无,,yuedongapi.top,1
yuegle.com,one-api-family,new-api/one-api系,com,A_api_status,no,,,,,yuegle.com,1
yundu.lat,unlabeled,"Cloudflare, Vue",lat,,yes,Cloudflare,Canada,有,,yundu.lat,1
yunserver.cn,one-api-family,new-api/one-api系,cn,A_api_status,yes,Hubei Feixun Network Co.,China,无,,yunserver.cn,1
yunwu.ai,one-api-family,new-api/one-api系,ai,A_api_status,no,,,,,wlai.vip,2
yunzhiapi.cn,one-api-family,new-api,cn,C_framework+content,no,,,,,yunzhiapi.cn,1
yxaiapp.com,one-api-family,new-api/one-api系,com,A_api_status,yes,,,无,,yxaiapp.com,1
zaimaai.cn,unlabeled,,cn,,yes,,,无,,zaimaai.cn,1
zaiwen.top,one-api-family,new-api/one-api系,top,A_api_status,no,,,,,zaiwen.top,1
zc-s.org.cn,one-api-family,new-api/one-api系,cn,A_api_status,no,,,,,bdshmmkj3.cn,5
zen-ai.top,one-api-family,new-api/one-api系,top,A_api_status,no,,,,,zen-ai.top,1
zernio.com,one-api-family,one-api,com,C_framework+content,no,,,,,zernio.com,1
zerocode.sbs,unlabeled,"Cloudflare, React",sbs,,yes,Cloudflare,Canada,有,,zerocode.sbs,1
zetaapi.ai,one-api-family,new-api,ai,C_framework+content,no,,,,,zetaapi.ai,1
zhangyuapi.com,one-api-family,new-api/one-api系,com,A_api_status,yes,Cloudflare,Canada,有,,zhangyuapi.com,1
zhansi.top,one-api-family,new-api/one-api系,top,A_api_status,no,,,,,zhansi.top,1
zhengshuyun.net,one-api-family,new-api/one-api系,net,A_api_status,no,,,,,zhengshuyun.net,1
zhtec.xyz,one-api-family,new-api/one-api系,xyz,A_api_status,no,,,,,zhtec.xyz,1
zivv.pro,unlabeled,"Cloudflare, React",pro,,yes,Cloudflare,Canada,有,,zivv.pro,1
zjt66.top,one-api-family,new-api/one-api系,top,A_api_status,no,,,,,zjt66.top,1
zlapi.pro,one-api-family,new-api/one-api系,pro,A_api_status,no,,,,,zlapi.pro,2
zlapi.vip,one-api-family,new-api/one-api系,vip,A_api_status,yes,NetLab Global,United States,无,,zlapi.pro,2
zxai.work,one-api-family,"Cloudflare, React, NewAPI",work,,yes,Cloudflare,Canada,,,zxai.work,1
zxiaoruan.cn,one-api-family,new-api/one-api系,cn,A_api_status,no,,,,,zxiaoruan.cn,1
zzshu.cc,one-api-family,new-api/one-api系,cc,A_api_status,no,,,,,zzshu.cc,1
