domain,stack_family,site_role,hosting_type,maturity_tier,health,birth_year,dedicated_cert,operator_id,operator_domains,multi_brand_operator,template_family,payment_methods,has_faka,trust_claims
0029.org,sub2api,conversion_layer,unknown,new_2026,unknown,2026,,0029.org,1,,,,,
050602.xyz,unlabeled,unidentified,unknown,growing_2025,ONLINE,2025,,050602.xyz,1,,,,,
10dianai.com,one-api-family,relay,cdn_fronted,new_2026,https_alive,2026,Y,10dianai.com,1,,,,,
112102.xyz,one-api-family,relay,cdn_fronted,new_2026,https_alive,2026,Y,112102.xyz,1,,,,,
121628.xyz,one-api-family,relay,cdn_fronted,established,https_alive,2022,Y,121628.xyz,1,,,,,
123nhh.com,one-api-family,relay,cdn_fronted,new_2026,https_alive,2026,Y,123nhh.com,1,,,,,
123nhh.xyz,one-api-family,relay,cdn_fronted,growing_2025,https_alive,2025,Y,123nhh.xyz,1,,,,,
12ai.org,one-api-family,relay,cdn_fronted,established,https_alive,2024,Y,12ai.org,1,,,,,
132999.xyz,one-api-family,relay,direct_origin,established,https_alive,2023,Y,132999.xyz,1,,,,,
147ai.cn,one-api-family,relay,direct_origin,growing_2025,https_alive,2025,Y,147ai.cn,3,Y,147ai.cn,,,
147ai.com,one-api-family,relay,direct_origin,growing_2025,https_alive,2025,Y,147ai.cn,3,Y,147ai.cn,,,
17nas.com,one-api-family,relay,cdn_fronted,growing_2025,CLOUDFLARE_OR_BLOCKED,2025,Y,17nas.com,1,,,,,
180txt.cn,one-api-family,relay,cdn_fronted,new_2026,https_alive,2026,Y,180txt.cn,1,,,,,
1xm.ai,one-api-family,relay,cdn_fronted,new_2026,ONLINE,2026,Y,1xm.ai,1,,,,,
2020111.xyz,one-api-family,relay,cdn_fronted,established,https_alive,2024,Y,2020111.xyz,1,,,,,
242243.xyz,one-api-family,relay,unknown,growing_2025,unknown,2025,,242243.xyz,1,,,,,
361888.xyz,one-api-family,relay,direct_origin,growing_2025,https_alive,2025,Y,361888.xyz,1,,,,,
4399ai.cn,one-api-family,relay,cdn_fronted,established,https_alive,2023,Y,4399ai.cn,1,,,,,
4router.net,one-api-family,relay,direct_origin,new_2026,https_alive,2026,Y,4router.net,1,,,,,
4sapi.com,one-api-family,relay,direct_origin,growing_2025,https_alive,2025,Y,4sapi.com,2,,4sapi.com,,,
4sapi.net,one-api-family,relay,direct_origin,new_2026,https_alive,2026,Y,4sapi.com,2,,4sapi.com,,,
4zapi.com,one-api-family,relay,cdn_fronted,growing_2025,https_alive,2025,Y,4zapi.com,1,,,,,
52ccl.cn,one-api-family,relay,direct_origin,established,https_alive,2020,Y,52ccl.cn,1,,52ccl.cn,,,
52mx.net,one-api-family,relay,cdn_fronted,established,https_alive,2023,Y,52mx.net,1,,,,,
580ai.net,one-api-family,relay,direct_origin,growing_2025,https_alive,2025,Y,147ai.cn,3,Y,147ai.cn,,,
5cookie.cc,one-api-family,relay,unknown,new_2026,ONLINE,2026,,5cookie.cc,1,,,,,
66ai.ai,one-api-family,relay,cdn_fronted,new_2026,https_alive,2026,Y,66ai.ai,1,,,,,
724codes.com,unlabeled,unidentified,direct_origin,new_2026,ONLINE,2026,Y,724codes.com,1,,,,,
777114.xyz,one-api-family,relay,cdn_fronted,growing_2025,https_alive,2025,Y,777114.xyz,1,,,,,
777358.xyz,one-api-family,relay,cdn_fronted,new_2026,https_alive,2026,Y,777358.xyz,1,,,,,
78code.cc,one-api-family,relay,unknown,new_2026,unknown,2026,,78code.cc,1,,,,,
7x.hk,one-api-family,relay,cdn_fronted,new_2026,https_alive,2026,Y,7x.hk,1,,,,,
8864k.com,one-api-family,relay,direct_origin,established,https_alive,2014,Y,8864k.com,1,,,,,
88api.chat,one-api-family,relay,cdn_fronted,new_2026,https_alive,2026,Y,88api.chat,1,,,,,
8yes.cc,one-api-family,relay,unknown,new_2026,unknown,2026,,8yes.cc,1,,,,,
91router.ai,one-api-family,relay,cdn_fronted,new_2026,https_alive,2026,Y,91router.ai,1,,,,,
9527code.com,one-api-family,relay,cdn_fronted,new_2026,ONLINE,2026,Y,9527code.com,1,,,,,
992236.xyz,one-api-family,relay,cdn_fronted,growing_2025,unknown,2025,,992236.xyz,1,,,,,
996444.cn,one-api-family,relay,direct_origin,established,https_alive,2024,Y,996444.cn,1,,,,,
999554.xyz,one-api-family,relay,cdn_fronted,established,https_alive,2020,Y,999554.xyz,1,,,,,
a1r.cc,one-api-family,relay,cdn_fronted,established,https_alive,2023,Y,a1r.cc,1,,,,,
a6api.com,one-api-family,relay,cdn_fronted,new_2026,https_alive,2026,Y,a6api.com,1,,,,,
a8.hk,one-api-family,relay,cdn_fronted,established,https_alive,2015,Y,a8.hk,3,,,,,
aaatoken.cn,one-api-family,relay,cdn_fronted,new_2026,ONLINE,2026,Y,aaatoken.cn,1,,,,,
aabao.vip,one-api-family,relay,cdn_fronted,established,https_alive,2023,Y,aabao.vip,1,,,,,
abacus.ai,one-api-family,relay,cdn_fronted,established,https_alive,2017,Y,abacus.ai,1,,,,,
abcrelay.com,one-api-family,relay,cdn_fronted,new_2026,https_alive,2026,Y,abcrelay.com,1,,,,,
ablai.top,one-api-family,relay,direct_origin,established,https_alive,2024,Y,ablai.top,6,Y,ablai.top,,,
affordableaiapi.com,one-api-family,relay,direct_origin,new_2026,https_alive,2026,Y,affordableaiapi.com,1,,,,,
africarouter.ai,one-api-family,relay,cdn_fronted,new_2026,https_alive,2026,Y,africarouter.ai,5,Y,africarouter.ai,,,
agentrouter.org,one-api-family,relay,cdn_fronted,growing_2025,https_alive,2025,Y,agentrouter.org,1,,,,,
ai-gaochao.cn,one-api-family,relay,direct_origin,established,https_alive,2023,Y,ai-gaochao.cn,4,Y,ai-gaochao.cn,,,
ai-openclaw.one,one-api-family,relay,direct_origin,new_2026,https_alive,2026,Y,ai-openclaw.one,1,,,,,
ai-szzx.online,unlabeled,unidentified,cdn_fronted,established,ONLINE,2023,,ai-szzx.online,2,,,,,
ai-wave.org,one-api-family,relay,cdn_fronted,growing_2025,https_alive,2025,Y,ai-wave.org,2,Y,,,,
ai-yyds.com,one-api-family,relay,cdn_fronted,established,https_alive,2023,Y,ai-yyds.com,1,,,,,
ai.cc,one-api-family,relay,direct_origin,established,unknown,1997,,ai.cc,1,,,,,
ai123.one,one-api-family,relay,unknown,new_2026,unknown,2026,,ai123.one,1,,,,,
aiapi.world,unlabeled,unidentified,unknown,unknown,ONLINE,,,aiapi.world,1,,,,,
aiapidoctor.com,one-api-family,relay,cdn_fronted,new_2026,https_alive,2026,Y,aiapidoctor.com,1,,,,,
aiapify.com,one-api-family,relay,cdn_fronted,new_2026,ONLINE,2026,Y,aiapify.com,1,,,,,
aiapipk.com,one-api-family,relay,direct_origin,established,https_alive,2024,Y,aiapipk.com,1,,,,,
aiapis.io,unlabeled,unidentified,cdn_fronted,new_2026,ONLINE,2026,Y,aiapis.io,1,,,,,
aiartmirror.com,one-api-family,relay,direct_origin,new_2026,https_alive,2026,Y,aiartmirror.com,1,,,,,
aiberm.com,one-api-family,relay,cdn_fronted,established,ONLINE,2024,Y,aiberm.com,1,,,,,
aibinghe.xyz,unlabeled,unidentified,cdn_fronted,new_2026,ONLINE,2026,Y,aibinghe.xyz,1,,aibinghe.xyz,,,
aicc0.com,one-api-family,relay,unknown,growing_2025,unknown,2025,,aicc0.com,1,,,,,
aicodemirror.com,unlabeled,unidentified,cdn_fronted,growing_2025,ONLINE,2025,Y,aicodemirror.com,1,,,,,
aieania.tech,unlabeled,unidentified,cdn_fronted,new_2026,ONLINE,2026,Y,aieania.tech,1,,,,,
aiearth.dev,one-api-family,relay,cdn_fronted,new_2026,https_alive,2026,Y,aiearth.dev,1,,,,,
aiflowhub.ai,one-api-family,relay,cdn_fronted,new_2026,https_alive,2026,Y,aiflowhub.ai,1,,,,,
aifoxspa.com,one-api-family,relay,cdn_fronted,new_2026,https_alive,2026,Y,aifoxspa.com,1,,,,,
aigc2d.com,one-api-family,relay,cdn_fronted,established,https_alive,2023,Y,aigc2d.com,1,,,,,
aigc456.top,one-api-family,relay,cdn_fronted,established,https_alive,2023,Y,aigc456.top,3,Y,,,,
aigcbest.top,one-api-family,relay,direct_origin,established,https_alive,2023,Y,aigc456.top,3,Y,aigcbest.top,,,
aigm99.cn,one-api-family,relay,cdn_fronted,new_2026,ONLINE,2026,Y,aigm99.cn,1,,,,,
aigo123.net,one-api-family,relay,cdn_fronted,established,https_alive,2023,Y,aigo123.net,1,,,,,
aigocode.com,unlabeled,unidentified,cdn_fronted,growing_2025,ONLINE,2025,Y,aigocode.com,1,,,,,
aijws.com,unlabeled,unidentified,cdn_fronted,new_2026,CLOUDFLARE_OR_BLOCKED,2026,Y,aijws.com,1,,,,,
aikeji.vip,one-api-family,relay,cdn_fronted,established,https_alive,2024,Y,aikeji.vip,1,,,,,
aimlapi.com,one-api-family,relay,cdn_fronted,established,https_alive,2023,Y,aimlapi.com,1,,,,,
ainstant.pro,one-api-family,relay,cdn_fronted,new_2026,https_alive,2026,Y,ainstant.pro,3,,,,,
aiok.club,one-api-family,relay,cdn_fronted,new_2026,https_alive,2026,Y,aiok.club,1,,,,,
aiporters.com,one-api-family,relay,cdn_fronted,established,https_alive,2024,Y,aiporters.com,1,,,,,
aircode.xin,unlabeled,unidentified,unknown,new_2026,ONLINE,2026,,aircode.xin,1,,,,,
aiskt.com,one-api-family,relay,direct_origin,established,https_alive,2023,Y,aiskt.com,1,,,,,
aisz.mom,one-api-family,relay,cdn_fronted,new_2026,ONLINE,2026,Y,aisz.mom,1,,,,,
aixor.org,one-api-family,relay,cdn_fronted,new_2026,https_alive,2026,Y,aixor.org,1,,,,,
aiyahmm.com,one-api-family,relay,unknown,new_2026,unknown,2026,,aiyahmm.com,1,,,,,
aizex.top,one-api-family,relay,cdn_fronted,established,https_alive,2023,Y,aizex.top,1,,,,,
aladingapi.cc,one-api-family,relay,cdn_fronted,new_2026,ONLINE,2026,Y,aladingapi.cc,1,,aibinghe.xyz,,,
allinai7.cloud,unlabeled,unidentified,unknown,new_2026,DNS_FAIL,2026,,allinai7.cloud,1,,,,,
amutes.com,one-api-family,relay,unknown,new_2026,unknown,2026,,amutes.com,1,,,,,
amux.ai,one-api-family,relay,direct_origin,new_2026,https_alive,2026,Y,amux.ai,1,,,,,
ananapi.com,one-api-family,relay,cdn_fronted,new_2026,https_alive,2026,Y,ananapi.com,1,,,,,
anpin.ai,unlabeled,unidentified,direct_origin,new_2026,ONLINE,2026,Y,anpin.ai,1,,,,,
ant-ling.com,openai-compatible-unknown,unidentified,cdn_fronted,growing_2025,https_alive,2025,Y,ant-ling.com,1,,,,,
antirez.com,one-api-family,relay,direct_origin,established,https_alive,2006,Y,antirez.com,1,,,,,
antsk.cn,one-api-family,relay,cdn_fronted,established,https_alive,2024,Y,antsk.cn,1,,,,,
anxidc.com,unlabeled,unidentified,unknown,established,DNS_FAIL,2023,,anxidc.com,1,,,,,
anyaigc.com,one-api-family,relay,cdn_fronted,new_2026,https_alive,2026,Y,anyaigc.com,1,,,,,
anyone.ai,one-api-family,relay,cdn_fronted,established,https_alive,2017,Y,anyone.ai,1,,,,,
anyroute.io,unlabeled,unidentified,direct_origin,new_2026,ONLINE,2026,Y,anyroute.io,2,Y,anyroute.io,,,
aokapi.com,one-api-family,relay,cdn_fronted,new_2026,ONLINE,2026,Y,aokapi.com,1,,,,,
apertis.ai,one-api-family,relay,cdn_fronted,new_2026,https_alive,2026,Y,apertis.ai,1,,,,,
api000.com,one-api-family,relay,direct_origin,growing_2025,https_alive,2025,Y,api000.com,1,,,,,
api2cn.com,unlabeled,unidentified,cdn_fronted,new_2026,ONLINE,2026,Y,api2cn.com,1,,,,,
api520.pro,one-api-family,relay,direct_origin,new_2026,https_alive,2026,Y,api520.pro,1,,ai-gaochao.cn,,,
api96.com,one-api-family,relay,cdn_fronted,growing_2025,https_alive,2025,Y,api96.com,1,,,,,
apiclaude.cc,unlabeled,unidentified,unknown,new_2026,ONLINE,2026,,apiclaude.cc,1,,,,,
apiddt.com,one-api-family,relay,cdn_fronted,new_2026,https_alive,2026,Y,apiddt.com,1,,,,,
apidock.ai,one-api-family,relay,cdn_fronted,new_2026,https_alive,2026,Y,apidock.ai,1,,,,,
apigator.ai,one-api-family,relay,cdn_fronted,new_2026,unknown,2026,,apigator.ai,1,,,,,
apihost.cn,one-api-family,relay,direct_origin,new_2026,https_alive,2026,Y,apihost.cn,1,,,,,
apimart.ai,one-api-family,relay,cdn_fronted,growing_2025,https_alive,2025,Y,apimart.ai,1,,,,,
apinebula.com,one-api-family,relay,cdn_fronted,new_2026,unknown,2026,,apinebula.com,1,,,,,
apinova.cc,unlabeled,unidentified,unknown,new_2026,ONLINE,2026,,apinova.cc,1,,,,,
apiporter.com,unlabeled,unidentified,unknown,new_2026,ONLINE,2026,,apiporter.com,1,,,,,
apirouter.ai,one-api-family,relay,cdn_fronted,established,https_alive,2023,Y,apirouter.ai,1,,,,,
apiwarrior.xyz,one-api-family,relay,cdn_fronted,established,https_alive,2023,Y,apiwarrior.xyz,1,,,,,
apixo.ai,one-api-family,relay,cdn_fronted,growing_2025,https_alive,2025,Y,apixo.ai,1,,,,,
apiyi.com,one-api-family,relay,direct_origin,established,https_alive,2024,Y,apiyi.com,1,,,,,
ark717.com,one-api-family,relay,cdn_fronted,established,https_alive,2019,Y,ark717.com,1,,,,,
arkvision.ai,one-api-family,relay,cdn_fronted,new_2026,https_alive,2026,Y,arkvision.ai,1,,,,,
arpanet.icu,one-api-family,relay,direct_origin,growing_2025,ONLINE,2025,Y,arpanet.icu,1,,,,,
atlascloud.ai,one-api-family,relay,cdn_fronted,established,https_alive,2024,Y,atlascloud.ai,1,,,,,
atomflow.vip,one-api-family,relay,cdn_fronted,new_2026,https_alive,2026,Y,atomflow.vip,1,,,,,
autocontentapi.com,one-api-family,relay,direct_origin,established,https_alive,2024,Y,autocontentapi.com,1,,,,,
autorouter.io,one-api-family,relay,cdn_fronted,new_2026,CLOUDFLARE_OR_BLOCKED,2026,Y,autorouter.io,1,,,,,
avoapi.com,one-api-family,relay,unknown,growing_2025,unknown,2025,,avoapi.com,1,,,,,
axisapi.cn,one-api-family,relay,cdn_fronted,new_2026,https_alive,2026,Y,axisapi.cn,1,,,,,
azapi.com.cn,one-api-family,relay,direct_origin,growing_2025,https_alive,2025,Y,azapi.com.cn,1,,,,,
b.ai,unlabeled,unidentified,cdn_fronted,established,ONLINE_LOGIN_REQUIRED,2017,Y,b.ai,1,,,,,
b886.top,unlabeled,unidentified,unknown,established,DNS_FAIL,2024,,b886.top,2,,,,,
baobu.xyz,unlabeled,unidentified,cdn_fronted,growing_2025,ONLINE,2025,Y,baobu.xyz,1,,,,,
baogutang.top,unlabeled,unidentified,direct_origin,established,ONLINE,2023,Y,baogutang.top,1,,,,,
bazaarlink.ai,one-api-family,relay,cdn_fronted,new_2026,https_alive,2026,Y,bazaarlink.ai,1,,,,,
bbww.top,one-api-family,relay,cdn_fronted,new_2026,ONLINE,2026,Y,bbww.top,2,,,,,
bdshmmkj3.cn,one-api-family,relay,direct_origin,growing_2025,unknown,2025,,bdshmmkj3.cn,5,,bdshmmkj3.cn,,,
bearlab.ai,one-api-family,relay,cdn_fronted,new_2026,https_alive,2026,Y,bearlab.ai,2,,,,,
beecode.cc,unlabeled,unidentified,unknown,new_2026,ONLINE,2026,,beecode.cc,1,,,,,
beefapi.com,one-api-family,relay,cdn_fronted,new_2026,ONLINE,2026,Y,beefapi.com,1,,,,,
bestswifter.com,one-api-family,relay,direct_origin,established,https_alive,2015,Y,bestswifter.com,1,,,,,
bianxie.ai,one-api-family,relay,direct_origin,established,https_alive,2024,Y,a8.hk,3,,,,,
bianxieai.com,one-api-family,relay,cdn_fronted,established,https_alive,2023,Y,a8.hk,3,,,,,
biyuan.ai,one-api-family,relay,cdn_fronted,new_2026,https_alive,2026,Y,biyuan.ai,1,,,,,
bjxrouter.com,one-api-family,relay,cdn_fronted,new_2026,https_alive,2026,Y,bjxrouter.com,2,,,,,
bltcy.ai,one-api-family,relay,direct_origin,established,https_alive,2024,Y,ablai.top,6,Y,ablai.top,,,
bltcy.top,one-api-family,relay,cdn_fronted,established,https_alive,2023,Y,ablai.top,6,Y,,,,
bluesminds.com,one-api-family,relay,direct_origin,new_2026,https_alive,2026,Y,bluesminds.com,1,,,,,
bobdong.cn,one-api-family,relay,direct_origin,established,ONLINE,2015,Y,bobdong.cn,1,,52ccl.cn,,,
bookapi.cc,one-api-family,relay,cdn_fronted,new_2026,https_alive,2026,Y,bookapi.cc,1,,,,,
bossclaw.org,unlabeled,unidentified,unknown,new_2026,ONLINE,2026,,bossclaw.org,1,,,,,
botcf.com,one-api-family,relay,cdn_fronted,new_2026,https_alive,2026,Y,botcf.com,1,,,,,
boxying.com,one-api-family,relay,cdn_fronted,new_2026,https_alive,2026,Y,boxying.com,1,,,,,
boya.one,unlabeled,unidentified,direct_origin,new_2026,HTTP_ERROR,2026,,boya.one,1,,,,,
burncloud.com,one-api-family,relay,cdn_fronted,established,https_alive,2013,Y,burncloud.com,1,,,,,
buykey.ai,one-api-family,relay,cdn_fronted,new_2026,https_alive,2026,Y,buykey.ai,1,,,,,
buzz7.top,one-api-family,relay,cdn_fronted,growing_2025,https_alive,2025,Y,buzz7.top,3,,,,,
buzzai.cc,one-api-family,relay,direct_origin,new_2026,ONLINE,2026,Y,buzz7.top,3,,buzzai.cc,,,
buzzai.top,one-api-family,relay,unknown,new_2026,unknown,2026,,buzz7.top,3,,,,,
bybing.cc,one-api-family,relay,cdn_fronted,new_2026,https_alive,2026,Y,bjxrouter.com,2,,,,,
bytecatcode.org,one-api-family,relay,direct_origin,new_2026,https_alive,2026,Y,bytecatcode.org,1,,,,,
callgpt.co.uk,one-api-family,relay,direct_origin,established,https_alive,2024,Y,callgpt.co.uk,1,,,,,
callxyq.xyz,one-api-family,relay,direct_origin,growing_2025,ONLINE,2025,Y,callxyq.xyz,1,,,,,
catapi.ai,one-api-family,relay,direct_origin,new_2026,https_alive,2026,Y,catapi.ai,1,,,,,
cc-api.chat,one-api-family,relay,cdn_fronted,new_2026,https_alive,2026,Y,cc-api.chat,1,,,,,
cc-vibe.com,unlabeled,unidentified,direct_origin,new_2026,ONLINE,2026,Y,cc-vibe.com,1,,,,,
ccfly.codes,unlabeled,unidentified,direct_origin,new_2026,ONLINE,2026,Y,ccfly.codes,2,Y,ccfly.codes,,,
ccgoai.com,unlabeled,unidentified,unknown,new_2026,ONLINE,2026,,ccgoai.com,1,,,,,
cckeys.top,unlabeled,unidentified,cdn_fronted,new_2026,ONLINE,2026,,cckeys.top,1,,,,,
ccll.xyz,one-api-family,relay,cdn_fronted,new_2026,https_alive,2026,Y,ccll.xyz,1,,,,,
ccmax20.cc,unlabeled,unidentified,unknown,new_2026,ONLINE,2026,,ccmax20.cc,2,Y,,,,
ccode.dev,unlabeled,unidentified,direct_origin,new_2026,ONLINE,2026,Y,ccode.dev,2,Y,ccode.dev,,,
ccplus.site,unlabeled,unidentified,direct_origin,new_2026,ONLINE,2026,Y,ccfly.codes,2,Y,ccfly.codes,,,
ccrouter.ai,unlabeled,unidentified,cdn_fronted,new_2026,ONLINE,2026,Y,ccrouter.ai,1,,,,,
cctq.ai,one-api-family,relay,cdn_fronted,new_2026,https_alive,2026,Y,b886.top,2,,,,,
ccwu.cc,one-api-family,relay,cdn_fronted,growing_2025,https_alive,2025,Y,ccwu.cc,1,,,,,
cdn.ad,unlabeled,unidentified,direct_origin,established,ONLINE,2024,Y,cdn.ad,1,,ccode.dev,,,
centos.hk,one-api-family,relay,cdn_fronted,growing_2025,ONLINE,2025,Y,centos.hk,1,,,,,
chaozhi.chat,unlabeled,unidentified,cdn_fronted,new_2026,ONLINE,2026,Y,chaozhi.chat,1,,,,,
chat01.ai,one-api-family,relay,cdn_fronted,established,https_alive,2024,Y,chat01.ai,1,,,,,
chatfire.cn,one-api-family,relay,direct_origin,established,https_alive,2024,Y,chatfire.cn,1,,,,,
chatgpt.org.uk,one-api-family,relay,cdn_fronted,established,https_alive,2022,Y,chatgpt.org.uk,1,,,,,
chatgpt.top,one-api-family,relay,cdn_fronted,established,https_alive,2022,Y,chatgpt.top,1,,,,,
chatgptid.net,one-api-family,relay,cdn_fronted,established,https_alive,2023,Y,chatgptid.net,1,,,,,
chatopens.vip,unlabeled,unidentified,unknown,growing_2025,ONLINE,2025,,chatopens.vip,1,,,,,
cheapai.ai,one-api-family,relay,unknown,new_2026,unknown,2026,,cheapai.ai,1,,,,,
cherry-ai.com,one-api-family,relay,cdn_fronted,established,https_alive,2024,Y,cherry-ai.com,1,,,,,
cherryin.ai,one-api-family,relay,cdn_fronted,growing_2025,https_alive,2025,Y,cherryin.ai,2,,,,,
cherryin.net,one-api-family,relay,cdn_fronted,growing_2025,https_alive,2025,Y,cherryin.ai,2,,,,,
chesspnt.com,unlabeled,unidentified,direct_origin,established,ONLINE,2024,Y,chesspnt.com,1,,,,,
chiangma.com,one-api-family,relay,cdn_fronted,established,https_alive,2024,Y,chiangma.com,1,,,,,
chintao.cn,one-api-family,relay,direct_origin,established,ONLINE,2024,Y,chintao.cn,1,,chintao.cn,,,
chiyicn.com,unlabeled,unidentified,cdn_fronted,new_2026,ONLINE,2026,Y,chiyicn.com,1,,,,,
chongcodex.cn,one-api-family,relay,direct_origin,new_2026,https_alive,2026,Y,chongcodex.cn,1,,,,,
chrouter.com,one-api-family,relay,cdn_fronted,new_2026,https_alive,2026,Y,chrouter.com,1,,,,,
chshapi.org,one-api-family,relay,direct_origin,new_2026,ONLINE,2026,Y,chshapi.org,1,,,,,
chunxueapi.com,one-api-family,relay,direct_origin,new_2026,ONLINE,2026,Y,chunxueapi.com,1,,,,,
chybenzun.top,one-api-family,relay,cdn_fronted,new_2026,https_alive,2026,Y,chybenzun.top,1,,,,,
cialloapi.cn,unlabeled,unidentified,cdn_fronted,new_2026,ONLINE,2026,Y,cialloapi.cn,1,,,,,
ciyuan-token.com,one-api-family,relay,direct_origin,new_2026,https_alive,2026,Y,ciyuan-token.com,1,,,,,
ciyuanshen.top,one-api-family,relay,direct_origin,new_2026,https_alive,2026,Y,ciyuanshen.top,1,,,,,
clauddy.com,one-api-family,relay,cdn_fronted,growing_2025,https_alive,2025,Y,clauddy.com,1,,,,,
claude-api.org,sub2api,conversion_layer,cdn_fronted,new_2026,ONLINE,2026,Y,claude-api.org,2,,,,,
claude360.xyz,one-api-family,relay,direct_origin,new_2026,https_alive,2026,Y,claude360.xyz,1,,,,,
claudeagent.com.cn,one-api-family,relay,cdn_fronted,new_2026,ONLINE,2026,Y,claudeagent.com.cn,1,,,,,
claudeapi.ai,one-api-family,relay,cdn_fronted,new_2026,https_alive,2026,Y,claudeapi.ai,1,,,,,
claudeapi.com,one-api-family,relay,cdn_fronted,growing_2025,ONLINE,2025,Y,claudeapi.com,1,,,,,
claudeapi.io,one-api-family,relay,cdn_fronted,new_2026,https_alive,2026,Y,claudeapi.io,1,,,,,
claudecn.top,one-api-family,relay,cdn_fronted,growing_2025,ONLINE,2025,Y,claudecn.top,1,,,,,
claudeforcheap.com,one-api-family,relay,cdn_fronted,new_2026,https_alive,2026,Y,claudeforcheap.com,1,,,,,
claudemain.com,one-api-family,relay,cdn_fronted,new_2026,https_alive,2026,Y,claudemain.com,1,,,,,
clauqe.ai,unlabeled,unidentified,direct_origin,new_2026,ONLINE,2026,,clauqe.ai,2,,clauqe.ai,,,
clawopen.top,one-api-family,relay,cdn_fronted,new_2026,ONLINE,2026,Y,clawopen.top,1,,,,,
cloudns.org,one-api-family,relay,cdn_fronted,new_2026,https_alive,2026,Y,cloudns.org,1,,,,,
coaiwork.com,one-api-family,relay,cdn_fronted,new_2026,https_alive,2026,Y,coaiwork.com,1,,,,,
code-cli.cn,one-api-family,relay,direct_origin,growing_2025,https_alive,2025,Y,code-cli.cn,1,,chintao.cn,,,
code-relay.com,one-api-family,relay,cdn_fronted,growing_2025,https_alive,2025,Y,code-relay.com,1,,,,,
code0.ai,one-api-family,relay,cdn_fronted,new_2026,https_alive,2026,Y,code0.ai,1,,,,,
codefwd.top,one-api-family,relay,direct_origin,new_2026,ONLINE,2026,Y,codefwd.top,1,,,,,
codeilab.com,one-api-family,relay,cdn_fronted,growing_2025,https_alive,2025,Y,codeilab.com,1,,,,,
coderelay.cn,one-api-family,relay,cdn_fronted,new_2026,ONLINE,2026,Y,coderelay.cn,1,,,,,
codesome.ai,unlabeled,unidentified,cdn_fronted,new_2026,ONLINE,2026,Y,codesome.ai,1,,,,,
codesonline.dev,unlabeled,unidentified,direct_origin,new_2026,ONLINE,2026,Y,codesonline.dev,1,,,,,
codesuc.top,unlabeled,unidentified,unknown,growing_2025,ONLINE,2025,,codesuc.top,1,,,,,
codexapis.com,one-api-family,relay,cdn_fronted,new_2026,https_alive,2026,Y,codexapis.com,1,,,,,
codexopenai.cloud,unlabeled,unidentified,unknown,new_2026,ONLINE,2026,,codexopenai.cloud,1,,,,,
codexzh.com,one-api-family,relay,direct_origin,new_2026,https_alive,2026,Y,codexzh.com,1,,,,,
cognilead.ai,one-api-family,relay,direct_origin,new_2026,https_alive,2026,Y,cognilead.ai,1,,,,,
cometapi.com,one-api-family,relay,cdn_fronted,established,https_alive,2024,Y,cometapi.com,1,,,,,
computetoken.ai,one-api-family,relay,cdn_fronted,new_2026,https_alive,2026,Y,computetoken.ai,1,,,,,
congmingai.com,unlabeled,unidentified,cdn_fronted,new_2026,ONLINE,2026,Y,congmingai.com,1,,,,,
cooper-api.com,one-api-family,relay,cdn_fronted,new_2026,ONLINE,2026,Y,cooper-api.com,1,,,,,
crazyrouter.com,one-api-family,relay,cdn_fronted,growing_2025,https_alive,2025,Y,crazyrouter.com,1,,,,,
crond.dev,one-api-family,relay,cdn_fronted,new_2026,ONLINE,2026,Y,bearlab.ai,2,,,,,
crossmodel.ai,one-api-family,relay,cdn_fronted,new_2026,https_alive,2026,Y,crossmodel.ai,1,,,,,
cubence.com,unlabeled,unidentified,cdn_fronted,growing_2025,ONLINE,2025,Y,cubence.com,1,,,,,
cuberouter.ai,one-api-family,relay,direct_origin,new_2026,https_alive,2026,Y,cuberouter.ai,1,,,,,
cun.ai,one-api-family,relay,cdn_fronted,established,https_alive,2023,Y,cun.ai,2,,,,,
cwapi.vip,one-api-family,relay,direct_origin,new_2026,https_alive,2026,Y,cwapi.vip,1,,buzzai.cc,,,
d5wa.com,one-api-family,relay,direct_origin,established,unknown,2023,,d5wa.com,1,,,,,
daidaibird.top,unlabeled,unidentified,cdn_fronted,growing_2025,ONLINE,2025,,daidaibird.top,1,,,,,
daikuankm.cn,one-api-family,relay,direct_origin,growing_2025,unknown,2025,,bdshmmkj3.cn,5,,bdshmmkj3.cn,,,
dakeai.cc,unlabeled,unidentified,direct_origin,growing_2025,ONLINE,2025,Y,dakeai.cc,1,,,,,
daodunapi.com,one-api-family,relay,cdn_fronted,new_2026,ONLINE,2026,Y,daodunapi.com,1,,,,,
dapicloud.com,one-api-family,relay,unknown,new_2026,unknown,2026,,dapicloud.com,1,,,,,
darkrouter.ai,one-api-family,relay,direct_origin,new_2026,unknown,2026,,darkrouter.ai,1,,,,,
dasuapi.com,one-api-family,relay,cdn_fronted,new_2026,ONLINE,2026,Y,dasuapi.com,1,,,,,
dataeyes.ai,one-api-family,relay,direct_origin,growing_2025,ONLINE,2025,Y,dataeyes.ai,2,Y,,,,
dawclaudecode.com,one-api-family,relay,direct_origin,growing_2025,ONLINE,2025,Y,dawclaudecode.com,1,,,,,
dbanalyst.ai,one-api-family,relay,cdn_fronted,new_2026,https_alive,2026,Y,dbanalyst.ai,1,,,,,
dddai.dev,one-api-family,relay,cdn_fronted,new_2026,https_alive,2026,Y,dddai.dev,1,,,,,
ddshub.cc,unlabeled,unidentified,direct_origin,new_2026,ONLINE,2026,Y,ddshub.cc,1,,,,,
de5.net,one-api-family,relay,cdn_fronted,established,https_alive,2024,Y,de5.net,1,,,,,
deepask.chat,unlabeled,unidentified,cdn_fronted,new_2026,ONLINE,2026,Y,deepask.chat,1,,,,,
deeprouter.top,one-api-family,relay,cdn_fronted,growing_2025,https_alive,2025,Y,deeprouter.top,1,,,,,
deerapi.com,one-api-family,relay,cdn_fronted,established,https_alive,2024,Y,deerapi.com,1,,,,,
derouter.ai,one-api-family,relay,cdn_fronted,new_2026,ONLINE,2026,Y,derouter.ai,1,,,,,
dgbmc.top,one-api-family,relay,cdn_fronted,growing_2025,unknown,2025,,dgbmc.top,1,,,,,
discordtool.vip,one-api-family,relay,cdn_fronted,growing_2025,ONLINE,2025,Y,discordtool.vip,1,,,,,
dit.ai,one-api-family,relay,cdn_fronted,established,https_alive,2017,Y,dit.ai,1,,,,,
dmxapi.cn,one-api-family,relay,direct_origin,established,https_alive,2024,Y,dmxapi.cn,1,,,,,
dmxapi.com,one-api-family,relay,direct_origin,established,https_alive,2024,Y,dmxapi.com,1,,,,,
dogenet.win,unlabeled,unidentified,direct_origin,established,ONLINE,2023,Y,dogenet.win,1,,,,,
dohoya.com,one-api-family,relay,cdn_fronted,new_2026,https_alive,2026,Y,dohoya.com,1,,,,,
dongli.work,one-api-family,relay,direct_origin,growing_2025,ONLINE,2025,Y,dongli.work,1,,,,,
dongtoken.com,one-api-family,relay,cdn_fronted,new_2026,https_alive,2026,Y,dongtoken.com,1,,,,,
dpapi.cn,one-api-family,relay,direct_origin,growing_2025,https_alive,2025,Y,dpapi.cn,1,,,,,
dpdns.org,one-api-family,relay,cdn_fronted,new_2026,https_alive,2026,Y,dpdns.org,1,,,,,
dragoncode.codes,unlabeled,unidentified,direct_origin,new_2026,ONLINE,2026,Y,clauqe.ai,2,,clauqe.ai,,,
dstopology.com,one-api-family,relay,cdn_fronted,new_2026,https_alive,2026,Y,dstopology.com,1,,,,,
duckcode.cn,unlabeled,unidentified,cdn_fronted,new_2026,CLOUDFLARE_OR_BLOCKED,2026,Y,duckcode.cn,1,,,,,
duckcoding.ai,one-api-family,relay,unknown,new_2026,ONLINE,2026,,duckcoding.ai,1,,,,,
dumplingai.com,one-api-family,relay,cdn_fronted,established,https_alive,2023,Y,dumplingai.com,1,,,,,
duou.ai,one-api-family,relay,cdn_fronted,new_2026,https_alive,2026,Y,duou.ai,1,,,,,
dzzi.ai,one-api-family,relay,cdn_fronted,growing_2025,ONLINE,2025,Y,dzzi.ai,1,,,,,
easy-token.com,unlabeled,unidentified,cdn_fronted,new_2026,ONLINE,2026,Y,africarouter.ai,5,Y,,,,
easyart.cc,one-api-family,relay,cdn_fronted,established,https_alive,2024,Y,easyart.cc,1,,,,,
easyrouter.io,one-api-family,relay,cdn_fronted,new_2026,ONLINE,2026,Y,easyrouter.io,1,,,,,
ebutterfly.cc,one-api-family,relay,unknown,new_2026,ONLINE,2026,,ebutterfly.cc,1,,,,,
eccoapi.com,one-api-family,relay,direct_origin,new_2026,https_alive,2026,Y,eccoapi.com,1,,,,,
edenai.co,one-api-family,relay,cdn_fronted,established,https_alive,2021,Y,edenai.co,1,,,,,
eirouter.com,one-api-family,relay,direct_origin,new_2026,https_alive,2026,Y,eirouter.com,1,,,,,
ejkoy.com,unlabeled,unidentified,cdn_fronted,established,ONLINE,2023,Y,ejkoy.com,1,,,,,
ekan8.com,one-api-family,relay,cdn_fronted,established,ONLINE,2015,Y,ekan8.com,1,,,,,
ekti.cc,unlabeled,unidentified,unknown,growing_2025,ONLINE,2025,,ekti.cc,1,,,,,
electronhub.ai,one-api-family,relay,cdn_fronted,growing_2025,https_alive,2025,Y,electronhub.ai,1,,,,,
enjoyapi.cc,unlabeled,unidentified,unknown,new_2026,ONLINE,2026,,enjoyapi.cc,1,,,,,
ephone.ai,confirmed-unknown,unidentified,cdn_fronted,established,ONLINE,2023,Y,ephone.ai,3,,,,,
ephone.chat,confirmed-unknown,unidentified,direct_origin,new_2026,https_alive,2026,Y,ephone.ai,3,,,,,
ergouapi.com,one-api-family,relay,cdn_fronted,new_2026,ONLINE,2026,Y,ergouapi.com,1,,,,,
eu.cc,one-api-family,relay,cdn_fronted,established,ONLINE,1997,Y,eu.cc,1,,,,,
eu.org,one-api-family,relay,cdn_fronted,new_2026,https_alive,2026,Y,eu.org,1,,,,,
eurouter.ai,one-api-family,relay,direct_origin,growing_2025,https_alive,2025,Y,eurouter.ai,1,,,,,
euzhi.com,one-api-family,relay,cdn_fronted,established,ONLINE,2020,Y,euzhi.com,1,,,,,
evolink.ai,one-api-family,relay,cdn_fronted,growing_2025,unknown,2025,,evolink.ai,1,,,,,
exe.xyz,one-api-family,relay,direct_origin,established,https_alive,2021,Y,exe.xyz,1,,,,,
fastcc.ai,one-api-family,relay,cdn_fronted,new_2026,https_alive,2026,Y,fastcc.ai,1,,,,,
fastgpt.cn,one-api-family,relay,cdn_fronted,established,https_alive,2023,Y,fastgpt.cn,2,,fastgpt.cn,,,
fastgpt.io,one-api-family,relay,cdn_fronted,growing_2025,https_alive,2025,Y,fastgpt.cn,2,,fastgpt.cn,,,
fastrouter.ai,one-api-family,relay,cdn_fronted,growing_2025,https_alive,2025,Y,fastrouter.ai,1,,,,,
featherless.ai,one-api-family,relay,cdn_fronted,established,https_alive,2024,Y,featherless.ai,1,,,,,
feng.cx,unlabeled,unidentified,unknown,established,ONLINE,2023,,feng.cx,1,,,,,
ffir.cn,one-api-family,relay,cdn_fronted,established,https_alive,2014,Y,ffir.cn,1,,,,,
findcg.com,unlabeled,unidentified,direct_origin,growing_2025,ONLINE,2025,,findcg.com,1,,,,,
fishxcode.com,one-api-family,relay,cdn_fronted,new_2026,ONLINE,2026,Y,fishxcode.com,1,,,,,
fkclaude.xyz,one-api-family,relay,direct_origin,new_2026,unknown,2026,,fkclaude.xyz,1,,,,,
flashapi.top,one-api-family,relay,direct_origin,new_2026,ONLINE,2026,Y,flashapi.top,1,,,,,
fluxnode.org,one-api-family,relay,unknown,new_2026,unknown,2026,,fluxnode.org,1,,,,,
fluxtoken.ai,one-api-family,relay,cdn_fronted,new_2026,https_alive,2026,Y,fluxtoken.ai,1,,,,,
franklybuilds.com,one-api-family,relay,cdn_fronted,new_2026,https_alive,2026,Y,franklybuilds.com,1,,,,,
freemodel.dev,unlabeled,unidentified,cdn_fronted,new_2026,ONLINE,2026,Y,freemodel.dev,1,,,,,
frogbot.ai,one-api-family,relay,cdn_fronted,new_2026,https_alive,2026,Y,frogbot.ai,1,,,,,
frontier-intelligence.tech,one-api-family,relay,cdn_fronted,new_2026,ONLINE,2026,Y,frontier-intelligence.tech,1,,,,,
fucheers.top,one-api-family,relay,unknown,new_2026,ONLINE,2026,,fucheers.top,1,,,,,
fuhuacloud.ai,one-api-family,relay,direct_origin,new_2026,https_alive,2026,Y,fuhuacloud.ai,1,,,,,
funnyskill.com,one-api-family,relay,cdn_fronted,new_2026,ONLINE,2026,Y,funnyskill.com,1,,,,,
fushengyunsuan.cn,one-api-family,relay,unknown,new_2026,unknown,2026,,fushengyunsuan.cn,2,,,,,
fushengyunsuan.com,one-api-family,relay,cdn_fronted,new_2026,https_alive,2026,Y,fushengyunsuan.cn,2,,,,,
futurmix.ai,one-api-family,relay,cdn_fronted,new_2026,https_alive,2026,Y,futurmix.ai,1,,,,,
fuxingapi.com,one-api-family,relay,cdn_fronted,new_2026,https_alive,2026,Y,fuxingapi.com,1,,,,,
gateone.ai,one-api-family,relay,cdn_fronted,growing_2025,https_alive,2025,Y,gateone.ai,1,,,,,
gatewayapi.ai,one-api-family,relay,direct_origin,new_2026,https_alive,2026,Y,gatewayapi.ai,1,,,,,
geekai.pro,one-api-family,relay,direct_origin,new_2026,https_alive,2026,Y,ablai.top,6,Y,ablai.top,,,
geeknow.ai,one-api-family,relay,direct_origin,new_2026,https_alive,2026,Y,geeknow.ai,1,,,,,
gemai.cc,one-api-family,relay,cdn_fronted,growing_2025,ONLINE,2025,,gemai.cc,1,,,,,
geminiapi.ai,one-api-family,relay,unknown,new_2026,unknown,2026,,geminiapi.ai,1,,,,,
getezclaw.com,one-api-family,relay,cdn_fronted,new_2026,ONLINE,2026,Y,getezclaw.com,1,,,,,
getgoapi.com,one-api-family,relay,cdn_fronted,established,https_alive,2024,Y,getgoapi.com,1,,,,,
getunikey.ai,one-api-family,relay,cdn_fronted,new_2026,https_alive,2026,Y,getunikey.ai,1,,,,,
ggff.net,one-api-family,relay,cdn_fronted,new_2026,https_alive,2026,Y,ggff.net,1,,,,,
ggrokheavy.xyz,one-api-family,relay,unknown,new_2026,unknown,2026,,ggrokheavy.xyz,1,,,,,
github.io,sub2api,conversion_layer,cdn_fronted,new_2026,https_alive,2026,Y,github.io,1,,,,,
globalai.vip,one-api-family,relay,direct_origin,growing_2025,https_alive,2025,Y,globalai.vip,1,,,,,
goapis.vip,one-api-family,relay,direct_origin,new_2026,https_alive,2026,Y,goapis.vip,1,,,,,
gogoapi.cloud,one-api-family,relay,cdn_fronted,new_2026,ONLINE,2026,Y,gogoapi.cloud,1,,,,,
gogogotoken.ai,one-api-family,relay,cdn_fronted,new_2026,https_alive,2026,Y,gogogotoken.ai,1,,,,,
gpt-load.com,one-api-family,relay,cdn_fronted,growing_2025,https_alive,2025,Y,gpt-load.com,1,,,,,
gpt-pool.com,one-api-family,relay,cdn_fronted,new_2026,https_alive,2026,Y,gpt-pool.com,1,,,,,
gpt.ge,one-api-family,relay,direct_origin,established,ONLINE,2023,Y,gpt.ge,2,,gpt.ge,,,
gptbest.vip,openai-compatible-unknown,unidentified,direct_origin,established,https_alive,2023,Y,gptbest.vip,1,,,,,
gpteamservices.com,unlabeled,unidentified,cdn_fronted,new_2026,ONLINE,2026,Y,gpteamservices.com,1,,,,,
gptnb.ai,one-api-family,relay,cdn_fronted,established,https_alive,2024,Y,gptnb.ai,1,,,,,
gptoai.top,one-api-family,relay,unknown,established,unknown,2024,,gptoai.top,1,,,,,
growupapi.ltd,unlabeled,unidentified,cdn_fronted,new_2026,ONLINE,2026,Y,growupapi.ltd,1,,,,,
guagua.uk,one-api-family,relay,direct_origin,growing_2025,ONLINE,2025,Y,guagua.uk,1,,,,,
guardentry.ai,one-api-family,relay,cdn_fronted,new_2026,https_alive,2026,Y,guardentry.ai,1,,guardentry.ai,,,
gzxsy.vip,one-api-family,relay,unknown,new_2026,unknown,2026,,gzxsy.vip,1,,,,,
h-e.top,one-api-family,relay,cdn_fronted,established,https_alive,2022,Y,h-e.top,1,,,,,
hack3rx.cn,unlabeled,unidentified,cdn_fronted,growing_2025,ONLINE,2025,Y,hack3rx.cn,1,,,,,
hangzhale.com,unlabeled,unidentified,cdn_fronted,new_2026,ONLINE,2026,Y,hangzhale.com,1,,,,,
hao.ai,one-api-family,relay,cdn_fronted,established,ONLINE,2017,Y,hao.ai,1,,,,,
hapuppy.com,one-api-family,relay,unknown,new_2026,unknown,2026,,hapuppy.com,1,,,,,
hboom.ai,one-api-family,relay,cdn_fronted,new_2026,https_alive,2026,Y,hboom.ai,1,,,,,
hcnote.cn,one-api-family,relay,direct_origin,established,https_alive,2020,Y,hcnote.cn,3,Y,52ccl.cn,,,
hcnsec.cn,one-api-family,relay,direct_origin,new_2026,https_alive,2026,Y,hcnsec.cn,2,,,,,
helicone.ai,one-api-family,relay,cdn_fronted,established,https_alive,2022,Y,helicone.ai,1,,,,,
helpcoder.cc,one-api-family,relay,unknown,growing_2025,unknown,2025,,helpcoder.cc,1,,,,,
hemaapi.cc,unlabeled,unidentified,unknown,new_2026,ONLINE,2026,,hemaapi.cc,1,,,,,
hepingan.top,sub2api,conversion_layer,cdn_fronted,established,ONLINE,2023,Y,hepingan.top,1,,,,,
heykey.ai,one-api-family,relay,direct_origin,new_2026,https_alive,2026,Y,heykey.ai,1,,,,,
hhnto.top,one-api-family,relay,direct_origin,new_2026,ONLINE,2026,Y,hhnto.top,1,,,,,
hiapi.store,one-api-family,relay,direct_origin,new_2026,ONLINE,2026,Y,hiapi.store,1,,,,,
hk.cn,unlabeled,unidentified,direct_origin,established,ONLINE,2024,Y,hk.cn,1,,,,,
hlool.top,one-api-family,relay,cdn_fronted,new_2026,https_alive,2026,Y,hlool.top,1,,,,,
hohoapi.com,one-api-family,relay,cdn_fronted,new_2026,ONLINE,2026,Y,hohoapi.com,1,,,,,
holamexicali.com,one-api-family,relay,unknown,growing_2025,unknown,2025,,holamexicali.com,1,,,,,
holdai.top,one-api-family,relay,direct_origin,established,https_alive,2023,Y,holdai.top,1,,,,,
hottoken.ai,one-api-family,relay,direct_origin,new_2026,https_alive,2026,Y,hottoken.ai,1,,,,,
howlife.cc,one-api-family,relay,direct_origin,established,https_alive,2023,Y,howlife.cc,1,,,,,
hslife.fun,unlabeled,unidentified,direct_origin,growing_2025,ONLINE,2025,Y,hslife.fun,1,,,,,
huaci.ai,one-api-family,relay,direct_origin,new_2026,https_alive,2026,Y,huaci.ai,2,Y,huaci.ai,,,
huanapi.com,one-api-family,relay,direct_origin,new_2026,HTTP_ERROR,2026,Y,anyroute.io,2,Y,anyroute.io,,,
huasuan.ai,one-api-family,relay,direct_origin,new_2026,https_alive,2026,Y,huaci.ai,2,Y,huaci.ai,,,
huiliuapi.com,unlabeled,unidentified,unknown,new_2026,ONLINE,2026,,huiliuapi.com,1,,,,,
huiyun.asia,one-api-family,relay,direct_origin,new_2026,ONLINE,2026,Y,huiyun.asia,2,Y,,,,
hvoy_removed,unlabeled,unidentified,unknown,unknown,DNS_FAIL,,,bbww.top,2,,,,,
hybgzs.com,one-api-family,relay,cdn_fronted,established,https_alive,2022,Y,ai-wave.org,2,Y,,,,
hyperapi.cc,one-api-family,relay,direct_origin,new_2026,https_alive,2026,Y,hyperapi.cc,1,,,,,
i4um.com,one-api-family,relay,unknown,growing_2025,unknown,2025,,i4um.com,1,,,,,
iacc.cc,unlabeled,unidentified,unknown,established,ONLINE,2024,,iacc.cc,1,,,,,
iamhc.cn,one-api-family,relay,direct_origin,established,https_alive,2020,Y,hcnsec.cn,2,,52ccl.cn,,,
icreat.ai,one-api-family,relay,cdn_fronted,growing_2025,https_alive,2025,Y,icreat.ai,1,,,,,
ifopen.ai,one-api-family,relay,direct_origin,established,https_alive,2024,Y,aigc456.top,3,Y,aigcbest.top,,,
ikuncode.cc,one-api-family,relay,cdn_fronted,growing_2025,ONLINE,2025,Y,ikuncode.cc,1,,,,,
indotoken.ai,one-api-family,relay,cdn_fronted,new_2026,https_alive,2026,Y,indotoken.ai,1,,,,,
indrin.cn,one-api-family,relay,cdn_fronted,established,https_alive,2021,Y,indrin.cn,1,,,,,
infai.cc,unlabeled,unidentified,unknown,new_2026,ONLINE,2026,,infai.cc,1,,,,,
infistar.ai,one-api-family,relay,cdn_fronted,new_2026,ONLINE,2026,Y,infistar.ai,1,,,,,
innk.cc,confirmed-unknown,unidentified,cdn_fronted,established,https_alive,2024,Y,ephone.ai,3,,,,,
it.com,one-api-family,relay,direct_origin,new_2026,https_alive,2026,Y,it.com,1,,,,,
itstudio.club,one-api-family,relay,cdn_fronted,established,https_alive,2019,Y,itstudio.club,1,,,,,
jbbtoken.cn,one-api-family,relay,cdn_fronted,new_2026,ONLINE,2026,Y,jbbtoken.cn,1,,,,,
jeniya.cn,one-api-family,relay,cdn_fronted,growing_2025,https_alive,2025,Y,jeniya.cn,2,,,,,
jeniya.top,one-api-family,relay,unknown,growing_2025,unknown,2025,,jeniya.cn,2,,,,,
jianxiaozhi.chat,one-api-family,relay,cdn_fronted,new_2026,https_alive,2026,Y,jianxiaozhi.chat,1,,,,,
jianzhile.vip,one-api-family,relay,cdn_fronted,growing_2025,https_alive,2025,Y,jianzhile.vip,1,,,,,
jiekou.ai,unlabeled,unidentified,cdn_fronted,growing_2025,ONLINE,2025,Y,jiekou.ai,1,,,,,
jmyr.net,one-api-family,relay,cdn_fronted,established,ONLINE,2014,Y,jmyr.net,1,,,,,
jojocode.com,one-api-family,relay,cdn_fronted,new_2026,https_alive,2026,Y,jojocode.com,1,,,,,
joyzhi.com,one-api-family,relay,direct_origin,established,https_alive,2024,Y,hcnote.cn,3,Y,52ccl.cn,,,
junjun.site,unlabeled,unidentified,unknown,growing_2025,DNS_FAIL,2025,,junjun.site,1,,,,,
juxingai.top,one-api-family,relay,cdn_fronted,new_2026,ONLINE,2026,Y,huiyun.asia,2,Y,,,,
kelaiapi.cc,unlabeled,unidentified,unknown,new_2026,ONLINE,2026,,kelaiapi.cc,1,,,,,
kie.ai,one-api-family,relay,cdn_fronted,established,https_alive,2022,Y,kie.ai,1,,,,,
kingflow.ai,one-api-family,relay,cdn_fronted,new_2026,https_alive,2026,Y,kingflow.ai,1,,,,,
kissapi.ai,one-api-family,relay,cdn_fronted,new_2026,https_alive,2026,Y,kissapi.ai,1,,,,,
kividas.com,unlabeled,unidentified,cdn_fronted,new_2026,ONLINE,2026,Y,kividas.com,1,,,,,
kksj.org,one-api-family,relay,cdn_fronted,established,https_alive,2024,Y,kksj.org,1,,,,,
knox.chat,one-api-family,relay,cdn_fronted,new_2026,https_alive,2026,Y,knox.chat,1,,,,,
koalaapi.com,one-api-family,relay,direct_origin,new_2026,https_alive,2026,Y,koalaapi.com,1,,,,,
koyeb.app,one-api-family,relay,cdn_fronted,new_2026,https_alive,2026,Y,koyeb.app,1,,,,,
kr777.top,one-api-family,relay,unknown,growing_2025,unknown,2025,,kr777.top,1,,,,,
krizai.ai,one-api-family,relay,cdn_fronted,new_2026,https_alive,2026,Y,krizai.ai,1,,,,,
kuaiaiapi.com,one-api-family,relay,cdn_fronted,new_2026,https_alive,2026,Y,kuaiaiapi.com,1,,,,,
kuaiwenwen.top,one-api-family,relay,direct_origin,established,https_alive,2023,Y,ainstant.pro,3,,kuaiwenwen.top,,,
kun8.vip,unlabeled,unidentified,direct_origin,growing_2025,ONLINE,2025,Y,kun8.vip,1,,,,,
kunpengyr.xyz,one-api-family,relay,cdn_fronted,new_2026,https_alive,2026,Y,kunpengyr.xyz,1,,,,,
kwwai.top,one-api-family,relay,direct_origin,established,https_alive,2023,Y,ainstant.pro,3,,kuaiwenwen.top,,,
langziapi.online,unlabeled,unidentified,cdn_fronted,new_2026,ONLINE,2026,Y,langziapi.online,1,,,,,
lanxiu.cc,one-api-family,relay,unknown,new_2026,unknown,2026,,lanxiu.cc,1,,,,,
laozhang.ai,one-api-family,relay,direct_origin,growing_2025,ONLINE,2025,Y,laozhang.ai,1,,,,,
lcodex.cn,one-api-family,relay,direct_origin,new_2026,https_alive,2026,Y,lcodex.cn,1,,,,,
lconai.com,one-api-family,relay,unknown,established,unknown,2023,,lconai.com,1,,,,,
learn-ai.top,one-api-family,relay,cdn_fronted,growing_2025,ONLINE,2025,Y,learn-ai.top,1,,,,,
leleweb.cn,unlabeled,unidentified,direct_origin,growing_2025,ONLINE,2025,Y,leleweb.cn,1,,,,,
lilililwan.xyz,one-api-family,relay,unknown,growing_2025,unknown,2025,,lilililwan.xyz,1,,,,,
limiao.net,unlabeled,unidentified,cdn_fronted,new_2026,CLOUDFLARE_OR_BLOCKED,2026,Y,limiao.net,1,,,,,
lingshuai.cc,unlabeled,unidentified,unknown,new_2026,ONLINE,2026,,lingshuai.cc,1,,,,,
lingsuan.top,unlabeled,unidentified,cdn_fronted,new_2026,ONLINE,2026,Y,lingsuan.top,1,,,,,
lingyaai.cn,one-api-family,relay,direct_origin,established,https_alive,2023,Y,lingyaai.cn,1,,,,,
linkai.shop,unlabeled,unidentified,cdn_fronted,new_2026,ONLINE,2026,Y,linkai.shop,1,,,,,
linkapi.ai,one-api-family,relay,direct_origin,growing_2025,ONLINE_LOGIN_REQUIRED,2025,Y,linkapi.ai,1,,,,,
linkapi.org,one-api-family,relay,direct_origin,established,https_alive,2024,Y,ablai.top,6,Y,ablai.top,,,
linoapi.com.cn,one-api-family,relay,cdn_fronted,growing_2025,https_alive,2025,Y,linoapi.com.cn,1,,,,,
littlesheep.cc,one-api-family,relay,direct_origin,established,https_alive,2023,Y,hcnote.cn,3,Y,52ccl.cn,,,
ll9e.cn,one-api-family,relay,cdn_fronted,established,https_alive,2022,Y,ll9e.cn,1,,,,,
llmapi.pro,unlabeled,unidentified,direct_origin,new_2026,ONLINE,2026,Y,llmapi.pro,1,,,,,
llmgw.cn,one-api-family,relay,cdn_fronted,new_2026,ONLINE,2026,Y,llmgw.cn,1,,,,,
llmhub.com.cn,one-api-family,relay,cdn_fronted,growing_2025,https_alive,2025,Y,llmhub.com.cn,1,,,,,
longshang.pro,one-api-family,relay,cdn_fronted,new_2026,https_alive,2026,Y,longshang.pro,1,,,,,
loopllama.ai,one-api-family,relay,cdn_fronted,new_2026,https_alive,2026,Y,loopllama.ai,1,,,,,
loptu.net,unlabeled,unidentified,unknown,growing_2025,ONLINE,2025,,loptu.net,1,,,,,
loyal-agent.ai,one-api-family,relay,cdn_fronted,new_2026,https_alive,2026,Y,loyal-agent.ai,1,,,,,
ltcraft.cn,one-api-family,relay,cdn_fronted,established,https_alive,2018,Y,ltcraft.cn,1,,,,,
luccc.uk,one-api-family,relay,cdn_fronted,new_2026,ONLINE,2026,Y,luccc.uk,1,,,,,
lucen.cc,unlabeled,unidentified,cdn_fronted,established,ONLINE,2023,Y,lucen.cc,1,,,,,
luchikey.com,sub2api,conversion_layer,direct_origin,new_2026,ONLINE,2026,Y,luchikey.com,1,,,,,
luckyapi.chat,one-api-family,relay,unknown,unknown,unknown,,,luckyapi.chat,1,,,,,
lulurouter.com,one-api-family,relay,cdn_fronted,new_2026,ONLINE,2026,Y,lulurouter.com,1,,,,,
lumibest.cc,one-api-family,relay,direct_origin,new_2026,https_alive,2026,Y,lumibest.cc,1,,,,,
luminai.cc,one-api-family,relay,cdn_fronted,new_2026,ONLINE,2026,Y,luminai.cc,1,,,,,
lxtech.icu,one-api-family,relay,cdn_fronted,new_2026,https_alive,2026,Y,lxtech.icu,1,,,,,
lyjxka.top,one-api-family,relay,direct_origin,new_2026,https_alive,2026,Y,lyjxka.top,1,,,,,
magic666.top,one-api-family,relay,cdn_fronted,established,https_alive,2024,Y,magic666.top,1,,,,,
manbouapi.com,unlabeled,unidentified,unknown,new_2026,ONLINE,2026,,manbouapi.com,1,,,,,
maoleio.cn,one-api-family,relay,direct_origin,growing_2025,https_alive,2025,Y,maoleio.cn,1,,,,,
maoyulin.xyz,one-api-family,relay,cdn_fronted,new_2026,https_alive,2026,Y,maoyulin.xyz,1,,,,,
marting.pro,one-api-family,relay,cdn_fronted,new_2026,https_alive,2026,Y,marting.pro,1,,,,,
maryandthedot.com,one-api-family,relay,cdn_fronted,established,https_alive,2017,Y,maryandthedot.com,1,,,,,
maton.ai,openai-compatible-unknown,unidentified,cdn_fronted,growing_2025,unknown,2025,,maton.ai,1,,,,,
max20.cn,one-api-family,relay,direct_origin,new_2026,https_alive,2026,Y,ccmax20.cc,2,Y,,,,
maya.today,unlabeled,unidentified,cdn_fronted,new_2026,ONLINE,2026,Y,maya.today,1,,,,,
mdbox.ai,one-api-family,relay,cdn_fronted,new_2026,https_alive,2026,Y,mdbox.ai,1,,,,,
meeyo.org,one-api-family,relay,direct_origin,new_2026,ONLINE,2026,Y,meeyo.org,1,,,,,
megallm.io,one-api-family,relay,cdn_fronted,growing_2025,https_alive,2025,Y,megallm.io,1,,,,,
mentoe.com,unlabeled,unidentified,unknown,new_2026,DNS_FAIL,2026,,mentoe.com,1,,,,,
metachat.work,unlabeled,unidentified,cdn_fronted,established,ONLINE,2023,Y,metachat.work,1,,,,,
metoken.ai,one-api-family,relay,direct_origin,new_2026,https_alive,2026,Y,metoken.ai,1,,,,,
mfate.cn,unlabeled,unidentified,cdn_fronted,new_2026,ONLINE,2026,Y,mfate.cn,1,,,,,
micuapi.ai,one-api-family,relay,cdn_fronted,new_2026,ONLINE,2026,Y,micuapi.ai,1,,,,,
mikucode.xyz,one-api-family,relay,unknown,growing_2025,unknown,2025,,mikucode.xyz,1,,,,,
minitoken.top,one-api-family,relay,cdn_fronted,new_2026,ONLINE,2026,Y,minitoken.top,1,,,,,
mitchll.com,one-api-family,relay,cdn_fronted,established,https_alive,2024,Y,mitchll.com,1,,,,,
mkeai.com,one-api-family,relay,cdn_fronted,new_2026,https_alive,2026,Y,mkeai.com,1,,,,,
mmaqq.top,one-api-family,relay,cdn_fronted,growing_2025,https_alive,2025,Y,mmaqq.top,1,,,,,
mmw.ink,unlabeled,unidentified,direct_origin,established,ONLINE,2024,Y,mmw.ink,1,,,,,
mnapi.com,one-api-family,relay,cdn_fronted,growing_2025,CLOUDFLARE_OR_BLOCKED,2025,Y,mnapi.com,1,,,,,
moark.ai,openai-compatible-unknown,unidentified,direct_origin,growing_2025,https_alive,2025,Y,moark.ai,1,,,,,
modcon.top,unlabeled,unidentified,cdn_fronted,new_2026,CLOUDFLARE_OR_BLOCKED,2026,Y,modcon.top,1,,,,,
model-port.xyz,one-api-family,relay,direct_origin,new_2026,https_alive,2026,Y,model-port.xyz,1,,,,,
modelapi.co,one-api-family,relay,cdn_fronted,new_2026,https_alive,2026,Y,modelapi.co,1,,,,,
modelbeat.ai,one-api-family,relay,cdn_fronted,new_2026,https_alive,2026,Y,modelbeat.ai,1,,,,,
modelcode.one,one-api-family,relay,cdn_fronted,new_2026,https_alive,2026,Y,modelcode.one,1,,,,,
modelpier.ai,one-api-family,relay,cdn_fronted,new_2026,https_alive,2026,Y,modelpier.ai,1,,,,,
modernmt.com,one-api-family,relay,cdn_fronted,established,https_alive,2013,Y,modernmt.com,1,,,,,
mofas.one,one-api-family,relay,cdn_fronted,new_2026,https_alive,2026,Y,mofas.one,1,,,,,
moleapi.com,one-api-family,relay,cdn_fronted,established,https_alive,2024,Y,moleapi.com,1,,,,,
mondon.ai,one-api-family,relay,cdn_fronted,new_2026,https_alive,2026,Y,mondon.ai,1,,,,,
mongodb.org,one-api-family,relay,cdn_fronted,established,https_alive,2008,Y,mongodb.org,1,,,,,
monking.ai,one-api-family,relay,direct_origin,new_2026,https_alive,2026,Y,ccode.dev,2,Y,ccode.dev,,,
mooko.ai,one-api-family,relay,cdn_fronted,established,https_alive,2024,Y,mooko.ai,1,,,,,
morphllm.com,one-api-family,relay,cdn_fronted,growing_2025,https_alive,2025,Y,morphllm.com,1,,,,,
mosshubs.com,one-api-family,relay,cdn_fronted,new_2026,https_alive,2026,Y,mosshubs.com,1,,,,,
moyuu.cc,one-api-family,relay,unknown,new_2026,unknown,2026,,moyuu.cc,1,,,,,
muskapi.cc,unlabeled,unidentified,unknown,new_2026,ONLINE,2026,,muskapi.cc,1,,,,,
mxyhi.com,one-api-family,relay,cdn_fronted,established,ONLINE,2023,Y,mxyhi.com,1,,,,,
mytokenpi.com,one-api-family,relay,cdn_fronted,new_2026,ONLINE,2026,Y,mytokenpi.com,1,,,,,
mzlone.top,unlabeled,unidentified,unknown,growing_2025,ONLINE,2025,,mzlone.top,1,,,,,
n1n.ai,one-api-family,relay,cdn_fronted,growing_2025,https_alive,2025,Y,n1n.ai,1,,,,,
naitok.ai,one-api-family,relay,cdn_fronted,new_2026,https_alive,2026,Y,naitok.ai,1,,,,,
nbapi.cc,unlabeled,unidentified,unknown,new_2026,ONLINE,2026,,nbapi.cc,1,,,,,
nbility.dev,one-api-family,relay,cdn_fronted,new_2026,ONLINE,2026,Y,nbility.dev,1,,,,,
nekoapi.com,one-api-family,relay,cdn_fronted,established,https_alive,2023,Y,nekoapi.com,1,,,,,
nekocode.ai,unlabeled,unidentified,cdn_fronted,new_2026,ONLINE,2026,Y,nekocode.ai,1,,,,,
neokoaigc.com,one-api-family,relay,cdn_fronted,new_2026,https_alive,2026,Y,neokoaigc.com,1,,,,,
newapi.pro,one-api-family,relay,direct_origin,new_2026,https_alive,2026,Y,newapi.pro,1,,52ccl.cn,,,
newcli.com,one-api-family,relay,cdn_fronted,growing_2025,CLOUDFLARE_OR_BLOCKED,2025,Y,dataeyes.ai,2,Y,,,,
newzone.top,one-api-family,relay,unknown,established,unknown,2021,,newzone.top,1,,,,,
nexaxis.ai,one-api-family,relay,direct_origin,new_2026,ONLINE,2026,Y,nexaxis.ai,1,,,,,
nextoken.online,unlabeled,unidentified,cdn_fronted,new_2026,ONLINE,2026,Y,nextoken.online,1,,,,,
nexusapi.cn,one-api-family,relay,cdn_fronted,new_2026,https_alive,2026,Y,nexusapi.cn,1,,,,,
nikoapi.xyz,one-api-family,relay,cdn_fronted,new_2026,https_alive,2026,Y,nikoapi.xyz,1,,,,,
niubiai.ai,one-api-family,relay,cdn_fronted,new_2026,https_alive,2026,Y,niubiai.ai,1,,,,,
nodapi.com,one-api-family,relay,cdn_fronted,new_2026,https_alive,2026,Y,nodapi.com,1,,,,,
nuwaapi.com,one-api-family,relay,cdn_fronted,growing_2025,https_alive,2025,Y,nuwaapi.com,1,,,,,
oai2api.com,one-api-family,relay,cdn_fronted,new_2026,https_alive,2026,Y,oai2api.com,1,,,,,
ocoolai.com,one-api-family,relay,cdn_fronted,established,https_alive,2024,Y,africarouter.ai,5,Y,,,,
octoken.com.cn,one-api-family,relay,cdn_fronted,new_2026,https_alive,2026,Y,octoken.com.cn,1,,,,,
officesai.top,one-api-family,relay,cdn_fronted,new_2026,ONLINE,2026,Y,officesai.top,1,,,,,
ofox.ai,one-api-family,relay,cdn_fronted,growing_2025,https_alive,2025,Y,ofox.ai,1,,,,,
ogog.ai,one-api-family,relay,cdn_fronted,established,ONLINE,2024,Y,ogog.ai,1,,,,,
oiov.dev,one-api-family,relay,cdn_fronted,new_2026,https_alive,2026,Y,oiov.dev,1,,,,,
ominigate.ai,one-api-family,relay,cdn_fronted,new_2026,https_alive,2026,Y,ominigate.ai,2,,,,,
ominigate.com,one-api-family,relay,cdn_fronted,new_2026,https_alive,2026,Y,ominigate.ai,2,,,,,
onebound.cn,one-api-family,relay,cdn_fronted,established,unknown,2013,,onebound.cn,1,,,,,
onechats.ai,one-api-family,relay,cdn_fronted,established,https_alive,2024,Y,onechats.ai,3,,,,,
onechats.cn,one-api-family,relay,cdn_fronted,established,https_alive,2024,Y,onechats.ai,3,,,,,
onechats.top,one-api-family,relay,cdn_fronted,established,https_alive,2024,Y,onechats.ai,3,,,,,
onecheckout.ai,one-api-family,relay,cdn_fronted,new_2026,https_alive,2026,Y,onecheckout.ai,1,,,,,
onehop.ai,one-api-family,relay,cdn_fronted,new_2026,https_alive,2026,Y,onehop.ai,1,,,,,
onetoken.one,one-api-family,relay,cdn_fronted,growing_2025,https_alive,2025,Y,onetoken.one,1,,,,,
onrender.com,one-api-family,relay,direct_origin,new_2026,https_alive,2026,Y,onrender.com,1,,,,,
oogaming.cn,one-api-family,relay,direct_origin,growing_2025,unknown,2025,,bdshmmkj3.cn,5,,bdshmmkj3.cn,,,
ope.ai,one-api-family,relay,cdn_fronted,established,ONLINE,2019,Y,ope.ai,1,,,,,
openaeon.ai,one-api-family,relay,cdn_fronted,new_2026,ONLINE,2026,Y,openaeon.ai,1,,,,,
openai-ch.top,one-api-family,relay,direct_origin,established,https_alive,2024,Y,openai-ch.top,1,,,,,
openai-hub.com,one-api-family,relay,direct_origin,established,https_alive,2023,Y,ai-gaochao.cn,4,Y,ai-gaochao.cn,,,
openai-labs.com,one-api-family,relay,cdn_fronted,established,https_alive,2024,Y,openai-labs.com,1,,,,,
openai-up.com,one-api-family,relay,cdn_fronted,established,https_alive,2024,Y,openai-up.com,1,,,,,
openclaudecode.cn,unlabeled,unidentified,unknown,growing_2025,DNS_FAIL,2025,,openclaudecode.cn,1,,,,,
openclawroot.com,one-api-family,relay,cdn_fronted,new_2026,https_alive,2026,Y,openclawroot.com,1,,,,,
openiapi.com,one-api-family,relay,cdn_fronted,established,https_alive,2024,Y,openiapi.com,1,,,,,
openminis.app,one-api-family,relay,cdn_fronted,new_2026,https_alive,2026,Y,openminis.app,1,,,,,
openmux.ai,unlabeled,unidentified,cdn_fronted,new_2026,ONLINE,2026,Y,openmux.ai,1,,,,,
openrouter.ai,one-api-family,relay,cdn_fronted,established,https_alive,2023,Y,openrouter.ai,1,,,,,
openrouter.com,one-api-family,relay,cdn_fronted,established,https_alive,2000,Y,openrouter.com,1,,,,,
opentk.ai,unlabeled,unidentified,cdn_fronted,new_2026,ONLINE,2026,Y,opentk.ai,1,,,,,
openxs.top,one-api-family,relay,direct_origin,established,https_alive,2023,Y,openxs.top,1,,,,,
opper.ai,one-api-family,relay,cdn_fronted,established,https_alive,2023,Y,opper.ai,1,,,,,
orcarouter.ai,one-api-family,relay,direct_origin,new_2026,https_alive,2026,Y,ai-gaochao.cn,4,Y,ai-gaochao.cn,,,
owlai.tech,unlabeled,unidentified,cdn_fronted,growing_2025,ONLINE,2025,Y,owlai.tech,1,,,,,
oxycode.net,unlabeled,unidentified,unknown,new_2026,TIMEOUT,2026,,oxycode.net,1,,,,,
packyapi.com,one-api-family,relay,cdn_fronted,growing_2025,ONLINE,2025,Y,packyapi.com,1,,,,,
paintbot.top,one-api-family,relay,cdn_fronted,established,https_alive,2023,Y,paintbot.top,2,,,,,
perfxlab.cn,one-api-family,relay,cdn_fronted,established,unknown,2017,,perfxlab.cn,1,,,,,
pixelmuse.shop,unlabeled,unidentified,direct_origin,new_2026,ONLINE,2026,Y,pixelmuse.shop,1,,,,,
playclaude.xyz,one-api-family,relay,unknown,new_2026,unknown,2026,,playclaude.xyz,1,,,,,
plushub.ai,one-api-family,relay,cdn_fronted,new_2026,https_alive,2026,Y,plushub.ai,1,,,,,
poixe.com,unlabeled,unidentified,cdn_fronted,established,ONLINE,2019,Y,poixe.com,1,,,,,
poloai.top,one-api-family,relay,cdn_fronted,growing_2025,https_alive,2025,Y,poloai.top,3,,,,,
poloapi.com,one-api-family,relay,cdn_fronted,growing_2025,https_alive,2025,Y,poloai.top,3,,,,,
poloapi.top,one-api-family,relay,cdn_fronted,growing_2025,https_alive,2025,Y,poloai.top,3,,,,,
poooai.com,one-api-family,relay,unknown,growing_2025,unknown,2025,,poooai.com,1,,,,,
poyo.ai,one-api-family,relay,cdn_fronted,growing_2025,https_alive,2025,Y,poyo.ai,1,,,,,
ppchat.vip,one-api-family,relay,direct_origin,growing_2025,https_alive,2025,Y,ppchat.vip,1,,,,,
pptoken.org,sub2api,conversion_layer,cdn_fronted,new_2026,https_alive,2026,Y,pptoken.org,1,,,,,
ppword.cn,unlabeled,unidentified,cdn_fronted,established,ONLINE,2023,Y,ppword.cn,1,,,,,
prismapi.site,unlabeled,unidentified,cdn_fronted,new_2026,ONLINE,2026,Y,prismapi.site,1,,,,,
pro365.top,one-api-family,relay,cdn_fronted,new_2026,https_alive,2026,Y,pro365.top,1,,,,,
prorisehub.com,one-api-family,relay,cdn_fronted,new_2026,https_alive,2026,Y,paintbot.top,2,,,,,
proxy2it.com,unlabeled,unidentified,cdn_fronted,new_2026,ONLINE,2026,Y,proxy2it.com,1,,,,,
publora.com,one-api-family,relay,cdn_fronted,growing_2025,https_alive,2025,Y,publora.com,1,,,,,
puter.com,one-api-family,relay,unknown,established,unknown,1996,,puter.com,1,,,,,
qhaigc.net,confirmed-unknown,unidentified,direct_origin,established,https_alive,2024,Y,qhaigc.net,1,,,,,
qianxing.pro,one-api-family,relay,cdn_fronted,new_2026,https_alive,2026,Y,qianxing.pro,1,,,,,
qingyuntop.top,one-api-family,relay,cdn_fronted,growing_2025,https_alive,2025,Y,qingyuntop.top,1,,,,,
qinzhiai.com,one-api-family,relay,cdn_fronted,established,https_alive,2024,Y,qinzhiai.com,1,,,,,
qiuqiutoken.com,one-api-family,relay,direct_origin,new_2026,ONLINE,2026,Y,qiuqiutoken.com,1,,,,,
qixing1217.top,one-api-family,relay,cdn_fronted,established,https_alive,2023,Y,qixing1217.top,1,,,,,
qiyiguo.uk,one-api-family,relay,cdn_fronted,growing_2025,ONLINE,2025,Y,qiyiguo.uk,1,,,,,
qlhazycoder.top,one-api-family,relay,cdn_fronted,new_2026,https_alive,2026,Y,qlhazycoder.top,1,,,,,
quickquickai.com,one-api-family,relay,unknown,growing_2025,unknown,2025,,quickquickai.com,1,,,,,
qwqtao.one,one-api-family,relay,cdn_fronted,new_2026,ONLINE,2026,Y,qwqtao.one,1,,,,,
qzz.io,one-api-family,relay,cdn_fronted,new_2026,https_alive,2026,Y,qzz.io,1,,,,,
racetozero.org.cn,one-api-family,relay,direct_origin,growing_2025,unknown,2025,,bdshmmkj3.cn,5,,bdshmmkj3.cn,,,
rapidapi.com,one-api-family,relay,cdn_fronted,established,https_alive,2014,Y,rapidapi.com,1,,,,,
rcouyi.com,one-api-family,relay,direct_origin,established,https_alive,2023,Y,rcouyi.com,1,,,,,
realmrouter.cn,one-api-family,relay,cdn_fronted,growing_2025,https_alive,2025,Y,realmrouter.cn,1,,,,,
relaydance.com,one-api-family,relay,direct_origin,new_2026,https_alive,2026,Y,relaydance.com,1,,,,,
rewind.ai,one-api-family,relay,cdn_fronted,new_2026,https_alive,2026,Y,rewind.ai,1,,,,,
right.codes,unlabeled,unidentified,cdn_fronted,new_2026,ONLINE,2026,Y,right.codes,1,,,,,
rinkoai.com,one-api-family,relay,direct_origin,growing_2025,https_alive,2025,Y,rinkoai.com,1,,,,,
riserouter.ai,one-api-family,relay,cdn_fronted,new_2026,https_alive,2026,Y,riserouter.ai,1,,,,,
riyuexy.cc,sub2api,conversion_layer,unknown,new_2026,unknown,2026,,riyuexy.cc,1,,,,,
rkai6.com,unlabeled,unidentified,unknown,new_2026,ONLINE,2026,,rkai6.com,1,,,,,
rootflowai.com,one-api-family,relay,direct_origin,new_2026,ONLINE,2026,Y,rootflowai.com,1,,,,,
routeeasy.ai,one-api-family,relay,cdn_fronted,new_2026,https_alive,2026,Y,routeeasy.ai,1,,,,,
routeplane.ai,one-api-family,relay,cdn_fronted,new_2026,https_alive,2026,Y,routeplane.ai,1,,,,,
rpg8.cn,one-api-family,relay,cdn_fronted,established,ONLINE,2019,Y,rpg8.cn,1,,,,,
rtoc.cc,one-api-family,relay,cdn_fronted,new_2026,https_alive,2026,Y,rtoc.cc,1,,,,,
runapi.ai,one-api-family,relay,cdn_fronted,growing_2025,https_alive,2025,Y,runapi.ai,1,,,,,
runapi.co,one-api-family,relay,cdn_fronted,growing_2025,ONLINE,2025,Y,runapi.co,1,,,,,
runware.ai,one-api-family,relay,cdn_fronted,established,https_alive,2023,Y,runware.ai,1,,,,,
sadai.top,unlabeled,unidentified,unknown,new_2026,ONLINE,2026,,sadai.top,1,,,,,
safeapi.vip,sub2api,conversion_layer,direct_origin,new_2026,ONLINE,2026,Y,safeapi.vip,1,,,,,
sakana.ai,one-api-family,relay,cdn_fronted,established,https_alive,2023,Y,sakana.ai,1,,,,,
satuo66.online,one-api-family,relay,direct_origin,new_2026,ONLINE,2026,Y,satuo66.online,3,Y,satuo66.online,,,
sbbbbbbbbb.xyz,one-api-family,relay,direct_origin,new_2026,ONLINE,2026,Y,sbbbbbbbbb.xyz,1,,buzzai.cc,,,
scam.ai,one-api-family,relay,cdn_fronted,established,https_alive,2018,Y,scam.ai,1,,,,,
schyler.top,unlabeled,unidentified,unknown,new_2026,ONLINE,2026,,schyler.top,1,,,,,
sevnx.one,unlabeled,unidentified,cdn_fronted,new_2026,ONLINE,2026,Y,sevnx.one,1,,,,,
shareapi.ai,one-api-family,relay,direct_origin,new_2026,https_alive,2026,Y,shareapi.ai,1,,,,,
shen-ai-xie.ai,one-api-family,relay,cdn_fronted,new_2026,https_alive,2026,Y,shen-ai-xie.ai,1,,,,,
shitang359.space,unlabeled,unidentified,direct_origin,growing_2025,HTTP_ERROR,2025,,shitang359.space,1,,,,,
shiyutv.cn,unlabeled,unidentified,direct_origin,growing_2025,ONLINE,2025,Y,shiyutv.cn,1,,,,,
shubiaobiao.cn,one-api-family,relay,direct_origin,established,https_alive,2024,Y,ai-gaochao.cn,4,Y,ai-gaochao.cn,,,
shubiaobiao.com,one-api-family,relay,direct_origin,established,https_alive,2024,Y,shubiaobiao.com,1,,,,,
silkapi.com,unlabeled,unidentified,unknown,new_2026,ONLINE,2026,,silkapi.com,1,,,,,
skillto.ai,one-api-family,relay,cdn_fronted,new_2026,https_alive,2026,Y,skillto.ai,1,,,,,
skyapi.org,one-api-family,relay,unknown,new_2026,unknown,2026,,skyapi.org,1,,,,,
smartaipro.cn,one-api-family,relay,direct_origin,new_2026,https_alive,2026,Y,smartaipro.cn,1,,,,,
soruxgpt.com,one-api-family,relay,cdn_fronted,established,https_alive,2024,Y,soruxgpt.com,1,,,,,
sourcesdata.com,sub2api,conversion_layer,cdn_fronted,new_2026,https_alive,2026,Y,sourcesdata.com,1,,,,,
sparkcode.top,unlabeled,unidentified,unknown,growing_2025,ONLINE,2025,,sparkcode.top,1,,,,,
spritnest.com,one-api-family,relay,cdn_fronted,new_2026,ONLINE,2026,Y,spritnest.com,1,,,,,
squarefaceicon.org,unlabeled,unidentified,unknown,new_2026,ONLINE,2026,,squarefaceicon.org,1,,,,,
ssgoo.net,unlabeled,unidentified,direct_origin,new_2026,ONLINE,2026,Y,ssgoo.net,1,,,,,
ssopen.top,one-api-family,relay,cdn_fronted,growing_2025,https_alive,2025,Y,ssopen.top,1,,,,,
sssaicode.com,unlabeled,unidentified,cdn_fronted,growing_2025,ONLINE,2025,Y,sssaicode.com,1,,,,,
sta1n.cn,one-api-family,relay,cdn_fronted,new_2026,ONLINE,2026,Y,sta1n.cn,1,,,,,
starveri.net,one-api-family,relay,cdn_fronted,new_2026,https_alive,2026,Y,starveri.net,1,,,,,
subgate.io,unlabeled,unidentified,cdn_fronted,new_2026,ONLINE,2026,Y,subgate.io,1,,,,,
subisle.cc,one-api-family,relay,unknown,new_2026,unknown,2026,,subisle.cc,1,,,,,
subrouter.ai,one-api-family,relay,cdn_fronted,new_2026,ONLINE,2026,Y,subrouter.ai,1,,,,,
subtoken.vip,sub2api,conversion_layer,direct_origin,new_2026,https_alive,2026,Y,subtoken.vip,1,,,,,
suchuang.vip,one-api-family,relay,direct_origin,growing_2025,https_alive,2025,Y,suchuang.vip,1,,,,,
sudobug.top,one-api-family,relay,cdn_fronted,new_2026,ONLINE,2026,Y,sudobug.top,1,,,,,
sudocode.chat,unlabeled,unidentified,unknown,unknown,ONLINE,,,sudocode.chat,2,,,,,
sudocode.us,one-api-family,relay,direct_origin,new_2026,ONLINE,2026,Y,sudocode.chat,2,,,,,
sui-xiang.com,unlabeled,unidentified,direct_origin,new_2026,ONLINE,2026,Y,sui-xiang.com,1,,,,,
sunskii.com,unlabeled,unidentified,direct_origin,new_2026,ONLINE,2026,Y,sunskii.com,1,,,,,
sunyears.com,one-api-family,relay,cdn_fronted,established,https_alive,2010,Y,sunyears.com,1,,,,,
superapi.buzz,one-api-family,relay,cdn_fronted,new_2026,CLOUDFLARE_OR_BLOCKED,2026,Y,superapi.buzz,1,,,,,
supermemory.ai,one-api-family,relay,cdn_fronted,established,https_alive,2024,Y,supermemory.ai,1,,,,,
switchbase.vip,one-api-family,relay,cdn_fronted,new_2026,ONLINE,2026,Y,switchbase.vip,1,,,,,
sychatplus.cc,one-api-family,relay,cdn_fronted,established,https_alive,2024,Y,sychatplus.cc,1,,,,,
tallius.ai,one-api-family,relay,cdn_fronted,new_2026,ONLINE,2026,Y,tallius.ai,1,,,,,
taluna.ai,one-api-family,relay,cdn_fronted,new_2026,https_alive,2026,Y,taluna.ai,1,,,,,
tcdmx.com,unlabeled,unidentified,direct_origin,new_2026,TIMEOUT,2026,,tcdmx.com,1,,,,,
teamolab.com,one-api-family,relay,direct_origin,new_2026,https_alive,2026,Y,teamolab.com,2,,teamolab.com,,,
teamorouter.com,one-api-family,relay,direct_origin,new_2026,https_alive,2026,Y,teamolab.com,2,,teamolab.com,,,
telenow.ai,one-api-family,relay,cdn_fronted,new_2026,https_alive,2026,Y,telenow.ai,1,,,,,
tencentcloudmaas.com,openai-compatible-unknown,unidentified,cdn_fronted,new_2026,https_alive,2026,Y,tencentcloudmaas.com,1,,,,,
terminal.pub,unlabeled,unidentified,cdn_fronted,new_2026,ONLINE,2026,Y,terminal.pub,1,,,,,
tetrate.ai,openai-compatible-unknown,unidentified,cdn_fronted,established,https_alive,2024,Y,tetrate.ai,1,,,,,
therouter.ai,one-api-family,relay,cdn_fronted,new_2026,https_alive,2026,Y,africarouter.ai,5,Y,,,,
thestocklist.site,one-api-family,relay,direct_origin,growing_2025,ONLINE,2025,Y,thestocklist.site,1,,,,,
thousandengine.com,one-api-family,relay,cdn_fronted,growing_2025,https_alive,2025,Y,thousandengine.com,1,,,,,
threadzy.ai,one-api-family,relay,cdn_fronted,new_2026,https_alive,2026,Y,africarouter.ai,5,Y,africarouter.ai,,,
tian-shu.org,one-api-family,relay,cdn_fronted,new_2026,https_alive,2026,Y,tian-shu.org,1,,,,,
tiantianai.pro,one-api-family,relay,cdn_fronted,new_2026,https_alive,2026,Y,tiantianai.pro,1,,,,,
tieapi.com,one-api-family,relay,cdn_fronted,new_2026,ONLINE,2026,Y,tieapi.com,1,,,,,
timebackward.com,one-api-family,relay,cdn_fronted,growing_2025,ONLINE,2025,Y,timebackward.com,1,,,,,
timesniper.club,unlabeled,unidentified,unknown,established,DNS_FAIL,2024,,timesniper.club,1,,,,,
timicc.com,unlabeled,unidentified,cdn_fronted,new_2026,ONLINE,2026,Y,timicc.com,1,,,,,
timyai.com,unlabeled,unidentified,unknown,new_2026,DNS_FAIL,2026,,timyai.com,1,,,,,
tmlab.store,one-api-family,relay,cdn_fronted,new_2026,ONLINE,2026,Y,tmlab.store,1,,,,,
tocodex.com,one-api-family,relay,cdn_fronted,new_2026,ONLINE,2026,Y,tocodex.com,1,,,,,
tokaify.com,unlabeled,unidentified,direct_origin,new_2026,ONLINE,2026,Y,tokaify.com,1,,,,,
tokendodo.ai,one-api-family,relay,cdn_fronted,new_2026,https_alive,2026,Y,tokendodo.ai,1,,,,,
tokeness.cn,one-api-family,relay,cdn_fronted,new_2026,ONLINE,2026,Y,tokeness.cn,1,,,,,
tokeneum.ai,one-api-family,relay,cdn_fronted,new_2026,https_alive,2026,Y,tokeneum.ai,1,,,,,
tokenflux.dev,unlabeled,unidentified,cdn_fronted,new_2026,ONLINE,2026,Y,tokenflux.dev,1,,,,,
tokenget.ai,one-api-family,relay,cdn_fronted,new_2026,https_alive,2026,Y,tokenget.ai,1,,,,,
tokenlb.net,one-api-family,relay,cdn_fronted,new_2026,https_alive,2026,Y,tokenlb.net,1,,,,,
tokenmix.ai,one-api-family,relay,cdn_fronted,new_2026,ONLINE,2026,Y,tokenmix.ai,1,,,,,
tokenonly.ai,unlabeled,unidentified,cdn_fronted,new_2026,ONLINE,2026,Y,tokenonly.ai,1,,,,,
tokenopen.ai,one-api-family,relay,cdn_fronted,new_2026,https_alive,2026,Y,tokenopen.ai,1,,,,,
tokenrouter.com,one-api-family,relay,cdn_fronted,growing_2025,https_alive,2025,Y,tokenrouter.com,1,,,,,
tokenshen.top,one-api-family,relay,cdn_fronted,new_2026,https_alive,2026,Y,tokenshen.top,1,,,,,
tokenvalley.ai,one-api-family,relay,cdn_fronted,new_2026,https_alive,2026,Y,tokenvalley.ai,1,,,,,
toknex.ai,unlabeled,unidentified,cdn_fronted,new_2026,ONLINE,2026,Y,toknex.ai,1,,,,,
tongapi.com,one-api-family,relay,cdn_fronted,new_2026,ONLINE,2026,Y,tongapi.com,1,,,,,
toolcode.top,unlabeled,unidentified,cdn_fronted,new_2026,ONLINE,2026,Y,toolcode.top,1,,,,,
torchai.ai,one-api-family,relay,direct_origin,new_2026,https_alive,2026,Y,torchai.ai,1,,,,,
tracup.com,one-api-family,relay,cdn_fronted,established,https_alive,2017,Y,tracup.com,1,,,,,
traxnode.com,one-api-family,relay,cdn_fronted,new_2026,ONLINE,2026,Y,traxnode.com,1,,,,,
treerouter.com,one-api-family,relay,direct_origin,new_2026,https_alive,2026,Y,treerouter.com,1,,,,,
trendsetting-ai.com,one-api-family,relay,cdn_fronted,growing_2025,https_alive,2025,Y,trendsetting-ai.com,1,,,,,
trumpapi.ai,one-api-family,relay,direct_origin,new_2026,https_alive,2026,Y,trumpapi.ai,1,,,,,
trustedrouter.com,openai-compatible-unknown,unidentified,cdn_fronted,new_2026,https_alive,2026,Y,trustedrouter.com,1,,,,,
tryallai.com,unlabeled,unidentified,unknown,growing_2025,CLOUDFLARE_OR_BLOCKED,2025,,tryallai.com,1,,,,,
tsbys.com,one-api-family,relay,cdn_fronted,established,https_alive,2022,Y,tsbys.com,1,,,,,
ttop5.cc,one-api-family,relay,direct_origin,new_2026,https_alive,2026,Y,ttop5.cc,1,,,,,
tu-zi.com,one-api-family,relay,direct_origin,established,ONLINE,2024,Y,tu-zi.com,1,,,,,
twentytwohundred.ai,one-api-family,relay,cdn_fronted,new_2026,https_alive,2026,Y,twentytwohundred.ai,1,,,,,
twgom.com,one-api-family,relay,direct_origin,established,https_alive,2017,Y,twgom.com,1,,,,,
ugf.cc,sub2api,conversion_layer,cdn_fronted,growing_2025,https_alive,2025,Y,ugf.cc,1,,,,,
uglycat.cc,one-api-family,relay,cdn_fronted,growing_2025,SERVICE_STOPPED,2025,Y,uglycat.cc,1,,,,,
uibeai.com,unlabeled,unidentified,direct_origin,new_2026,ONLINE,2026,Y,uibeai.com,1,,,,,
uiuiapi.com,one-api-family,relay,cdn_fronted,established,https_alive,2023,Y,uiuiapi.com,1,,,,,
undyingapi.com,one-api-family,relay,direct_origin,growing_2025,https_alive,2025,Y,undyingapi.com,1,,,,,
uniapi.ai,one-api-family,relay,cdn_fronted,established,https_alive,2024,Y,uniapi.ai,1,,,,,
uniprep.world,one-api-family,relay,cdn_fronted,new_2026,ONLINE,2026,Y,uniprep.world,1,,,,,
unity2.ai,unlabeled,unidentified,cdn_fronted,new_2026,ONLINE,2026,Y,unity2.ai,1,,,,,
unorouter.ai,one-api-family,relay,cdn_fronted,new_2026,https_alive,2026,Y,unorouter.ai,1,,,,,
uocode.com,one-api-family,relay,unknown,new_2026,ONLINE,2026,,uocode.com,1,,,,,
usclaude.us,one-api-family,relay,direct_origin,new_2026,ONLINE,2026,Y,usclaude.us,1,,,,,
uu6.top,one-api-family,relay,cdn_fronted,growing_2025,https_alive,2025,Y,uu6.top,1,,,,,
uuapi.net,unlabeled,unidentified,cdn_fronted,new_2026,ONLINE,2026,Y,uuapi.net,1,,,,,
uucode.org,one-api-family,relay,direct_origin,growing_2025,https_alive,2025,Y,uucode.org,1,,ccode.dev,,,
uuroute.ai,one-api-family,relay,cdn_fronted,new_2026,https_alive,2026,Y,uuroute.ai,1,,,,,
vbcode.io,one-api-family,relay,direct_origin,new_2026,https_alive,2026,Y,vbcode.io,1,,ccode.dev,,,
vectorengine.ai,one-api-family,relay,cdn_fronted,growing_2025,ONLINE,2025,Y,vectorengine.ai,1,,,,,
velokey.ai,one-api-family,relay,direct_origin,new_2026,https_alive,2026,Y,velokey.ai,1,,,,,
venlacy.com,one-api-family,relay,cdn_fronted,new_2026,https_alive,2026,Y,venlacy.com,1,,,,,
vera-hub.ai,one-api-family,relay,cdn_fronted,new_2026,https_alive,2026,Y,vera-hub.ai,1,,,,,
vibecodingapi.ai,one-api-family,relay,direct_origin,growing_2025,https_alive,2025,Y,vibecodingapi.ai,1,,,,,
visionati.com,one-api-family,relay,cdn_fronted,established,https_alive,2006,Y,visionati.com,1,,,,,
vllm.ai,one-api-family,relay,cdn_fronted,established,https_alive,2023,Y,vllm.ai,1,,,,,
voltapi.ai,sub2api,conversion_layer,cdn_fronted,new_2026,https_alive,2026,Y,claude-api.org,2,,,,,
vpszdm.com,sub2api,conversion_layer,direct_origin,new_2026,https_alive,2026,Y,vpszdm.com,1,,,,,
vsllm.com,one-api-family,relay,cdn_fronted,growing_2025,https_alive,2025,Y,vsllm.com,1,,,,,
vvcode.top,one-api-family,relay,direct_origin,growing_2025,https_alive,2025,Y,vvcode.top,1,,,,,
vveai.com,one-api-family,relay,direct_origin,established,https_alive,2024,Y,gpt.ge,2,,gpt.ge,,,
wangmin.xyz,one-api-family,relay,direct_origin,new_2026,unknown,2026,,wangmin.xyz,1,,,,,
wangxiangai.org,unlabeled,unidentified,cdn_fronted,new_2026,TIMEOUT,2026,Y,wangxiangai.org,1,,,,,
wasdxx.xyz,one-api-family,relay,unknown,growing_2025,unknown,2025,,wasdxx.xyz,1,,,,,
web3router.ai,one-api-family,relay,cdn_fronted,new_2026,https_alive,2026,Y,web3router.ai,1,,,,,
webchannel.ai,one-api-family,relay,cdn_fronted,new_2026,https_alive,2026,Y,webchannel.ai,1,,,,,
wellapi.ai,one-api-family,relay,cdn_fronted,new_2026,https_alive,2026,Y,wellapi.ai,1,,,,,
wenwen-ai.com,one-api-family,relay,cdn_fronted,established,https_alive,2023,Y,wenwen-ai.com,1,,,,,
whatai.cc,one-api-family,relay,direct_origin,established,ONLINE,2024,Y,ablai.top,6,Y,ablai.top,,,
whlemon.cn,unlabeled,unidentified,cdn_fronted,new_2026,ONLINE,2026,,whlemon.cn,1,,,,,
whyyapi.com,one-api-family,relay,cdn_fronted,new_2026,https_alive,2026,Y,whyyapi.com,1,,,,,
willapi.one,one-api-family,relay,unknown,new_2026,unknown,2026,,willapi.one,1,,,,,
wintoken.dev,one-api-family,relay,cdn_fronted,new_2026,ONLINE,2026,Y,cun.ai,2,,,,,
wkapi.club,one-api-family,relay,unknown,new_2026,unknown,2026,,wkapi.club,1,,,,,
wlai.vip,one-api-family,relay,direct_origin,established,https_alive,2023,Y,wlai.vip,2,,,,,
wochirou.com,one-api-family,relay,cdn_fronted,established,https_alive,2024,Y,wochirou.com,1,,,,,
wolfai.top,one-api-family,relay,cdn_fronted,growing_2025,https_alive,2025,Y,wolfai.top,1,,,,,
worldbase.ai,unlabeled,unidentified,cdn_fronted,growing_2025,ONLINE,2025,Y,worldbase.ai,1,,,,,
worldrouter.ai,one-api-family,relay,cdn_fronted,new_2026,https_alive,2026,Y,worldrouter.ai,1,,,,,
wushuangai.com,one-api-family,relay,cdn_fronted,established,unknown,2023,,wushuangai.com,1,,,,,
x-see.cn,one-api-family,relay,direct_origin,established,https_alive,2023,Y,satuo66.online,3,Y,satuo66.online,,,
xaix.me,one-api-family,relay,cdn_fronted,new_2026,ONLINE,2026,Y,xaix.me,1,,,,,
xb1520.com,unlabeled,unidentified,cdn_fronted,growing_2025,ONLINE,2025,Y,xb1520.com,1,,,,,
xbhuiz.com,unlabeled,unidentified,unknown,new_2026,ONLINE,2026,,xbhuiz.com,1,,,,,
xcode.best,unlabeled,unidentified,unknown,new_2026,ONLINE,2026,,xcode.best,1,,,,,
xeduapi.com,one-api-family,relay,cdn_fronted,established,https_alive,2023,Y,xeduapi.com,1,,,,,
xem8k5.top,one-api-family,relay,cdn_fronted,established,CLOUDFLARE_OR_BLOCKED,2022,Y,xem8k5.top,1,,,,,
xfyun.cn,one-api-family,relay,direct_origin,established,https_alive,2014,Y,xfyun.cn,1,,,,,
xi-ai.cn,one-api-family,relay,cdn_fronted,established,https_alive,2023,Y,xi-ai.cn,1,,,,,
xiaojingai.com,one-api-family,relay,direct_origin,established,ONLINE,2024,Y,satuo66.online,3,Y,,,,
xiaoruiapi.cc,unlabeled,unidentified,cdn_fronted,new_2026,ONLINE,2026,,xiaoruiapi.cc,1,,,,,
xiaoyo.cn,one-api-family,relay,direct_origin,established,https_alive,2023,Y,xiaoyo.cn,1,,,,,
xinggangai.com,one-api-family,relay,cdn_fronted,new_2026,ONLINE,2026,Y,xinggangai.com,1,,,,,
xinglianapi.com,one-api-family,relay,direct_origin,growing_2025,https_alive,2025,Y,xinglianapi.com,1,,,,,
xinyuanai666.com,one-api-family,relay,cdn_fronted,growing_2025,unknown,2025,,xinyuanai666.com,1,,,,,
xlyun.pro,unlabeled,unidentified,unknown,unknown,ONLINE,,,xlyun.pro,1,,,,,
xn--15q04w3tg4kio0a.com,one-api-family,relay,direct_origin,new_2026,https_alive,2026,Y,xn--15q04w3tg4kio0a.com,1,,,,,
xpluse.plus,one-api-family,relay,cdn_fronted,new_2026,CLOUDFLARE_OR_BLOCKED,2026,Y,ai-szzx.online,2,,,,,
xpoz.ai,one-api-family,relay,cdn_fronted,established,https_alive,2023,Y,xpoz.ai,1,,,,,
xt-url.com,one-api-family,relay,direct_origin,established,https_alive,2023,Y,xt-url.com,1,,,,,
xtoken.xin,one-api-family,relay,cdn_fronted,new_2026,ONLINE,2026,Y,xtoken.xin,1,,,,,
xty.app,one-api-family,relay,cdn_fronted,new_2026,https_alive,2026,Y,xty.app,1,,,,,
xunhupay.com,one-api-family,relay,direct_origin,established,https_alive,2017,Y,xunhupay.com,1,,,,,
xunhuweb.com,one-api-family,relay,cdn_fronted,established,unknown,2014,,xunhuweb.com,1,,,,,
xybbz.xyz,sub2api,conversion_layer,cdn_fronted,new_2026,https_alive,2026,Y,xybbz.xyz,1,,,,,
xyc.ai,one-api-family,relay,direct_origin,growing_2025,ONLINE,2025,Y,xyc.ai,1,,,,,
yansd666.com,one-api-family,relay,cdn_fronted,growing_2025,https_alive,2025,Y,yansd666.com,2,,,,,
yansd666.top,one-api-family,relay,cdn_fronted,established,https_alive,2024,Y,yansd666.com,2,,,,,
ycyapi.cn,one-api-family,relay,direct_origin,growing_2025,https_alive,2025,Y,ycyapi.cn,1,,,,,
yes.vg,unlabeled,unidentified,cdn_fronted,established,ONLINE,2024,Y,yes.vg,1,,,,,
yibuapi.com,one-api-family,relay,cdn_fronted,growing_2025,https_alive,2025,Y,yibuapi.com,1,,,,,
yijiarj.cn,one-api-family,relay,cdn_fronted,established,https_alive,2021,Y,yijiarj.cn,1,,,,,
yikoulian.cc,one-api-family,relay,cdn_fronted,new_2026,https_alive,2026,Y,yikoulian.cc,1,,,,,
yixia.ai,one-api-family,relay,cdn_fronted,established,https_alive,2024,Y,yixia.ai,1,,,,,
ykh.ai,one-api-family,relay,cdn_fronted,new_2026,ONLINE,2026,Y,ykh.ai,1,,,,,
yooart.top,one-api-family,relay,cdn_fronted,growing_2025,https_alive,2025,Y,yooart.top,1,,,,,
yooyai.cc,unlabeled,unidentified,unknown,new_2026,ONLINE,2026,,yooyai.cc,1,,,,,
youkies.space,one-api-family,relay,direct_origin,growing_2025,ONLINE,2025,Y,youkies.space,1,,,,,
yuedongapi.top,unlabeled,unidentified,cdn_fronted,new_2026,TIMEOUT,2026,,yuedongapi.top,1,,,,,
yuegle.com,one-api-family,relay,direct_origin,established,https_alive,2024,Y,yuegle.com,1,,,,,
yundu.lat,unlabeled,unidentified,cdn_fronted,new_2026,ONLINE,2026,Y,yundu.lat,1,,,,,
yunserver.cn,one-api-family,relay,direct_origin,established,ONLINE,2024,Y,yunserver.cn,1,,,,,
yunwu.ai,one-api-family,relay,cdn_fronted,established,https_alive,2024,Y,wlai.vip,2,,,,,
yunzhiapi.cn,one-api-family,relay,direct_origin,new_2026,https_alive,2026,Y,yunzhiapi.cn,1,,,,,
yxaiapp.com,one-api-family,relay,unknown,growing_2025,ONLINE,2025,,yxaiapp.com,1,,,,,
zaimaai.cn,unlabeled,unidentified,unknown,established,DNS_FAIL,2023,,zaimaai.cn,1,,,,,
zaiwen.top,one-api-family,relay,cdn_fronted,established,https_alive,2023,Y,zaiwen.top,1,,,,,
zc-s.org.cn,one-api-family,relay,direct_origin,unknown,unknown,,,bdshmmkj3.cn,5,,,,,
zen-ai.top,one-api-family,relay,cdn_fronted,established,https_alive,2023,Y,zen-ai.top,1,,,,,
zernio.com,one-api-family,relay,cdn_fronted,growing_2025,https_alive,2025,Y,zernio.com,1,,guardentry.ai,,,
zerocode.sbs,unlabeled,unidentified,unknown,new_2026,ONLINE,2026,,zerocode.sbs,1,,,,,
zetaapi.ai,one-api-family,relay,cdn_fronted,new_2026,https_alive,2026,Y,zetaapi.ai,1,,,,,
zhangyuapi.com,one-api-family,relay,cdn_fronted,new_2026,CLOUDFLARE_OR_BLOCKED,2026,Y,zhangyuapi.com,1,,,,,
zhansi.top,one-api-family,relay,cdn_fronted,growing_2025,https_alive,2025,Y,zhansi.top,1,,,,,
zhengshuyun.net,one-api-family,relay,cdn_fronted,new_2026,https_alive,2026,Y,zhengshuyun.net,1,,,,,
zhtec.xyz,one-api-family,relay,cdn_fronted,established,https_alive,2023,Y,zhtec.xyz,1,,,,,
zivv.pro,unlabeled,unidentified,unknown,unknown,ONLINE,,,zivv.pro,1,,,,,
zjt66.top,one-api-family,relay,unknown,established,unknown,2022,,zjt66.top,1,,,,,
zlapi.pro,one-api-family,relay,cdn_fronted,new_2026,https_alive,2026,Y,zlapi.pro,2,,,,,
zlapi.vip,one-api-family,relay,cdn_fronted,new_2026,ONLINE,2026,Y,zlapi.pro,2,,,,,
zxai.work,one-api-family,relay,cdn_fronted,new_2026,ONLINE,2026,,zxai.work,1,,,,,
zxiaoruan.cn,one-api-family,relay,cdn_fronted,growing_2025,https_alive,2025,Y,zxiaoruan.cn,1,,,,,
zzshu.cc,one-api-family,relay,cdn_fronted,new_2026,https_alive,2026,Y,zzshu.cc,1,,,,,
