service_id,domain,capture_id,capture_started_utc,capture_ended_utc,capture_reason,status,site_condition,seed_count,page_count,wacz_bytes,wacz_sha256,capture_directory_digest,browsertrix_version,browsertrix_image_digest,singlefile_version,effective_config_hash,storage_mode,code_commit_sha,source_monitor_timestamp,source_monitor_status,source_final_url,source_page_title,source_homepage_html_hash,validation_status,validation_errors,tombstone_status,corpus_relpath
uuapi-net_5320da5c,uuapi.net,20260723T171352Z_uuapi-net_5320da5c_d1307f684aef,2026-07-23T17:13:52Z,2026-07-23T17:14:37Z,manual,completed,ok,3,3,3754905,c6598466f897f698213c7162a7ca9cb1273f110bc50d44e61d3e5daa9d0cf1c3,sha256:2540c3df95024712ac302d41ae2b6cc0eab2e7cacf639d2d0c2e2a7c75a5ca78,1.12.4,sha256:070d452ca38f65bd3f84ed3d358da8bc74901d0bfefefa4b4109cc12f3047306,2.0.83,747995902e11c128fcc2b9d037698c82fb7bf0a29b2778afe371acf509c01a94,explicitly_authorized_local,7059eb0f1609e10b5d1ff8ba03c5d61c20bdac35,2026-07-23T14:10:42Z,ONLINE,https://uuapi.net/,UU API - AI API Gateway,5e97d0ff419c,valid,,,corpus/uuapi-net_5320da5c/captures/20260723T171352Z_uuapi-net_5320da5c_d1307f684aef
73card-com_de009634,73card.com,20260723T181839Z_73card-com_de009634_305422a42a80,2026-07-23T18:18:39Z,2026-07-23T18:18:59Z,tombstone_evidence,completed,unavailable,1,1,27765,97131830a7eab108f52b3578be0587bf5d87a80704ef602a87dde2a762b9d2ca,sha256:530b0cc56b5f1f6cf911a7c1d872e1dcfc6a0dc3891afd21bde498fa8b5b24ce,1.12.4,sha256:070d452ca38f65bd3f84ed3d358da8bc74901d0bfefefa4b4109cc12f3047306,2.0.83,1bf31bbad95f9c99964e469073bc525788236e48b3a5871662b4474a724475e4,explicitly_authorized_local,2fd6c986b3003b75c1a7c44d25b9a5b7f9873947,2026-07-23T14:14:45Z,TIMEOUT,https://www.73card.com/,502 Bad Gateway,eac0a6a53d4a,valid,,,corpus/73card-com_de009634/captures/20260723T181839Z_73card-com_de009634_305422a42a80
affordableaiapi-com_bdf7ca8c,affordableaiapi.com,20260723T182559Z_affordableaiapi-com_bdf7ca8c_795847d95edd,2026-07-23T18:25:59Z,2026-07-23T18:31:11Z,tombstone_evidence,failed_no_wacz,unavailable,1,0,,,sha256:03eca88da8664a5949cbe23b32e8732ed1a47f16e152606e548f5ed4d0f12c13,1.12.4,sha256:070d452ca38f65bd3f84ed3d358da8bc74901d0bfefefa4b4109cc12f3047306,2.0.83,1bf31bbad95f9c99964e469073bc525788236e48b3a5871662b4474a724475e4,explicitly_authorized_local,2fd6c986b3003b75c1a7c44d25b9a5b7f9873947,2026-07-23T14:11:56Z,TIMEOUT,,,,invalid,wacz_present;wacz_container_valid,,corpus/affordableaiapi-com_bdf7ca8c/captures/20260723T182559Z_affordableaiapi-com_bdf7ca8c_795847d95edd
ai-anxidc-com_d3ec7674,ai.anxidc.com,20260723T183111Z_ai-anxidc-com_d3ec7674_79be16ca1ce9,2026-07-23T18:31:11Z,2026-07-23T18:31:16Z,tombstone_evidence,failed_no_wacz,unavailable,1,0,,,sha256:493dc2cec83e4ec7e357383839222eb83157a63abb7b27d9f2acfe922abd19c0,1.12.4,sha256:070d452ca38f65bd3f84ed3d358da8bc74901d0bfefefa4b4109cc12f3047306,2.0.83,1bf31bbad95f9c99964e469073bc525788236e48b3a5871662b4474a724475e4,explicitly_authorized_local,2fd6c986b3003b75c1a7c44d25b9a5b7f9873947,2026-07-23T14:11:01Z,DNS_FAIL,,,,invalid,wacz_present;wacz_container_valid,,corpus/ai-anxidc-com_d3ec7674/captures/20260723T183111Z_ai-anxidc-com_d3ec7674_79be16ca1ce9
aigptx-top_4aafe0d1,aigptx.top,20260723T183816Z_aigptx-top_4aafe0d1_d741f73a42c4,2026-07-23T18:38:16Z,2026-07-23T18:43:27Z,tombstone_evidence,failed_no_wacz,unavailable,1,0,,,sha256:87696a8f30685ca2c30b8be2da53925dba811a94a73d7425a936ebb5ca22bdd9,1.12.4,sha256:070d452ca38f65bd3f84ed3d358da8bc74901d0bfefefa4b4109cc12f3047306,2.0.83,1bf31bbad95f9c99964e469073bc525788236e48b3a5871662b4474a724475e4,explicitly_authorized_local,2fd6c986b3003b75c1a7c44d25b9a5b7f9873947,2026-07-23T14:14:51Z,HTTP_404,https://aigptx.top/,,3111bc6d0ae9,invalid,wacz_present;wacz_container_valid,,corpus/aigptx-top_4aafe0d1/captures/20260723T183816Z_aigptx-top_4aafe0d1_d741f73a42c4
aiok-club_d6a8b68f,aiok.club,20260723T184335Z_aiok-club_d6a8b68f_cffbea02aaa2,2026-07-23T18:43:35Z,2026-07-23T18:43:53Z,tombstone_evidence,completed,unavailable,1,1,287841,1a8eb4aa800ad1e0af52fb331aaf5939d1afc9b78d15cc71304fefdccf4c5448,sha256:7d8f0f364d27aa9f7e9a9596a56a598024290a5583ecfbec8f4ef74520af8db3,1.12.4,sha256:070d452ca38f65bd3f84ed3d358da8bc74901d0bfefefa4b4109cc12f3047306,2.0.83,1bf31bbad95f9c99964e469073bc525788236e48b3a5871662b4474a724475e4,explicitly_authorized_local,2fd6c986b3003b75c1a7c44d25b9a5b7f9873947,2026-07-23T14:12:06Z,TIMEOUT,http://aiok.club/,aiok.club | 520: Web server is returning an unknown error,f44acff30cd0,valid,,,corpus/aiok-club_d6a8b68f/captures/20260723T184335Z_aiok-club_d6a8b68f_cffbea02aaa2
allinai7-cloud_2abb2470,allinai7.cloud,20260723T184354Z_allinai7-cloud_2abb2470_64efb009e35f,2026-07-23T18:43:54Z,2026-07-23T18:43:58Z,tombstone_evidence,failed_no_wacz,unavailable,1,0,,,sha256:d0b692a268cb1a5688c88afa5a01c1745181b0a2dc5fad1627329cd50bd06d3b,1.12.4,sha256:070d452ca38f65bd3f84ed3d358da8bc74901d0bfefefa4b4109cc12f3047306,2.0.83,1bf31bbad95f9c99964e469073bc525788236e48b3a5871662b4474a724475e4,explicitly_authorized_local,2fd6c986b3003b75c1a7c44d25b9a5b7f9873947,2026-07-23T14:11:13Z,DNS_FAIL,,,,invalid,wacz_present;wacz_container_valid,,corpus/allinai7-cloud_2abb2470/captures/20260723T184354Z_allinai7-cloud_2abb2470_64efb009e35f
anyone-ai_6882dfbe,anyone.ai,20260723T184401Z_anyone-ai_6882dfbe_4faeb376ae23,2026-07-23T18:44:01Z,2026-07-23T18:44:15Z,tombstone_evidence,completed,unavailable,1,1,184531,7c63e5cd1bae5ec902a5f4cc82d56823ccedb087f37d36e43a55797b98140d59,sha256:efa127dd34e1024467271b8a9d0eb63dbeff7e73c47aacabdfb3955bd444e4da,1.12.4,sha256:070d452ca38f65bd3f84ed3d358da8bc74901d0bfefefa4b4109cc12f3047306,2.0.83,1bf31bbad95f9c99964e469073bc525788236e48b3a5871662b4474a724475e4,explicitly_authorized_local,2fd6c986b3003b75c1a7c44d25b9a5b7f9873947,2026-07-23T14:12:07Z,HTTP_ERROR,http://anyone.ai/,Notice of Service Discontinuation â Anyone.ai,8baabf729a17,valid,,,corpus/anyone-ai_6882dfbe/captures/20260723T184401Z_anyone-ai_6882dfbe_4faeb376ae23
api-aicodemirror-com_9cf863fe,api.aicodemirror.com,20260723T184421Z_api-aicodemirror-com_9cf863fe_f16e2100e474,2026-07-23T18:44:21Z,2026-07-23T18:45:30Z,tombstone_evidence,completed,redirected_offsite,7,4,3129519,64f92d880cc68a7930343470aab48d233c1d83836ef67dc93114327514f26e5a,sha256:6a471f7c0a0593ace001f55d2b38051cc67b8bd3bb58d4dd34fa81d76f99daeb,1.12.4,sha256:070d452ca38f65bd3f84ed3d358da8bc74901d0bfefefa4b4109cc12f3047306,2.0.83,1bf31bbad95f9c99964e469073bc525788236e48b3a5871662b4474a724475e4,explicitly_authorized_local,2fd6c986b3003b75c1a7c44d25b9a5b7f9873947,2026-07-23T14:11:04Z,ONLINE,https://www.aicodemirror.com/,AICodeMirror官方共享平台 - 中国用户专属AI编程助手,b0b0afc1d44a,valid,,,corpus/api-aicodemirror-com_9cf863fe/captures/20260723T184421Z_api-aicodemirror-com_9cf863fe_f16e2100e474
api-aigcbest-top_6983abf8,api.aigcbest.top,20260723T184533Z_api-aigcbest-top_6983abf8_e510d466dc36,2026-07-23T18:45:33Z,2026-07-23T18:47:09Z,tombstone_evidence,completed,redirected_offsite,8,4,7432448,7307e3a70b0e546b8510b182f9a29ba394666a3b0005de626e0457a6dec9de09,sha256:4668f578d2eb49bcacfdd15b73fb7512e36eae0350eda0b0131c7fa5db97b329,1.12.4,sha256:070d452ca38f65bd3f84ed3d358da8bc74901d0bfefefa4b4109cc12f3047306,2.0.83,1bf31bbad95f9c99964e469073bc525788236e48b3a5871662b4474a724475e4,explicitly_authorized_local,2fd6c986b3003b75c1a7c44d25b9a5b7f9873947,2026-07-23T14:12:14Z,ONLINE,https://api2.aigcbest.top/,New API,00d5e66421d4,valid,,,corpus/api-aigcbest-top_6983abf8/captures/20260723T184533Z_api-aigcbest-top_6983abf8_e510d466dc36
api-aigocode-com_d6b3558e,api.aigocode.com,20260723T184710Z_api-aigocode-com_d6b3558e_b6d81f51a1fc,2026-07-23T18:47:10Z,2026-07-23T18:48:34Z,tombstone_evidence,completed,redirected_offsite,8,4,7700527,d274d472edc46c60d795895a8ce9132f1adfde0cd80a04605536eca680963a68,sha256:15e613eeb4f1dd7460c5cf92c38878f6fdfb74d005d450c93a728e9d3366ea36,1.12.4,sha256:070d452ca38f65bd3f84ed3d358da8bc74901d0bfefefa4b4109cc12f3047306,2.0.83,1bf31bbad95f9c99964e469073bc525788236e48b3a5871662b4474a724475e4,explicitly_authorized_local,2fd6c986b3003b75c1a7c44d25b9a5b7f9873947,2026-07-23T14:11:09Z,ONLINE,https://www.aigocode.com/,AIGoCode - AI 开发者工作台 | Developer Tools,e3db8d82b680,valid,,,corpus/api-aigocode-com_d6b3558e/captures/20260723T184710Z_api-aigocode-com_d6b3558e_b6d81f51a1fc
api-ant-ling-com_6500a670,api.ant-ling.com,20260723T184840Z_api-ant-ling-com_6500a670_f199fc4870ab,2026-07-23T18:48:40Z,2026-07-23T18:48:59Z,tombstone_evidence,completed,unavailable,1,1,73797,afa30dbe73f6dc5fcce1ce6c6777554d2553270380370420d3a02a7fa62d4a44,sha256:a27d8f14be9059257f3ddc63e73d6f2285dda759d760d34f437282675dedc9da,1.12.4,sha256:070d452ca38f65bd3f84ed3d358da8bc74901d0bfefefa4b4109cc12f3047306,2.0.83,1bf31bbad95f9c99964e469073bc525788236e48b3a5871662b4474a724475e4,explicitly_authorized_local,2fd6c986b3003b75c1a7c44d25b9a5b7f9873947,2026-07-23T14:13:59Z,HTTP_404,https://api.ant-ling.com/,404 Not Found,ea3528274d9b,valid,,,corpus/api-ant-ling-com_6500a670/captures/20260723T184840Z_api-ant-ling-com_6500a670_f199fc4870ab
api-anyone-ai_64419e7c,api.anyone.ai,20260723T184902Z_api-anyone-ai_64419e7c_1a086596a760,2026-07-23T18:49:02Z,2026-07-23T18:49:18Z,tombstone_evidence,completed,unavailable,1,1,161014,bb55702c4a6995fa2a4ddbf267759564da07f2f559457ca7e765bbe64488352e,sha256:1647542ccfb9557af19bf7fca5977fb0a6e2b56bda4b892549b82d25023c57a9,1.12.4,sha256:070d452ca38f65bd3f84ed3d358da8bc74901d0bfefefa4b4109cc12f3047306,2.0.83,1bf31bbad95f9c99964e469073bc525788236e48b3a5871662b4474a724475e4,explicitly_authorized_local,2fd6c986b3003b75c1a7c44d25b9a5b7f9873947,2026-07-23T14:12:15Z,DNS_FAIL,https://api.anyone.ai/,Notice of Service Discontinuation â Anyone.ai,cc7e2ad3aa03,valid,,,corpus/api-anyone-ai_64419e7c/captures/20260723T184902Z_api-anyone-ai_64419e7c_1a086596a760
api-apimart-ai_3347642c,api.apimart.ai,20260723T184922Z_api-apimart-ai_3347642c_d0b781cae20f,2026-07-23T18:49:22Z,2026-07-23T18:50:01Z,tombstone_evidence,completed,unavailable,3,3,54009,e49194d100b47d330e7776fa39fd09b2c880fbcc58892ddaca79629b8e3be16c,sha256:36726af7187f61f9889615498f96c21325ba36ccd82701a346d69fad85d5bae2,1.12.4,sha256:070d452ca38f65bd3f84ed3d358da8bc74901d0bfefefa4b4109cc12f3047306,2.0.83,1bf31bbad95f9c99964e469073bc525788236e48b3a5871662b4474a724475e4,explicitly_authorized_local,2fd6c986b3003b75c1a7c44d25b9a5b7f9873947,2026-07-23T14:12:16Z,HTTP_404,https://api.apimart.ai/,,e2bea9cd5c02,valid,,,corpus/api-apimart-ai_3347642c/captures/20260723T184922Z_api-apimart-ai_3347642c_d0b781cae20f
api-bianxieai-com_a16eca12,api.bianxieai.com,20260723T185010Z_api-bianxieai-com_a16eca12_aa9b3b007033,2026-07-23T18:50:10Z,2026-07-23T18:51:49Z,tombstone_evidence,completed,redirected_offsite,8,4,5285169,09aa1520490e42c617101f1bb7b14fda42ec991aa89020a8e31d2a572bbd00a5,sha256:19af78d6d80e2bf2ef3095a20cf58581fcde9706a7720ed3685f8de3346f9716,1.12.4,sha256:070d452ca38f65bd3f84ed3d358da8bc74901d0bfefefa4b4109cc12f3047306,2.0.83,1bf31bbad95f9c99964e469073bc525788236e48b3a5871662b4474a724475e4,explicitly_authorized_local,2fd6c986b3003b75c1a7c44d25b9a5b7f9873947,2026-07-23T14:12:17Z,ONLINE,https://api.bianxie.ai/,便携AI聚合API,5ed8dfb52255,valid,,,corpus/api-bianxieai-com_a16eca12/captures/20260723T185010Z_api-bianxieai-com_a16eca12_aa9b3b007033
api-cometapi-com_9f5cb6a1,api.cometapi.com,20260723T185151Z_api-cometapi-com_9f5cb6a1_1adadf31262b,2026-07-23T18:51:51Z,2026-07-23T18:52:35Z,tombstone_evidence,completed,unavailable,3,3,69560,9a4d1b15d73c9fa837a194b225ff669a106c6d37fba69c9668836feb2a821884,sha256:dfbf7c92d40f7cb2fd79325af5c5e4cbd5282e336dca7336043b0b797a431269,1.12.4,sha256:070d452ca38f65bd3f84ed3d358da8bc74901d0bfefefa4b4109cc12f3047306,2.0.83,1bf31bbad95f9c99964e469073bc525788236e48b3a5871662b4474a724475e4,explicitly_authorized_local,2fd6c986b3003b75c1a7c44d25b9a5b7f9873947,2026-07-23T14:12:20Z,HTTP_404,https://api.cometapi.com/,,e2bea9cd5c02,valid,,,corpus/api-cometapi-com_9f5cb6a1/captures/20260723T185151Z_api-cometapi-com_9f5cb6a1_1adadf31262b
api-ejkoy-com_56bad7da,api.ejkoy.com,20260723T185708Z_api-ejkoy-com_56bad7da_deb819f26d9b,2026-07-23T18:57:08Z,2026-07-23T18:58:55Z,tombstone_evidence,completed,blocked_or_challenge,1,1,255615,9763f0acb40054f8e5024aee1a48c088abc4e706ae34bcae23205116558c5a27,sha256:e9bfa66e3663e3e599a5ee0bc5fdffaf6dabefaa3b23fa892236de2b29cc1f6f,1.12.4,sha256:070d452ca38f65bd3f84ed3d358da8bc74901d0bfefefa4b4109cc12f3047306,2.0.83,1bf31bbad95f9c99964e469073bc525788236e48b3a5871662b4474a724475e4,explicitly_authorized_local,2fd6c986b3003b75c1a7c44d25b9a5b7f9873947,2026-07-23T14:11:31Z,TIMEOUT,,,,valid,,,corpus/api-ejkoy-com_56bad7da/captures/20260723T185708Z_api-ejkoy-com_56bad7da_deb819f26d9b
api-ephone-ai_21ca77d6,api.ephone.ai,20260723T185857Z_api-ephone-ai_21ca77d6_38b24dce33e7,2026-07-23T18:58:57Z,2026-07-23T19:00:14Z,tombstone_evidence,completed,redirected_offsite,8,4,3993304,f67f4fb07555aa8b2539ed189f6797b114c0070b796563482a453c66f4da5ed1,sha256:236ff647c0a0826d35b107048e76f1590c935c821bf1f4f7acfdce3008dea10c,1.12.4,sha256:070d452ca38f65bd3f84ed3d358da8bc74901d0bfefefa4b4109cc12f3047306,2.0.83,1bf31bbad95f9c99964e469073bc525788236e48b3a5871662b4474a724475e4,explicitly_authorized_local,2fd6c986b3003b75c1a7c44d25b9a5b7f9873947,2026-07-23T14:12:21Z,ONLINE,https://platform.ephone.ai,ePhone AI,6f6a3802d1e0,valid,,,corpus/api-ephone-ai_21ca77d6/captures/20260723T185857Z_api-ephone-ai_21ca77d6_38b24dce33e7
api-ephone-chat_59aeb8a0,api.ephone.chat,20260723T190015Z_api-ephone-chat_59aeb8a0_d4cd9f059fd0,2026-07-23T19:00:15Z,2026-07-23T19:01:29Z,tombstone_evidence,completed,redirected_offsite,8,4,3956531,26867d641701a8a13f7efe462ab237b278c188c42167f9120d2efeeb64f077a8,sha256:de368f5e52feda2078f9b2802e14fc33a09241611c79cd029611b4ffec4e499e,1.12.4,sha256:070d452ca38f65bd3f84ed3d358da8bc74901d0bfefefa4b4109cc12f3047306,2.0.83,1bf31bbad95f9c99964e469073bc525788236e48b3a5871662b4474a724475e4,explicitly_authorized_local,2fd6c986b3003b75c1a7c44d25b9a5b7f9873947,2026-07-23T14:12:21Z,ONLINE,https://platform.ephone.chat,ePhone AI,6f6a3802d1e0,valid,,,corpus/api-ephone-chat_59aeb8a0/captures/20260723T190015Z_api-ephone-chat_59aeb8a0_d4cd9f059fd0
api-iamhc-cn_6c9288ee,api.iamhc.cn,20260723T190143Z_api-iamhc-cn_6c9288ee_0a6327b29cf1,2026-07-23T19:01:43Z,2026-07-23T19:02:55Z,tombstone_evidence,completed,redirected_offsite,8,4,7327727,affe42e853fb51971f3678771a1382073a295d3cca63157eec094c8cbb25ac3b,sha256:b552e731d7d4e4a6e55af6a6be4f5243c0f50ebcefe5637df9f089d69a4292d8,1.12.4,sha256:070d452ca38f65bd3f84ed3d358da8bc74901d0bfefefa4b4109cc12f3047306,2.0.83,1bf31bbad95f9c99964e469073bc525788236e48b3a5871662b4474a724475e4,explicitly_authorized_local,2fd6c986b3003b75c1a7c44d25b9a5b7f9873947,2026-07-23T14:12:23Z,ONLINE,https://api.hcnsec.cn/,新疆幻城网安科技公益大模型API网关 | 免费GPT·Claude·Gemini接口,2919d43cb11e,valid,,,corpus/api-iamhc-cn_6c9288ee/captures/20260723T190143Z_api-iamhc-cn_6c9288ee_0a6327b29cf1
api-knox-chat_7f5d532c,api.knox.chat,20260723T190255Z_api-knox-chat_7f5d532c_c011f322630a,2026-07-23T19:02:55Z,2026-07-23T19:03:35Z,tombstone_evidence,completed,redirected_offsite,3,3,3844572,10aa047c48e281b2dd09fece3583692d578e0ea6db25046fb3821a08f795ee34,sha256:8fb372d17455cfe44bd5d7510c147c7bcce869d93ecbf29eb9eaba89fa0a7e92,1.12.4,sha256:070d452ca38f65bd3f84ed3d358da8bc74901d0bfefefa4b4109cc12f3047306,2.0.83,1bf31bbad95f9c99964e469073bc525788236e48b3a5871662b4474a724475e4,explicitly_authorized_local,2fd6c986b3003b75c1a7c44d25b9a5b7f9873947,2026-07-23T14:12:24Z,HTTP_404,https://api.knox.chat/,,9455de74d36e,valid,,,corpus/api-knox-chat_7f5d532c/captures/20260723T190255Z_api-knox-chat_7f5d532c_c011f322630a
api-maoleio-cn_56def183,api.maoleio.cn,20260723T211445Z_api-maoleio-cn_56def183_2f7303986766,2026-07-23T21:14:45Z,2026-07-23T21:19:57Z,tombstone_evidence,failed_no_wacz,unavailable,1,0,,,sha256:abaf978475e8a4d100311e752b995a85b6ae2dee21ac59062a32f5dce5de9d87,1.12.4,sha256:070d452ca38f65bd3f84ed3d358da8bc74901d0bfefefa4b4109cc12f3047306,2.0.83,093c8f7bc38ac642fad956175a55f74960dae3351f61871bb8ee05de07651647,explicitly_authorized_local,c73f4a663620c25261a6ab9079514749c403b542,2026-07-23T14:12:25Z,TIMEOUT,,,,invalid,wacz_present;wacz_container_valid,,corpus/api-maoleio-cn_56def183/captures/20260723T211445Z_api-maoleio-cn_56def183_2f7303986766
api-openai-hub-com_d4b63d3f,api.openai-hub.com,20260723T211957Z_api-openai-hub-com_d4b63d3f_78c1c2371322,2026-07-23T21:19:57Z,2026-07-23T21:20:03Z,tombstone_evidence,failed_no_wacz,unavailable,1,0,,,sha256:5ad6835d5b8364a3fc66e8f0dd9a549836547a6fa1ebe0ab54ee7c0136b95f01,1.12.4,sha256:070d452ca38f65bd3f84ed3d358da8bc74901d0bfefefa4b4109cc12f3047306,2.0.83,093c8f7bc38ac642fad956175a55f74960dae3351f61871bb8ee05de07651647,explicitly_authorized_local,c73f4a663620c25261a6ab9079514749c403b542,2026-07-23T14:12:28Z,DNS_FAIL,,,,valid_with_warnings,,,corpus/api-openai-hub-com_d4b63d3f/captures/20260723T211957Z_api-openai-hub-com_d4b63d3f_78c1c2371322
api-rtoc-cc_0037ebf9,api.rtoc.cc,20260723T212006Z_api-rtoc-cc_0037ebf9_e69495159dd9,2026-07-23T21:20:06Z,2026-07-23T21:21:18Z,tombstone_evidence,completed,redirected_offsite,8,4,8520620,589f271f6b80f01835ae1fac4f3c0a67bdb3ace04cf7ba9c3783aed219d0a2a4,sha256:cc635edac7de38c285d15175d5023212f1a8d6cb417ed192fd6454004f8f5851,1.12.4,sha256:070d452ca38f65bd3f84ed3d358da8bc74901d0bfefefa4b4109cc12f3047306,2.0.83,093c8f7bc38ac642fad956175a55f74960dae3351f61871bb8ee05de07651647,explicitly_authorized_local,c73f4a663620c25261a6ab9079514749c403b542,2026-07-23T14:12:30Z,ONLINE,https://ai.rtoc.cc/,AI API ä¸­è½¬ç«ï¼ç¼ç¨ãææ¬ãçå¾ä¸è§é¢ | æè½¬æºè½ RTOC,7e844081074f,valid,,,corpus/api-rtoc-cc_0037ebf9/captures/20260723T212006Z_api-rtoc-cc_0037ebf9_e69495159dd9
api-shiyutv-cn_c22b2d37,api.shiyutv.cn,20260723T212129Z_api-shiyutv-cn_c22b2d37_4adfe1a59a13,2026-07-23T21:21:29Z,2026-07-23T21:21:33Z,tombstone_evidence,failed_no_wacz,unavailable,1,0,,,sha256:4cb91dc92237abba87ebbc6324e5bcc632ef0403530fca7e3ad8f3867c2f1bce,1.12.4,sha256:070d452ca38f65bd3f84ed3d358da8bc74901d0bfefefa4b4109cc12f3047306,2.0.83,093c8f7bc38ac642fad956175a55f74960dae3351f61871bb8ee05de07651647,explicitly_authorized_local,c73f4a663620c25261a6ab9079514749c403b542,2026-07-23T14:10:59Z,TIMEOUT,,,,invalid,wacz_present;wacz_container_valid,,corpus/api-shiyutv-cn_c22b2d37/captures/20260723T212129Z_api-shiyutv-cn_c22b2d37_4adfe1a59a13
api-skyapi-org_70642467,api.skyapi.org,20260723T212203Z_api-skyapi-org_70642467_82549d95cba7,2026-07-23T21:22:03Z,2026-07-23T21:26:08Z,tombstone_evidence,failed_no_wacz,unavailable,1,0,,,sha256:ee4f9704e6a3f2fddfc20342ab7578a8dde6dd52b9e04d6ed1e5b253240e3919,1.12.4,sha256:070d452ca38f65bd3f84ed3d358da8bc74901d0bfefefa4b4109cc12f3047306,2.0.83,093c8f7bc38ac642fad956175a55f74960dae3351f61871bb8ee05de07651647,explicitly_authorized_local,c73f4a663620c25261a6ab9079514749c403b542,2026-07-23T14:12:31Z,ONLINE,https://www.skyapi.org,Sky API,1f24b5c1d2bc,valid_with_warnings,,,corpus/api-skyapi-org_70642467/captures/20260723T212203Z_api-skyapi-org_70642467_82549d95cba7
api-soruxgpt-com_dc0aecf0,api.soruxgpt.com,20260723T212610Z_api-soruxgpt-com_dc0aecf0_63a5e8f66108,2026-07-23T21:26:10Z,2026-07-23T21:28:22Z,tombstone_evidence,completed,redirected_offsite,8,4,4824073,f9f2063088c839d0694a7d8939300f5dbf6b7ee93937ee5dfb853142a96ea824,sha256:e84c8b805f032fb2711406d101abdbc828ec13e19e72c69cc891ede97fa9581e,1.12.4,sha256:070d452ca38f65bd3f84ed3d358da8bc74901d0bfefefa4b4109cc12f3047306,2.0.83,093c8f7bc38ac642fad956175a55f74960dae3351f61871bb8ee05de07651647,explicitly_authorized_local,c73f4a663620c25261a6ab9079514749c403b542,2026-07-23T14:12:31Z,ONLINE,https://ai.soruxgpt.com/,New API,b463c4997886,valid,,,corpus/api-soruxgpt-com_dc0aecf0/captures/20260723T212610Z_api-soruxgpt-com_dc0aecf0_63a5e8f66108
api-uglycat-cc_ddaa4638,api.uglycat.cc,20260723T212826Z_api-uglycat-cc_ddaa4638_078fc4ea3388,2026-07-23T21:28:26Z,2026-07-23T21:29:33Z,tombstone_evidence,completed,blocked_or_challenge,8,4,4293598,34478ece16e6bf71e0a28cf667392fed2cda541764af611a5403cc29d06cff50,sha256:aa9fb1813ad79f7a98c5361bf93d7911b439c0e2915ab3e8d03d2fc86cb41460,1.12.4,sha256:070d452ca38f65bd3f84ed3d358da8bc74901d0bfefefa4b4109cc12f3047306,2.0.83,093c8f7bc38ac642fad956175a55f74960dae3351f61871bb8ee05de07651647,explicitly_authorized_local,c73f4a663620c25261a6ab9079514749c403b542,2026-07-23T14:11:40Z,SERVICE_STOPPED,https://api.uglycat.cc/,Manual: service stopped,,valid,,,corpus/api-uglycat-cc_ddaa4638/captures/20260723T212826Z_api-uglycat-cc_ddaa4638_078fc4ea3388
api-unorouter-ai_80b2e71a,api.unorouter.ai,20260723T212935Z_api-unorouter-ai_80b2e71a_b4121d1d7f3d,2026-07-23T21:29:35Z,2026-07-23T21:30:48Z,tombstone_evidence,completed,redirected_offsite,8,4,7501052,cc6f3faa80c43a9fa1b79ab2ecd94f95c71686e4959d621e4c64282befe124e5,sha256:ffce5921fb517ff30e93dbb6fe7b5525f954d89b02f7f43912ad8fdadde1d428,1.12.4,sha256:070d452ca38f65bd3f84ed3d358da8bc74901d0bfefefa4b4109cc12f3047306,2.0.83,093c8f7bc38ac642fad956175a55f74960dae3351f61871bb8ee05de07651647,explicitly_authorized_local,c73f4a663620c25261a6ab9079514749c403b542,2026-07-23T14:12:33Z,ONLINE,https://api.unorouter.com/,New API,d71fc2e0ca0f,valid,,,corpus/api-unorouter-ai_80b2e71a/captures/20260723T212935Z_api-unorouter-ai_80b2e71a_b4121d1d7f3d
api-vip-crond-dev_189d84ac,api.vip.crond.dev,20260723T213050Z_api-vip-crond-dev_189d84ac_68ed76607163,2026-07-23T21:30:50Z,2026-07-23T21:32:01Z,tombstone_evidence,completed,redirected_offsite,8,4,6789085,c633afe4aaf131248438e428160c13c3c86a899c598492e1eafef9b4f9486451,sha256:bb96e1cbeb570e0a5de6bfecb6f91a92e2a4c170edef890b78756866dbde4d96,1.12.4,sha256:070d452ca38f65bd3f84ed3d358da8bc74901d0bfefefa4b4109cc12f3047306,2.0.83,093c8f7bc38ac642fad956175a55f74960dae3351f61871bb8ee05de07651647,explicitly_authorized_local,c73f4a663620c25261a6ab9079514749c403b542,2026-07-23T14:10:53Z,ONLINE,https://bearlab.ai/,New API,7d15ec09ceab,valid,,,corpus/api-vip-crond-dev_189d84ac/captures/20260723T213050Z_api-vip-crond-dev_189d84ac_68ed76607163
apibrg-com_b62785cc,apibrg.com,20260723T213212Z_apibrg-com_b62785cc_518b8f62b890,2026-07-23T21:32:12Z,2026-07-23T21:37:24Z,tombstone_evidence,failed_no_wacz,unavailable,1,0,,,sha256:37cc3089f295e29f33c6bdbc55af530123b7cf4fc7902eedb90da3220e9a44d1,1.12.4,sha256:070d452ca38f65bd3f84ed3d358da8bc74901d0bfefefa4b4109cc12f3047306,2.0.83,093c8f7bc38ac642fad956175a55f74960dae3351f61871bb8ee05de07651647,explicitly_authorized_local,c73f4a663620c25261a6ab9079514749c403b542,2026-07-23T14:15:01Z,TIMEOUT,,,,invalid,wacz_present;wacz_container_valid,,corpus/apibrg-com_b62785cc/captures/20260723T213212Z_apibrg-com_b62785cc_518b8f62b890
apicn-platform-ope-ai_65b94932,apicn-platform.ope.ai,20260723T213729Z_apicn-platform-ope-ai_65b94932_fcd8efa10783,2026-07-23T21:37:29Z,2026-07-23T21:38:00Z,tombstone_evidence,completed,unavailable,3,3,24974,de8696dce7557982f4cb3b01a01ec067a634ba8d2996efb8275726207af2f726,sha256:9c3572adee18179545db0f141a7867da2047e5a8016d72aade97c474cf704f63,1.12.4,sha256:070d452ca38f65bd3f84ed3d358da8bc74901d0bfefefa4b4109cc12f3047306,2.0.83,093c8f7bc38ac642fad956175a55f74960dae3351f61871bb8ee05de07651647,explicitly_authorized_local,c73f4a663620c25261a6ab9079514749c403b542,2026-07-23T14:12:37Z,HTTP_404,https://apicn-platform.ope.ai/,,53af239ee5d3,valid,,,corpus/apicn-platform-ope-ai_65b94932/captures/20260723T213729Z_apicn-platform-ope-ai_65b94932_fcd8efa10783
blog-oiov-dev_94b49aa4,blog.oiov.dev,20260723T213808Z_blog-oiov-dev_94b49aa4_7ff133b31a7d,2026-07-23T21:38:08Z,2026-07-23T21:39:34Z,tombstone_evidence,completed,redirected_offsite,8,4,12647959,a66e1854b380a88a0d01ef66be15503f77d4de22e41dec7af07628603fb80e53,sha256:4703f0fea5c4346cea994b05e6c66e5db13496c775e02ca22e0483ebe10b5ef4,1.12.4,sha256:070d452ca38f65bd3f84ed3d358da8bc74901d0bfefefa4b4109cc12f3047306,2.0.83,093c8f7bc38ac642fad956175a55f74960dae3351f61871bb8ee05de07651647,explicitly_authorized_local,c73f4a663620c25261a6ab9079514749c403b542,2026-07-23T14:14:07Z,ONLINE,https://www.oiov.dev/,Oiov | 前端开花者,ff22ccec4527,valid,,,corpus/blog-oiov-dev_94b49aa4/captures/20260723T213808Z_blog-oiov-dev_94b49aa4_7ff133b31a7d
boya-one_ef1c5dae,boya.one,20260723T213934Z_boya-one_ef1c5dae_f1ff4b1b75ed,2026-07-23T21:39:34Z,2026-07-23T21:39:39Z,tombstone_evidence,failed_no_wacz,unavailable,1,0,,,sha256:9836d8b2b981ec2b23d8fc2742fde687c3671604c88df76d38a6d191c30f6f00,1.12.4,sha256:070d452ca38f65bd3f84ed3d358da8bc74901d0bfefefa4b4109cc12f3047306,2.0.83,093c8f7bc38ac642fad956175a55f74960dae3351f61871bb8ee05de07651647,explicitly_authorized_local,c73f4a663620c25261a6ab9079514749c403b542,2026-07-23T14:11:15Z,HTTP_ERROR,,,,valid_with_warnings,,,corpus/boya-one_ef1c5dae/captures/20260723T213934Z_boya-one_ef1c5dae_f1ff4b1b75ed
camel-kr777-top_6a611982,camel.kr777.top,20260723T214009Z_camel-kr777-top_6a611982_25f0360ad991,2026-07-23T21:40:09Z,2026-07-23T21:44:14Z,tombstone_evidence,failed_no_wacz,unavailable,1,0,,,sha256:07e911b44a5d48a1280ceb7cc70403df6573ed28fafe076154d41bd0f3fe6848,1.12.4,sha256:070d452ca38f65bd3f84ed3d358da8bc74901d0bfefefa4b4109cc12f3047306,2.0.83,093c8f7bc38ac642fad956175a55f74960dae3351f61871bb8ee05de07651647,explicitly_authorized_local,c73f4a663620c25261a6ab9079514749c403b542,2026-07-23T14:12:42Z,ONLINE,https://api.camel-hub.com/,CaMeL AI,a876d324e03e,valid_with_warnings,,,corpus/camel-kr777-top_6a611982/captures/20260723T214009Z_camel-kr777-top_6a611982_25f0360ad991
catapi-ai_c500c26f,catapi.ai,20260723T214425Z_catapi-ai_c500c26f_ec0e86d0469c,2026-07-23T21:44:25Z,2026-07-23T21:47:07Z,tombstone_evidence,completed,unavailable,1,1,153968,abc9e11ca4ff168210d7d1b4fa959876c1bd9e97974a43809a022071876fa0e5,sha256:146cfc722b42f11d4615d89b3c635f39340e0d7b1f4750aa71e74b92e64b1ccc,1.12.4,sha256:070d452ca38f65bd3f84ed3d358da8bc74901d0bfefefa4b4109cc12f3047306,2.0.83,093c8f7bc38ac642fad956175a55f74960dae3351f61871bb8ee05de07651647,explicitly_authorized_local,c73f4a663620c25261a6ab9079514749c403b542,2026-07-23T14:12:42Z,TIMEOUT,,,,valid,,,corpus/catapi-ai_c500c26f/captures/20260723T214425Z_catapi-ai_c500c26f_ec0e86d0469c
cckeys-top_6c3234c9,cckeys.top,20260723T214718Z_cckeys-top_6c3234c9_65fc2153174f,2026-07-23T21:47:18Z,2026-07-23T21:52:29Z,tombstone_evidence,failed_no_wacz,unavailable,1,0,,,sha256:9e5ee72b64d75a23f525f07cb0c929ce6c4972acf1d728211276ab331811695c,1.12.4,sha256:070d452ca38f65bd3f84ed3d358da8bc74901d0bfefefa4b4109cc12f3047306,2.0.83,093c8f7bc38ac642fad956175a55f74960dae3351f61871bb8ee05de07651647,explicitly_authorized_local,c73f4a663620c25261a6ab9079514749c403b542,2026-07-23T14:11:20Z,TIMEOUT,,,,invalid,wacz_present;wacz_container_valid,,corpus/cckeys-top_6c3234c9/captures/20260723T214718Z_cckeys-top_6c3234c9_65fc2153174f
chat-innk-cc_6a5703f3,chat.innk.cc,20260723T215230Z_chat-innk-cc_6a5703f3_fcc85f354f72,2026-07-23T21:52:30Z,2026-07-23T21:53:51Z,tombstone_evidence,completed,redirected_offsite,8,4,4002147,9cab5eb5f65ded60a9f923014af48848ad099efa33683a399f09f040797ac990,sha256:2114273e6667ff586f4541daacddd8875bcccdcd862b05a2d294b57f4603db34,1.12.4,sha256:070d452ca38f65bd3f84ed3d358da8bc74901d0bfefefa4b4109cc12f3047306,2.0.83,093c8f7bc38ac642fad956175a55f74960dae3351f61871bb8ee05de07651647,explicitly_authorized_local,c73f4a663620c25261a6ab9079514749c403b542,2026-07-23T14:12:43Z,ONLINE,https://platform.ephone.ai,ePhone AI,6f6a3802d1e0,valid,,,corpus/chat-innk-cc_6a5703f3/captures/20260723T215230Z_chat-innk-cc_6a5703f3_fcc85f354f72
cheapai-ai_06a04638,cheapai.ai,20260723T215421Z_cheapai-ai_06a04638_1c6b0e2ac392,2026-07-23T21:54:21Z,2026-07-23T21:58:26Z,tombstone_evidence,failed_no_wacz,unavailable,1,0,,,sha256:d0098762c061a9e695039c9dbff2b109380dc22133594e494c88492af68ff6e7,1.12.4,sha256:070d452ca38f65bd3f84ed3d358da8bc74901d0bfefefa4b4109cc12f3047306,2.0.83,093c8f7bc38ac642fad956175a55f74960dae3351f61871bb8ee05de07651647,explicitly_authorized_local,c73f4a663620c25261a6ab9079514749c403b542,2026-07-23T14:12:44Z,ONLINE,https://cheapai.io/,"CheapAI — API Claude, ChatGPT, Gemini и Grok: без VPN, оплата ₽",a2580453fdc5,valid_with_warnings,,,corpus/cheapai-ai_06a04638/captures/20260723T215421Z_cheapai-ai_06a04638_1c6b0e2ac392
chongcodex-cn_0855811a,chongcodex.cn,20260723T225453Z_chongcodex-cn_0855811a_bdfbf41b9f93,2026-07-23T22:54:53Z,2026-07-23T23:00:04Z,tombstone_evidence,failed_no_wacz,unavailable,1,0,,,sha256:41a3095f3a993387852440013ec36eea654ad11e7d5ae11d2b2cdd71f350fd30,1.12.4,sha256:070d452ca38f65bd3f84ed3d358da8bc74901d0bfefefa4b4109cc12f3047306,2.0.83,093c8f7bc38ac642fad956175a55f74960dae3351f61871bb8ee05de07651647,explicitly_authorized_local,c73f4a663620c25261a6ab9079514749c403b542,2026-07-23T14:12:45Z,TIMEOUT,,,,invalid,wacz_present;wacz_container_valid,,corpus/chongcodex-cn_0855811a/captures/20260723T225453Z_chongcodex-cn_0855811a_bdfbf41b9f93
claude-api-org_db6bbe3b,claude-api.org,20260723T230007Z_claude-api-org_db6bbe3b_5c9ecbe45d75,2026-07-23T23:00:07Z,2026-07-23T23:01:38Z,tombstone_evidence,completed,redirected_offsite,8,4,11887199,a9291647aa815cdcf1ec2abfd2c7cd83c2c19aad5b45d3662292f7bbc79bc8a8,sha256:7a2e8ac5410b5e965dc2d6f1b67a6f47a4f83f554001a1246d6ff52f6544c0f4,1.12.4,sha256:070d452ca38f65bd3f84ed3d358da8bc74901d0bfefefa4b4109cc12f3047306,2.0.83,093c8f7bc38ac642fad956175a55f74960dae3351f61871bb8ee05de07651647,explicitly_authorized_local,c73f4a663620c25261a6ab9079514749c403b542,2026-07-23T14:10:46Z,ONLINE,https://voltapi.ai/,Volt · 一个 Key 通用 Claude / GPT / Gemini,b085b6302e0c,valid,,,corpus/claude-api-org_db6bbe3b/captures/20260723T230007Z_claude-api-org_db6bbe3b_5c9ecbe45d75
claudeapi-com_b79173d8,claudeapi.com,20260723T230142Z_claudeapi-com_b79173d8_a50f617c548c,2026-07-23T23:01:42Z,2026-07-23T23:02:48Z,tombstone_evidence,completed,redirected_offsite,3,3,36891982,d615eed6eb352031c4f9a83df8608ed7ed381c0dd997ef9314b02221198f6f76,sha256:1b4c39f1b4d5b5ea17e377cfb6c42cf3c1911cb170a305d143f55efea80057f2,1.12.4,sha256:070d452ca38f65bd3f84ed3d358da8bc74901d0bfefefa4b4109cc12f3047306,2.0.83,093c8f7bc38ac642fad956175a55f74960dae3351f61871bb8ee05de07651647,explicitly_authorized_local,c73f4a663620c25261a6ab9079514749c403b542,2026-07-23T14:10:51Z,ONLINE,https://apito.ai/,Claude API - å½åç´è¿ï¼ç¨³å®å¯é ç Anthropic API ä»£ç,1cf4f02424b8,valid,,,corpus/claudeapi-com_b79173d8/captures/20260723T230142Z_claudeapi-com_b79173d8_a50f617c548c
claudemain-com_1225cc5f,claudemain.com,20260723T230248Z_claudemain-com_1225cc5f_4c53970a1b9a,2026-07-23T23:02:48Z,2026-07-23T23:02:56Z,tombstone_evidence,failed_no_wacz,unavailable,1,0,,,sha256:dc6bcec65d5b430f74ee2be6ac68a3ba8fc3bf9a8abe3b6b79a9cddd832d4ec7,1.12.4,sha256:070d452ca38f65bd3f84ed3d358da8bc74901d0bfefefa4b4109cc12f3047306,2.0.83,093c8f7bc38ac642fad956175a55f74960dae3351f61871bb8ee05de07651647,explicitly_authorized_local,c73f4a663620c25261a6ab9079514749c403b542,2026-07-23T14:12:48Z,HTTP_ERROR,,,,valid_with_warnings,,,corpus/claudemain-com_1225cc5f/captures/20260723T230248Z_claudemain-com_1225cc5f_4c53970a1b9a
clauden-ai_8d44d09d,clauden.ai,20260723T230302Z_clauden-ai_8d44d09d_11cd3f12e029,2026-07-23T23:03:02Z,2026-07-23T23:04:23Z,tombstone_evidence,completed,redirected_offsite,7,4,13712658,ccc5fbd88fd09585e186987d73d81a4ed89f380835243f13b805523e576a2c04,sha256:f40cf05477981aceccda545304c48d39274b5e262a82bde145025caef4c91472,1.12.4,sha256:070d452ca38f65bd3f84ed3d358da8bc74901d0bfefefa4b4109cc12f3047306,2.0.83,093c8f7bc38ac642fad956175a55f74960dae3351f61871bb8ee05de07651647,explicitly_authorized_local,c73f4a663620c25261a6ab9079514749c403b542,2026-07-23T14:15:14Z,ONLINE,https://yangble5.com/?[REDACTED_QUERY],yangble5 — 台灣人的 AI token 自由,90c6a78ef952,valid,,,corpus/clauden-ai_8d44d09d/captures/20260723T230302Z_clauden-ai_8d44d09d_11cd3f12e029
cloud-dataeyes-ai_77d45057,cloud.dataeyes.ai,20260723T230424Z_cloud-dataeyes-ai_77d45057_a067aac8db51,2026-07-23T23:04:24Z,2026-07-23T23:04:49Z,tombstone_evidence,completed,unavailable,2,2,28748,50e51ca641d19c077dcbd38455cec549d006a891e5ef239b89958422b1296db3,sha256:6708d844a8b5129a23a9554ed653af3b2afa3c83dae339ad5509e61fbd498227,1.12.4,sha256:070d452ca38f65bd3f84ed3d358da8bc74901d0bfefefa4b4109cc12f3047306,2.0.83,093c8f7bc38ac642fad956175a55f74960dae3351f61871bb8ee05de07651647,explicitly_authorized_local,c73f4a663620c25261a6ab9079514749c403b542,2026-07-23T14:12:48Z,HTTP_404,https://cloud.dataeyes.ai/,,53af239ee5d3,valid,,,corpus/cloud-dataeyes-ai_77d45057/captures/20260723T230424Z_cloud-dataeyes-ai_77d45057_a067aac8db51
cn-crazyrouter-com_c21265be,cn.crazyrouter.com,20260723T230453Z_cn-crazyrouter-com_c21265be_5d5999fc679f,2026-07-23T23:04:53Z,2026-07-23T23:05:56Z,tombstone_evidence,completed,unavailable,3,3,65018,c69fbdb40c2e125fa5eacc29507f92fe3cf23c981468e0fe9f9173d3a0fb6e80,sha256:5234bc5f097eba36d6b7fe0c2600290a199e5add02490a606429e2cf7eda658b,1.12.4,sha256:070d452ca38f65bd3f84ed3d358da8bc74901d0bfefefa4b4109cc12f3047306,2.0.83,093c8f7bc38ac642fad956175a55f74960dae3351f61871bb8ee05de07651647,explicitly_authorized_local,c73f4a663620c25261a6ab9079514749c403b542,2026-07-23T14:12:49Z,HTTP_404,https://cn.crazyrouter.com/,404 Not Found,54d14e2aba47,valid,,,corpus/cn-crazyrouter-com_c21265be/captures/20260723T230453Z_cn-crazyrouter-com_c21265be_5d5999fc679f
code-b886-top_0679487a,code.b886.top,20260723T230556Z_code-b886-top_0679487a_b7787e32a837,2026-07-23T23:05:56Z,2026-07-23T23:06:00Z,tombstone_evidence,failed_no_wacz,unavailable,1,0,,,sha256:fe724c1d8ae7867c07c05232623ea4d85e2b4b84afdba12207e420602809f74e,1.12.4,sha256:070d452ca38f65bd3f84ed3d358da8bc74901d0bfefefa4b4109cc12f3047306,2.0.83,093c8f7bc38ac642fad956175a55f74960dae3351f61871bb8ee05de07651647,explicitly_authorized_local,c73f4a663620c25261a6ab9079514749c403b542,2026-07-23T14:10:58Z,DNS_FAIL,,,,valid_with_warnings,,,corpus/code-b886-top_0679487a/captures/20260723T230556Z_code-b886-top_0679487a_b7787e32a837
code-deepask-chat_e2eabb61,code.deepask.chat,20260723T230600Z_code-deepask-chat_e2eabb61_ca4259edda6b,2026-07-23T23:06:00Z,2026-07-23T23:06:03Z,tombstone_evidence,failed_no_wacz,unavailable,1,0,,,sha256:8c06ac2f37e7178834869d5dbce9936ebd534900005a12742413099ee3eb3e74,1.12.4,sha256:070d452ca38f65bd3f84ed3d358da8bc74901d0bfefefa4b4109cc12f3047306,2.0.83,093c8f7bc38ac642fad956175a55f74960dae3351f61871bb8ee05de07651647,explicitly_authorized_local,c73f4a663620c25261a6ab9079514749c403b542,2026-07-23T14:11:20Z,DNS_FAIL,,,,valid_with_warnings,,,corpus/code-deepask-chat_e2eabb61/captures/20260723T230600Z_code-deepask-chat_e2eabb61_ca4259edda6b
console-claudeapi-com_2f8a571a,console.claudeapi.com,20260723T230609Z_console-claudeapi-com_2f8a571a_523e67042bfd,2026-07-23T23:06:09Z,2026-07-23T23:07:15Z,tombstone_evidence,completed,redirected_offsite,8,4,3701535,a15cb77eb5994f009487a711bc82af555f5a5e5c383eb4ab7b3c0c0c8aeaf139,sha256:525c527a1deda9985adc5048d103911c0fc9ae182c39fdfefd68457718705817,1.12.4,sha256:070d452ca38f65bd3f84ed3d358da8bc74901d0bfefefa4b4109cc12f3047306,2.0.83,093c8f7bc38ac642fad956175a55f74960dae3351f61871bb8ee05de07651647,explicitly_authorized_local,c73f4a663620c25261a6ab9079514749c403b542,2026-07-23T14:12:52Z,ONLINE,https://console.apito.ai/,ClaudeAPI,7b08288facc4,valid,,,corpus/console-claudeapi-com_2f8a571a/captures/20260723T230609Z_console-claudeapi-com_2f8a571a_523e67042bfd
corenode-best_d5d5f251,corenode.best,20260723T230725Z_corenode-best_d5d5f251_d7c36a1afde5,2026-07-23T23:07:25Z,2026-07-23T23:12:36Z,tombstone_evidence,failed_no_wacz,unavailable,1,0,,,sha256:296eee17e26a1da821641ab9a45780764f93ac275b40a947deb59d36399df997,1.12.4,sha256:070d452ca38f65bd3f84ed3d358da8bc74901d0bfefefa4b4109cc12f3047306,2.0.83,093c8f7bc38ac642fad956175a55f74960dae3351f61871bb8ee05de07651647,explicitly_authorized_local,c73f4a663620c25261a6ab9079514749c403b542,2026-07-23T14:15:16Z,TIMEOUT,,,,invalid,wacz_present;wacz_container_valid,,corpus/corenode-best_d5d5f251/captures/20260723T230725Z_corenode-best_d5d5f251_d7c36a1afde5
creatraai-cn_5500c62f,creatraai.cn,20260723T231247Z_creatraai-cn_5500c62f_1815e78a00d6,2026-07-23T23:12:47Z,2026-07-23T23:17:57Z,tombstone_evidence,failed_no_wacz,unavailable,1,0,,,sha256:e9cb9051319a65e66eaadb1a938ddb2255e5c1f509214a74dd546b4a68f8689e,1.12.4,sha256:070d452ca38f65bd3f84ed3d358da8bc74901d0bfefefa4b4109cc12f3047306,2.0.83,093c8f7bc38ac642fad956175a55f74960dae3351f61871bb8ee05de07651647,explicitly_authorized_local,c73f4a663620c25261a6ab9079514749c403b542,2026-07-23T14:15:16Z,TIMEOUT,,,,invalid,wacz_present;wacz_container_valid,,corpus/creatraai-cn_5500c62f/captures/20260723T231247Z_creatraai-cn_5500c62f_1815e78a00d6
ctrl-maton-ai_39bb7e9d,ctrl.maton.ai,20260723T231800Z_ctrl-maton-ai_39bb7e9d_2f9746c9fa2e,2026-07-23T23:18:00Z,2026-07-23T23:18:13Z,tombstone_evidence,completed,unavailable,1,1,13445,8b75acc08f3a7ba3fd51ef040244368ab977a0b127e8a73cd3804787e0cd0f25,sha256:6b13d97d0adda10e3f3b18923f776faf3b5d936f5c3d83f219cabc23afd70389,1.12.4,sha256:070d452ca38f65bd3f84ed3d358da8bc74901d0bfefefa4b4109cc12f3047306,2.0.83,093c8f7bc38ac642fad956175a55f74960dae3351f61871bb8ee05de07651647,explicitly_authorized_local,c73f4a663620c25261a6ab9079514749c403b542,2026-07-23T14:13:59Z,HTTP_404,https://ctrl.maton.ai/,,689525ee6c81,valid,,,corpus/ctrl-maton-ai_39bb7e9d/captures/20260723T231800Z_ctrl-maton-ai_39bb7e9d_2f9746c9fa2e
cuberouter-ai_7cd72fc5,cuberouter.ai,20260723T231821Z_cuberouter-ai_7cd72fc5_9221c0b4bf65,2026-07-23T23:18:21Z,2026-07-23T23:20:37Z,tombstone_evidence,completed,redirected_offsite,8,4,5020464,5caf8e33a464e2c992ec54fb83f30293c2d4ba949406d315516ee89129bf0cef,sha256:af0ea30236bf70c18387881cf6507ba97dd4c95b3f1fcc1d22d5ce6e9e5faf91,1.12.4,sha256:070d452ca38f65bd3f84ed3d358da8bc74901d0bfefefa4b4109cc12f3047306,2.0.83,093c8f7bc38ac642fad956175a55f74960dae3351f61871bb8ee05de07651647,explicitly_authorized_local,c73f4a663620c25261a6ab9079514749c403b542,2026-07-23T14:12:53Z,ONLINE,https://cuberouter.com/,CubeRouter,f0b7d49058a2,valid,,,corpus/cuberouter-ai_7cd72fc5/captures/20260723T231821Z_cuberouter-ai_7cd72fc5_9221c0b4bf65
deepseek-api-com-cn_134b0556,deepseek-api.com.cn,20260723T232048Z_deepseek-api-com-cn_134b0556_2f71ed9a9b69,2026-07-23T23:20:48Z,2026-07-23T23:25:59Z,tombstone_evidence,failed_no_wacz,unavailable,1,0,,,sha256:ccdbd93fe6f864db13e5304e5deebe97223e6c65223e08015c84a485d791f3ea,1.12.4,sha256:070d452ca38f65bd3f84ed3d358da8bc74901d0bfefefa4b4109cc12f3047306,2.0.83,093c8f7bc38ac642fad956175a55f74960dae3351f61871bb8ee05de07651647,explicitly_authorized_local,c73f4a663620c25261a6ab9079514749c403b542,2026-07-23T14:15:21Z,TIMEOUT,,,,invalid,wacz_present;wacz_container_valid,,corpus/deepseek-api-com-cn_134b0556/captures/20260723T232048Z_deepseek-api-com-cn_134b0556_2f71ed9a9b69
fugu-sakana-ai_c102e31a,fugu.sakana.ai,20260723T232600Z_fugu-sakana-ai_c102e31a_79750bbd8708,2026-07-23T23:26:00Z,2026-07-23T23:27:03Z,tombstone_evidence,completed,redirected_offsite,4,4,3505427,2306137631bdfb03da80e7d8ece51eeca62d680e561d4018ffb233a8b2c4f42c,sha256:56028141daa5ae0056d28f5cb71a066fe77e71b93e6a50e34729132ad77208ac,1.12.4,sha256:070d452ca38f65bd3f84ed3d358da8bc74901d0bfefefa4b4109cc12f3047306,2.0.83,093c8f7bc38ac642fad956175a55f74960dae3351f61871bb8ee05de07651647,explicitly_authorized_local,c73f4a663620c25261a6ab9079514749c403b542,2026-07-23T14:14:15Z,ONLINE,https://console.sakana.ai/,Sakana Fugu,fa313e4da319,valid,,,corpus/fugu-sakana-ai_c102e31a/captures/20260723T232600Z_fugu-sakana-ai_c102e31a_79750bbd8708
fushengyunsuan-cn_6316c7f2,fushengyunsuan.cn,20260723T232705Z_fushengyunsuan-cn_6316c7f2_0d0453ecf4ac,2026-07-23T23:27:05Z,2026-07-23T23:28:22Z,tombstone_evidence,completed,redirected_offsite,8,4,11847874,bbd0ce4e69246b7ac4b65269150458b85643423384b574e30376e7672636e7b1,sha256:d6d24a176c64167e50a64f035e6ffc3c896d4c3958713e68ca8e11b4fca584c3,1.12.4,sha256:070d452ca38f65bd3f84ed3d358da8bc74901d0bfefefa4b4109cc12f3047306,2.0.83,093c8f7bc38ac642fad956175a55f74960dae3351f61871bb8ee05de07651647,explicitly_authorized_local,c73f4a663620c25261a6ab9079514749c403b542,2026-07-23T14:13:01Z,ONLINE,https://fushengyunsuan.com/,浮生云算,6920d445467d,valid,,,corpus/fushengyunsuan-cn_6316c7f2/captures/20260723T232705Z_fushengyunsuan-cn_6316c7f2_0d0453ecf4ac
geminiapi-ai_ef4107cd,geminiapi.ai,20260723T232823Z_geminiapi-ai_ef4107cd_462f791170e8,2026-07-23T23:28:23Z,2026-07-23T23:29:24Z,tombstone_evidence,completed,redirected_offsite,8,4,3301195,aadccbb80f32ddcafdbb56f55975ed5bc163fe44fd514b69d3b0714a5ce5c682,sha256:26985d666216f0de689ca9a2801a9e0a8a5ad24df42aade5f781564fd12bcf97,1.12.4,sha256:070d452ca38f65bd3f84ed3d358da8bc74901d0bfefefa4b4109cc12f3047306,2.0.83,093c8f7bc38ac642fad956175a55f74960dae3351f61871bb8ee05de07651647,explicitly_authorized_local,c73f4a663620c25261a6ab9079514749c403b542,2026-07-23T14:13:02Z,ONLINE,https://claudeapi.ai/gemini-api,Gemini-Compatible API | ClaudeAPI,0ef6fedc70c3,valid,,,corpus/geminiapi-ai_ef4107cd/captures/20260723T232823Z_geminiapi-ai_ef4107cd_462f791170e8
getgoapi-com_e447344b,getgoapi.com,20260723T232924Z_getgoapi-com_e447344b_cc76cddb1628,2026-07-23T23:29:24Z,2026-07-23T23:29:28Z,tombstone_evidence,failed_no_wacz,unavailable,1,0,,,sha256:ffa6cb5c297661cc5d3255906dbafe6438316d7e1512a71c019b422f3ab42c96,1.12.4,sha256:070d452ca38f65bd3f84ed3d358da8bc74901d0bfefefa4b4109cc12f3047306,2.0.83,093c8f7bc38ac642fad956175a55f74960dae3351f61871bb8ee05de07651647,explicitly_authorized_local,c73f4a663620c25261a6ab9079514749c403b542,2026-07-23T14:14:15Z,HTTP_ERROR,,,,valid_with_warnings,,,corpus/getgoapi-com_e447344b/captures/20260723T232924Z_getgoapi-com_e447344b_cc76cddb1628
gw-claudeapi-com_2bf98489,gw.claudeapi.com,20260723T232930Z_gw-claudeapi-com_2bf98489_a4fac3affb11,2026-07-23T23:29:30Z,2026-07-23T23:29:59Z,tombstone_evidence,completed,unavailable,3,3,25971,d2f09ef34cdccbac3810c1f98389c2b64401d2924ee1e2076714e72a65c66800,sha256:8d573b3488652bf39142c95423b4346c9f5810999936568f9eb9ea7107cf7260,1.12.4,sha256:070d452ca38f65bd3f84ed3d358da8bc74901d0bfefefa4b4109cc12f3047306,2.0.83,093c8f7bc38ac642fad956175a55f74960dae3351f61871bb8ee05de07651647,explicitly_authorized_local,c73f4a663620c25261a6ab9079514749c403b542,2026-07-23T14:13:04Z,HTTP_404,https://gw.claudeapi.com/,,9e076f5885f5,valid,,,corpus/gw-claudeapi-com_2bf98489/captures/20260723T232930Z_gw-claudeapi-com_2bf98489_a4fac3affb11
hk-api-gptbest-vip_06baef5e,hk-api.gptbest.vip,20260723T233002Z_hk-api-gptbest-vip_06baef5e_fd0a024d6441,2026-07-23T23:30:02Z,2026-07-23T23:30:14Z,tombstone_evidence,completed,unavailable,1,1,14155,5a1606d1fde6132633fe8a7fa44fd6f5bdf7b4e9877849860044c08e87e4e1c0,sha256:861cd0ec3990680a73d2f6275328c1ff6ec08630d7b9e831a48b300a4136979a,1.12.4,sha256:070d452ca38f65bd3f84ed3d358da8bc74901d0bfefefa4b4109cc12f3047306,2.0.83,093c8f7bc38ac642fad956175a55f74960dae3351f61871bb8ee05de07651647,explicitly_authorized_local,c73f4a663620c25261a6ab9079514749c403b542,2026-07-23T14:13:59Z,HTTP_404,https://hk-api.gptbest.vip/,,5f963d28d2d2,valid,,,corpus/hk-api-gptbest-vip_06baef5e/captures/20260723T233002Z_hk-api-gptbest-vip_06baef5e_fd0a024d6441
huiyun-asia_3109717b,huiyun.asia,20260723T233025Z_huiyun-asia_3109717b_73115c57329e,2026-07-23T23:30:25Z,2026-07-23T23:35:35Z,tombstone_evidence,failed_no_wacz,unavailable,1,0,,,sha256:fc860fa79333551d31a6ba71cb68b55f6068a663742dcecbd9b29bcb07828a9a,1.12.4,sha256:070d452ca38f65bd3f84ed3d358da8bc74901d0bfefefa4b4109cc12f3047306,2.0.83,093c8f7bc38ac642fad956175a55f74960dae3351f61871bb8ee05de07651647,explicitly_authorized_local,c73f4a663620c25261a6ab9079514749c403b542,2026-07-23T14:10:49Z,TIMEOUT,,,,invalid,wacz_present;wacz_container_valid,,corpus/huiyun-asia_3109717b/captures/20260723T233025Z_huiyun-asia_3109717b_73115c57329e
mentoe-com_36eee843,mentoe.com,20260723T233535Z_mentoe-com_36eee843_e58e0cc01fac,2026-07-23T23:35:35Z,2026-07-23T23:35:40Z,tombstone_evidence,failed_no_wacz,unavailable,1,0,,,sha256:74c7d03018cfd815e081644fe38fbbac5d6d01a320eafc555ebc535fcca4ac03,1.12.4,sha256:070d452ca38f65bd3f84ed3d358da8bc74901d0bfefefa4b4109cc12f3047306,2.0.83,093c8f7bc38ac642fad956175a55f74960dae3351f61871bb8ee05de07651647,explicitly_authorized_local,c73f4a663620c25261a6ab9079514749c403b542,2026-07-23T14:11:17Z,DNS_FAIL,,,,valid_with_warnings,,,corpus/mentoe-com_36eee843/captures/20260723T233535Z_mentoe-com_36eee843_e58e0cc01fac
model-zhengshuyun-net_c1abb494,model.zhengshuyun.net,20260723T233546Z_model-zhengshuyun-net_c1abb494_13abfb9e8740,2026-07-23T23:35:46Z,2026-07-23T23:37:00Z,tombstone_evidence,completed,redirected_offsite,8,4,7133711,f340458c064193841b291c8ce05459585aea9f05ccdef82f3e2d80222f592754,sha256:d3348cc366592032c7cff0b7fc0c2a9049b43cd56501d2bf04a9f266981fb00a,1.12.4,sha256:070d452ca38f65bd3f84ed3d358da8bc74901d0bfefefa4b4109cc12f3047306,2.0.83,093c8f7bc38ac642fad956175a55f74960dae3351f61871bb8ee05de07651647,explicitly_authorized_local,c73f4a663620c25261a6ab9079514749c403b542,2026-07-23T14:13:17Z,ONLINE,https://wocao.ai/,wocao.ai - 面向智能时代的 AI 网关,09c4bb99967f,valid,,,corpus/model-zhengshuyun-net_c1abb494/captures/20260723T233546Z_model-zhengshuyun-net_c1abb494_13abfb9e8740
mstoken-vip_bc286d5d,mstoken.vip,20260723T233710Z_mstoken-vip_bc286d5d_18f716cc83e5,2026-07-23T23:37:10Z,2026-07-23T23:42:21Z,tombstone_evidence,failed_no_wacz,unavailable,1,0,,,sha256:520383659ade656871b99b48d7c3db0b93e8385a7d6d46be03e1116cfdc69533,1.12.4,sha256:070d452ca38f65bd3f84ed3d358da8bc74901d0bfefefa4b4109cc12f3047306,2.0.83,093c8f7bc38ac642fad956175a55f74960dae3351f61871bb8ee05de07651647,explicitly_authorized_local,c73f4a663620c25261a6ab9079514749c403b542,2026-07-23T14:16:21Z,TIMEOUT,,,,invalid,wacz_present;wacz_container_valid,,corpus/mstoken-vip_bc286d5d/captures/20260723T233710Z_mstoken-vip_bc286d5d_18f716cc83e5
myaitoken-com-cn_54693677,myaitoken.com.cn,20260723T234232Z_myaitoken-com-cn_54693677_b10b3ac564e0,2026-07-23T23:42:32Z,2026-07-23T23:47:42Z,tombstone_evidence,failed_no_wacz,unavailable,1,0,,,sha256:bae0a440e559bdc1a6593fdab1d019270e2984be9f963165002ab4a6e0d8b6a2,1.12.4,sha256:070d452ca38f65bd3f84ed3d358da8bc74901d0bfefefa4b4109cc12f3047306,2.0.83,093c8f7bc38ac642fad956175a55f74960dae3351f61871bb8ee05de07651647,explicitly_authorized_local,c73f4a663620c25261a6ab9079514749c403b542,2026-07-23T14:16:22Z,TIMEOUT,,,,invalid,wacz_present;wacz_container_valid,,corpus/myaitoken-com-cn_54693677/captures/20260723T234232Z_myaitoken-com-cn_54693677_b10b3ac564e0
nbility-dev_6a8cf8fc,nbility.dev,20260723T234745Z_nbility-dev_6a8cf8fc_8e1158a15f6d,2026-07-23T23:47:45Z,2026-07-23T23:50:10Z,tombstone_evidence,completed,redirected_offsite,8,4,44665780,dac23a7725584a99e485bab31bf3837e3227e1fc5eac4e129896fe32c71ce8b4,sha256:5e871075380415eec77d3a2c83859fc6bb8f355ecfd39717b45b64e3895da656,1.12.4,sha256:070d452ca38f65bd3f84ed3d358da8bc74901d0bfefefa4b4109cc12f3047306,2.0.83,093c8f7bc38ac642fad956175a55f74960dae3351f61871bb8ee05de07651647,explicitly_authorized_local,c73f4a663620c25261a6ab9079514749c403b542,2026-07-23T14:11:18Z,ONLINE,https://nbility.ai/,Nbility AI Gateway — One API key to 40+ AI models,19317ea7abcc,valid,,,corpus/nbility-dev_6a8cf8fc/captures/20260723T234745Z_nbility-dev_6a8cf8fc_8e1158a15f6d
newapi-junjun-site_9e92c784,newapi.junjun.site,20260723T235011Z_newapi-junjun-site_9e92c784_673c2056d831,2026-07-23T23:50:11Z,2026-07-23T23:50:14Z,tombstone_evidence,failed_no_wacz,unavailable,1,0,,,sha256:b1efeb4ab75b4b78088f156c578dc2be21b872514535fedfd4a6cf6a296999ec,1.12.4,sha256:070d452ca38f65bd3f84ed3d358da8bc74901d0bfefefa4b4109cc12f3047306,2.0.83,093c8f7bc38ac642fad956175a55f74960dae3351f61871bb8ee05de07651647,explicitly_authorized_local,c73f4a663620c25261a6ab9079514749c403b542,2026-07-23T14:11:21Z,DNS_FAIL,,,,valid_with_warnings,,,corpus/newapi-junjun-site_9e92c784/captures/20260723T235011Z_newapi-junjun-site_9e92c784_673c2056d831
ominigate-com_9d997df2,ominigate.com,20260723T235018Z_ominigate-com_9d997df2_6d90148ba27b,2026-07-23T23:50:18Z,2026-07-23T23:51:50Z,tombstone_evidence,completed,redirected_offsite,7,4,17187359,50a7ad1b148f2f3670f8459363e4ea43273bf82a77eca75b3374aa6f9b953aa4,sha256:3ff4fd3245c3c6076ebd97f5578d28854300e77237b541dcf97536a6c089862a,1.12.4,sha256:070d452ca38f65bd3f84ed3d358da8bc74901d0bfefefa4b4109cc12f3047306,2.0.83,093c8f7bc38ac642fad956175a55f74960dae3351f61871bb8ee05de07651647,explicitly_authorized_local,c73f4a663620c25261a6ab9079514749c403b542,2026-07-23T14:14:21Z,ONLINE,https://ominigate.ai/en,"OminiGate — AI API Gateway for Text, Image, and Video Models | OpenAI &amp; Anthropic Compatible",d687a660e824,valid,,,corpus/ominigate-com_9d997df2/captures/20260723T235018Z_ominigate-com_9d997df2_6d90148ba27b
oneapi-paintbot-top_51a5dd6b,oneapi.paintbot.top,20260723T235151Z_oneapi-paintbot-top_51a5dd6b_118a076ccad3,2026-07-23T23:51:51Z,2026-07-23T23:52:01Z,tombstone_evidence,failed_no_wacz,unavailable,1,0,,,sha256:12741ef6ffa75ca85f0d718b9d92d4260cc63172581aa0f79ae8dedfb7cb1d01,1.12.4,sha256:070d452ca38f65bd3f84ed3d358da8bc74901d0bfefefa4b4109cc12f3047306,2.0.83,093c8f7bc38ac642fad956175a55f74960dae3351f61871bb8ee05de07651647,explicitly_authorized_local,c73f4a663620c25261a6ab9079514749c403b542,2026-07-23T14:13:25Z,HTTP_ERROR,,,,invalid,wacz_present;wacz_container_valid,,corpus/oneapi-paintbot-top_51a5dd6b/captures/20260723T235151Z_oneapi-paintbot-top_51a5dd6b_118a076ccad3
openrouter-com_1fa24f41,openrouter.com,20260723T235202Z_openrouter-com_1fa24f41_1e2ac542b315,2026-07-23T23:52:02Z,2026-07-23T23:53:00Z,tombstone_evidence,completed,redirected_offsite,7,4,9552539,d3d49f230550f894dd909211420c2e42064a7bec79a16251d3a2c9cb3fd69475,sha256:2a660cf40038d8927889acfa7d77e0c07fbbf4609648361915668898e41c0c21,1.12.4,sha256:070d452ca38f65bd3f84ed3d358da8bc74901d0bfefefa4b4109cc12f3047306,2.0.83,093c8f7bc38ac642fad956175a55f74960dae3351f61871bb8ee05de07651647,explicitly_authorized_local,c73f4a663620c25261a6ab9079514749c403b542,2026-07-23T14:14:23Z,ONLINE,https://openrouter.ai/?[REDACTED_QUERY],OpenRouter,507c6f8f932b,valid,,,corpus/openrouter-com_1fa24f41/captures/20260723T235202Z_openrouter-com_1fa24f41_1e2ac542b315
rinkoai-com_e11df694,rinkoai.com,20260723T235302Z_rinkoai-com_e11df694_79b251ade42f,2026-07-23T23:53:02Z,2026-07-23T23:54:36Z,tombstone_evidence,completed,redirected_offsite,8,4,4622189,e8ed5cf764bf237cf1d8b78fbbed2b2520086c914cd862681050781f6cc7aaf1,sha256:4401781887ba57efea5c54ef2e8c8829f3b7f3e964d095414aa22052e2d539b3,1.12.4,sha256:070d452ca38f65bd3f84ed3d358da8bc74901d0bfefefa4b4109cc12f3047306,2.0.83,093c8f7bc38ac642fad956175a55f74960dae3351f61871bb8ee05de07651647,explicitly_authorized_local,c73f4a663620c25261a6ab9079514749c403b542,2026-07-23T14:13:31Z,ONLINE,https://api.rinko.ai,New API,00d5e66421d4,valid,,,corpus/rinkoai-com_e11df694/captures/20260723T235302Z_rinkoai-com_e11df694_79b251ade42f
routellm-abacus-ai_e4e0641f,routellm.abacus.ai,20260723T235439Z_routellm-abacus-ai_e4e0641f_38dc73c63a1a,2026-07-23T23:54:39Z,2026-07-23T23:55:23Z,tombstone_evidence,completed,redirected_offsite,2,2,4173425,0d96bfb9989da09594df7838667a8eb73f64ec78db0826df2139c0d534589be6,sha256:3d548e4e4cc583558723313e01c4953a0cb7883ad5c7987b95ff5d494c799137,1.12.4,sha256:070d452ca38f65bd3f84ed3d358da8bc74901d0bfefefa4b4109cc12f3047306,2.0.83,093c8f7bc38ac642fad956175a55f74960dae3351f61871bb8ee05de07651647,explicitly_authorized_local,c73f4a663620c25261a6ab9079514749c403b542,2026-07-23T14:14:25Z,ONLINE,https://routellm-apis.abacus.ai,Abacus.AI RouteLLM API | Unified LLM API Router,dd8e4d65b5f8,valid,,,corpus/routellm-abacus-ai_e4e0641f/captures/20260723T235439Z_routellm-abacus-ai_e4e0641f_38dc73c63a1a
router-8864k-com_a0359a20,router.8864k.com,20260723T235533Z_router-8864k-com_a0359a20_6502c166dd19,2026-07-23T23:55:33Z,2026-07-24T00:00:43Z,tombstone_evidence,failed_no_wacz,unavailable,1,0,,,sha256:eb17ac078363267c1fcc6678d36db05cc5f8b2941272c9d1c9dfd3b8ebeac4c6,1.12.4,sha256:070d452ca38f65bd3f84ed3d358da8bc74901d0bfefefa4b4109cc12f3047306,2.0.83,093c8f7bc38ac642fad956175a55f74960dae3351f61871bb8ee05de07651647,explicitly_authorized_local,c73f4a663620c25261a6ab9079514749c403b542,2026-07-23T14:13:32Z,TIMEOUT,,,,invalid,wacz_present;wacz_container_valid,,corpus/router-8864k-com_a0359a20/captures/20260723T235533Z_router-8864k-com_a0359a20_6502c166dd19
router-teamolab-com_3b838b66,router.teamolab.com,20260724T000059Z_router-teamolab-com_3b838b66_63f7acd8ad11,2026-07-24T00:00:59Z,2026-07-24T00:02:03Z,tombstone_evidence,completed,redirected_offsite,6,4,7774643,5716f503e114d3c31ce18baecf382cfaee62ca5ac34c7e8a7046bf9377eaea63,sha256:5cf2884b5403c85077726ef2f91733e37dc68d7c0bb5cc99fed4992666f3b2f8,1.12.4,sha256:070d452ca38f65bd3f84ed3d358da8bc74901d0bfefefa4b4109cc12f3047306,2.0.83,093c8f7bc38ac642fad956175a55f74960dae3351f61871bb8ee05de07651647,explicitly_authorized_local,c73f4a663620c25261a6ab9079514749c403b542,2026-07-23T14:14:26Z,ONLINE,https://teamorouter.com/,Claude Code,950c3b34a270,valid,,,corpus/router-teamolab-com_3b838b66/captures/20260724T000059Z_router-teamolab-com_3b838b66_63f7acd8ad11
shisuanai-com_ae979652,shisuanai.com,20260724T000208Z_shisuanai-com_ae979652_434c6e39b2ca,2026-07-24T00:02:08Z,2026-07-24T00:02:29Z,tombstone_evidence,completed,unavailable,3,1,56014,e781ab622e086ee4da7eed3660bd41822afc87da7f76abc21765928f2587315a,sha256:3dc282070453f7808414fb0367dbd648783064436a60f6932602ddda83ee7afd,1.12.4,sha256:070d452ca38f65bd3f84ed3d358da8bc74901d0bfefefa4b4109cc12f3047306,2.0.83,093c8f7bc38ac642fad956175a55f74960dae3351f61871bb8ee05de07651647,explicitly_authorized_local,c73f4a663620c25261a6ab9079514749c403b542,2026-07-23T14:16:47Z,DNS_FAIL,https://shisuanai.com/,502 Bad Gateway,87b4fed1b1e2,valid,,,corpus/shisuanai-com_ae979652/captures/20260724T000208Z_shisuanai-com_ae979652_434c6e39b2ca
shitang359-space_bb59f762,shitang359.space,20260724T000229Z_shitang359-space_bb59f762_aea690a5a16e,2026-07-24T00:02:29Z,2026-07-24T00:02:41Z,tombstone_evidence,failed_no_wacz,unavailable,1,0,,,sha256:4a6978372231954ba47031bd75be2581a40e5bb6277205871babe93e754b5b92,1.12.4,sha256:070d452ca38f65bd3f84ed3d358da8bc74901d0bfefefa4b4109cc12f3047306,2.0.83,093c8f7bc38ac642fad956175a55f74960dae3351f61871bb8ee05de07651647,explicitly_authorized_local,c73f4a663620c25261a6ab9079514749c403b542,2026-07-23T14:11:41Z,HTTP_ERROR,,,,valid_with_warnings,,,corpus/shitang359-space_bb59f762/captures/20260724T000229Z_shitang359-space_bb59f762_aea690a5a16e
tcdmx-com_27a190d4,tcdmx.com,20260724T000251Z_tcdmx-com_27a190d4_0b58648fe7dd,2026-07-24T00:02:51Z,2026-07-24T00:08:02Z,tombstone_evidence,failed_no_wacz,unavailable,1,0,,,sha256:d704f5dbdcc311fe01098fe5f55245765fc9138a63f00afa95426161a90b2fdb,1.12.4,sha256:070d452ca38f65bd3f84ed3d358da8bc74901d0bfefefa4b4109cc12f3047306,2.0.83,093c8f7bc38ac642fad956175a55f74960dae3351f61871bb8ee05de07651647,explicitly_authorized_local,c73f4a663620c25261a6ab9079514749c403b542,2026-07-23T14:11:07Z,TIMEOUT,,,,invalid,wacz_present;wacz_container_valid,,corpus/tcdmx-com_27a190d4/captures/20260724T000251Z_tcdmx-com_27a190d4_0b58648fe7dd
timesniper-club_01fa8b35,timesniper.club,20260724T000802Z_timesniper-club_01fa8b35_4fc460967083,2026-07-24T00:08:02Z,2026-07-24T00:08:06Z,tombstone_evidence,failed_no_wacz,unavailable,1,0,,,sha256:08e1dd09f88a9bb10063e30a52d2976922d22615b778aca2fd8879d3b5a24a35,1.12.4,sha256:070d452ca38f65bd3f84ed3d358da8bc74901d0bfefefa4b4109cc12f3047306,2.0.83,093c8f7bc38ac642fad956175a55f74960dae3351f61871bb8ee05de07651647,explicitly_authorized_local,c73f4a663620c25261a6ab9079514749c403b542,2026-07-23T14:10:59Z,DNS_FAIL,,,,valid_with_warnings,,,corpus/timesniper-club_01fa8b35/captures/20260724T000802Z_timesniper-club_01fa8b35_4fc460967083
timyai-com_88c51019,timyai.com,20260724T000806Z_timyai-com_88c51019_579a991afdc5,2026-07-24T00:08:06Z,2026-07-24T00:08:10Z,tombstone_evidence,failed_no_wacz,unavailable,1,0,,,sha256:8439d3b4a3d6a3be52d13318c8ca74e5b7ba9bebc32540994c1a7b079b6b6cf5,1.12.4,sha256:070d452ca38f65bd3f84ed3d358da8bc74901d0bfefefa4b4109cc12f3047306,2.0.83,093c8f7bc38ac642fad956175a55f74960dae3351f61871bb8ee05de07651647,explicitly_authorized_local,c73f4a663620c25261a6ab9079514749c403b542,2026-07-23T14:11:08Z,DNS_FAIL,,,,valid_with_warnings,,,corpus/timyai-com_88c51019/captures/20260724T000806Z_timyai-com_88c51019_579a991afdc5
toapis-xyz_da778789,toapis.xyz,20260724T000813Z_toapis-xyz_da778789_9dd254b0531f,2026-07-24T00:08:13Z,2026-07-24T00:09:42Z,tombstone_evidence,completed,redirected_offsite,8,4,15822647,3b8662a8fcfc686639bac624536ff5941759a23135de234f02021f9794a5dba8,sha256:c23101342067831f1d67bff95237a5c28cd239f6b2bbea2e195de82f928678f4,1.12.4,sha256:070d452ca38f65bd3f84ed3d358da8bc74901d0bfefefa4b4109cc12f3047306,2.0.83,093c8f7bc38ac642fad956175a55f74960dae3351f61871bb8ee05de07651647,explicitly_authorized_local,c73f4a663620c25261a6ab9079514749c403b542,2026-07-23T14:16:57Z,ONLINE,https://toapis.com/,OpenAI 兼容 AI API 网关,aea0c35cd0c7,valid,,,corpus/toapis-xyz_da778789/captures/20260724T000813Z_toapis-xyz_da778789_9dd254b0531f
tokencheap-ai_474846c8,tokencheap.ai,20260724T000952Z_tokencheap-ai_474846c8_68cf991d1f5d,2026-07-24T00:09:52Z,2026-07-24T00:15:03Z,tombstone_evidence,failed_no_wacz,unavailable,1,0,,,sha256:c7f1d3f5fabff45c3d34da8d43f3537926e02557e58ef7af9dbcd28aadc50c8d,1.12.4,sha256:070d452ca38f65bd3f84ed3d358da8bc74901d0bfefefa4b4109cc12f3047306,2.0.83,093c8f7bc38ac642fad956175a55f74960dae3351f61871bb8ee05de07651647,explicitly_authorized_local,c73f4a663620c25261a6ab9079514749c403b542,2026-07-23T14:17:00Z,TIMEOUT,,,,invalid,wacz_present;wacz_container_valid,,corpus/tokencheap-ai_474846c8/captures/20260724T000952Z_tokencheap-ai_474846c8_68cf991d1f5d
twentytwohundred-ai_28796ada,twentytwohundred.ai,20260724T001504Z_twentytwohundred-ai_28796ada_8085c6561c3e,2026-07-24T00:15:04Z,2026-07-24T00:16:27Z,tombstone_evidence,completed,redirected_offsite,8,4,9591913,e7161208aadced802c7976f5233af67ae05a67aaaa856cf1658416b03c3ab9c4,sha256:684609f85386a374ceee4227919f19c78558224947812e36c45360630a9ad19c,1.12.4,sha256:070d452ca38f65bd3f84ed3d358da8bc74901d0bfefefa4b4109cc12f3047306,2.0.83,093c8f7bc38ac642fad956175a55f74960dae3351f61871bb8ee05de07651647,explicitly_authorized_local,c73f4a663620c25261a6ab9079514749c403b542,2026-07-23T14:14:30Z,ONLINE,https://2200.ai/,2200 ... Where your AI Agents live and work.,8a4a8812c860,valid,,,corpus/twentytwohundred-ai_28796ada/captures/20260724T001504Z_twentytwohundred-ai_28796ada_8085c6561c3e
unorouter-ai_6a83e104,unorouter.ai,20260724T001637Z_unorouter-ai_6a83e104_264459dbfb93,2026-07-24T00:16:37Z,2026-07-24T00:19:10Z,tombstone_evidence,completed,redirected_offsite,8,4,11882273,9caf4fff9fbd94d2901404a493d26f2b225dbf76fb87e3de2ac8267b11f649c5,sha256:df364acdc6b42642d18e31be3a7605389d3a45a09abef4162f6ebc1499d9e002,1.12.4,sha256:070d452ca38f65bd3f84ed3d358da8bc74901d0bfefefa4b4109cc12f3047306,2.0.83,093c8f7bc38ac642fad956175a55f74960dae3351f61871bb8ee05de07651647,explicitly_authorized_local,c73f4a663620c25261a6ab9079514749c403b542,2026-07-23T14:14:31Z,ONLINE,https://unorouter.com/en,UnoRouter - One Key for Every AI Model,53bb61d97f60,valid,,,corpus/unorouter-ai_6a83e104/captures/20260724T001637Z_unorouter-ai_6a83e104_264459dbfb93
wangxiangai-org_5eef00be,wangxiangai.org,20260724T001920Z_wangxiangai-org_5eef00be_57d4c96254a2,2026-07-24T00:19:20Z,2026-07-24T00:21:09Z,tombstone_evidence,completed,blocked_or_challenge,1,1,258064,8bd479ddd1cc7db72a431f5fc8491676947d16ad3b7cfdbd83325673e72cbeb2,sha256:69002766262c40c099c9908751212a397e1d2852186d1605fc1a8b2e90872054,1.12.4,sha256:070d452ca38f65bd3f84ed3d358da8bc74901d0bfefefa4b4109cc12f3047306,2.0.83,093c8f7bc38ac642fad956175a55f74960dae3351f61871bb8ee05de07651647,explicitly_authorized_local,c73f4a663620c25261a6ab9079514749c403b542,2026-07-23T14:11:26Z,TIMEOUT,,,,valid,,,corpus/wangxiangai-org_5eef00be/captures/20260724T001920Z_wangxiangai-org_5eef00be_57d4c96254a2
worldrouter-ai_bee56886,worldrouter.ai,20260724T002110Z_worldrouter-ai_bee56886_ff2bec2fe691,2026-07-24T00:21:10Z,2026-07-24T00:23:08Z,tombstone_evidence,completed,redirected_offsite,8,4,11565908,bc9b1a2bdfd36564343ed14ac173d6e306fe3e28888fad1687476e083cf5f4be,sha256:20084cb79cfdf1b6dd343523f0b059370d17a9cea59f2915c1eb9688994d2529,1.12.4,sha256:070d452ca38f65bd3f84ed3d358da8bc74901d0bfefefa4b4109cc12f3047306,2.0.83,093c8f7bc38ac642fad956175a55f74960dae3351f61871bb8ee05de07651647,explicitly_authorized_local,c73f4a663620c25261a6ab9079514749c403b542,2026-07-23T14:14:33Z,ONLINE,https://router.worldclaw.ai/,WorldRouter — The operating system for agents,91b2d0005973,valid,,,corpus/worldrouter-ai_bee56886/captures/20260724T002110Z_worldrouter-ai_bee56886_ff2bec2fe691
www-aladingapi-cc_52da84ce,www.aladingapi.cc,20260724T002308Z_www-aladingapi-cc_52da84ce_5d6dd95cb2a8,2026-07-24T00:23:08Z,2026-07-24T00:23:14Z,tombstone_evidence,failed_no_wacz,unavailable,1,0,,,sha256:ed8ddbccd64b9d009068712e7aff5b4bcb393cfe9e80a418134e562a7f6a3587,1.12.4,sha256:070d452ca38f65bd3f84ed3d358da8bc74901d0bfefefa4b4109cc12f3047306,2.0.83,093c8f7bc38ac642fad956175a55f74960dae3351f61871bb8ee05de07651647,explicitly_authorized_local,c73f4a663620c25261a6ab9079514749c403b542,2026-07-23T14:11:40Z,HTTP_ERROR,,,,valid_with_warnings,,,corpus/www-aladingapi-cc_52da84ce/captures/20260724T002308Z_www-aladingapi-cc_52da84ce_5d6dd95cb2a8
www-deerapi-com_207d1e67,www.deerapi.com,20260724T002317Z_www-deerapi-com_207d1e67_34df79c6e095,2026-07-24T00:23:17Z,2026-07-24T00:24:46Z,tombstone_evidence,completed,redirected_offsite,8,4,6162850,745e0f1e8bf2e1b3410ca96fa02a91177c1c79120f18d73164f403f935b6e7f6,sha256:738712007c9359fbdcd9f19aafce553d925fe9a65ca1fb0b38c6e186ba25369e,1.12.4,sha256:070d452ca38f65bd3f84ed3d358da8bc74901d0bfefefa4b4109cc12f3047306,2.0.83,093c8f7bc38ac642fad956175a55f74960dae3351f61871bb8ee05de07651647,explicitly_authorized_local,c73f4a663620c25261a6ab9079514749c403b542,2026-07-23T14:13:48Z,ONLINE,https://api.deerapi.com/,,ca2fa7d875cf,valid,,,corpus/www-deerapi-com_207d1e67/captures/20260724T002317Z_www-deerapi-com_207d1e67_34df79c6e095
www-yooyai-cc_8b607edd,www.yooyai.cc,20260724T002449Z_www-yooyai-cc_8b607edd_440f8015b300,2026-07-24T00:24:49Z,2026-07-24T00:25:03Z,tombstone_evidence,completed,unavailable,1,1,46131,e8320b978c49885486285484ac138684dc1dbb777e59914568102cb3d0fabcdb,sha256:70dbc547477d802fb1c073b04e6053dfb11159d34ea9f0e3b877d5efb7d19e78,1.12.4,sha256:070d452ca38f65bd3f84ed3d358da8bc74901d0bfefefa4b4109cc12f3047306,2.0.83,093c8f7bc38ac642fad956175a55f74960dae3351f61871bb8ee05de07651647,explicitly_authorized_local,c73f4a663620c25261a6ab9079514749c403b542,2026-07-23T14:11:46Z,HTTP_ERROR,http://www.yooyai.cc/,503,47d3b486765d,valid,,,corpus/www-yooyai-cc_8b607edd/captures/20260724T002449Z_www-yooyai-cc_8b607edd_440f8015b300
yixintoken-com_8d870e79,yixintoken.com,20260724T002513Z_yixintoken-com_8d870e79_b404b0f3d75b,2026-07-24T00:25:13Z,2026-07-24T00:30:23Z,tombstone_evidence,failed_no_wacz,unavailable,1,0,,,sha256:bc22b16d63e06556700a36d7f963ed65ff881c26ec9a7f761a7ded91d9d367f6,1.12.4,sha256:070d452ca38f65bd3f84ed3d358da8bc74901d0bfefefa4b4109cc12f3047306,2.0.83,093c8f7bc38ac642fad956175a55f74960dae3351f61871bb8ee05de07651647,explicitly_authorized_local,c73f4a663620c25261a6ab9079514749c403b542,2026-07-23T14:17:17Z,TIMEOUT,,,,invalid,wacz_present;wacz_container_valid,,corpus/yixintoken-com_8d870e79/captures/20260724T002513Z_yixintoken-com_8d870e79_b404b0f3d75b
yuedongapi-top_6420b7b1,yuedongapi.top,20260724T003034Z_yuedongapi-top_6420b7b1_f0ac67c47c59,2026-07-24T00:30:34Z,2026-07-24T00:35:44Z,tombstone_evidence,failed_no_wacz,unavailable,1,0,,,sha256:9e1175e039cc5e7283fe83b4a858dc26a6bfd14f6982f90b7205eb49ff28a735,1.12.4,sha256:070d452ca38f65bd3f84ed3d358da8bc74901d0bfefefa4b4109cc12f3047306,2.0.83,093c8f7bc38ac642fad956175a55f74960dae3351f61871bb8ee05de07651647,explicitly_authorized_local,c73f4a663620c25261a6ab9079514749c403b542,2026-07-23T14:11:47Z,TIMEOUT,,,,invalid,wacz_present;wacz_container_valid,,corpus/yuedongapi-top_6420b7b1/captures/20260724T003034Z_yuedongapi-top_6420b7b1_f0ac67c47c59
zaimaai-cn_d3861bd4,zaimaai.cn,20260724T003546Z_zaimaai-cn_d3861bd4_cf715f0c8cf7,2026-07-24T00:35:46Z,2026-07-24T00:35:50Z,tombstone_evidence,failed_no_wacz,unavailable,1,0,,,sha256:4d8c570c6b7b8d63e17dbdc659b85299da5c7a91db196e4f23207bcbcda71cf3,1.12.4,sha256:070d452ca38f65bd3f84ed3d358da8bc74901d0bfefefa4b4109cc12f3047306,2.0.83,093c8f7bc38ac642fad956175a55f74960dae3351f61871bb8ee05de07651647,explicitly_authorized_local,c73f4a663620c25261a6ab9079514749c403b542,2026-07-23T14:11:27Z,DNS_FAIL,,,,valid_with_warnings,,,corpus/zaimaai-cn_d3861bd4/captures/20260724T003546Z_zaimaai-cn_d3861bd4_cf715f0c8cf7
zhumengwangluo-top_c5294608,zhumengwangluo.top,20260724T003601Z_zhumengwangluo-top_c5294608_61af75f937d9,2026-07-24T00:36:01Z,2026-07-24T00:41:11Z,tombstone_evidence,failed_no_wacz,unavailable,1,0,,,sha256:148ce3eee559f7b00bbfe1b88f1111205f85dcb6a0e7dc14a4e10b3cb6466fc7,1.12.4,sha256:070d452ca38f65bd3f84ed3d358da8bc74901d0bfefefa4b4109cc12f3047306,2.0.83,093c8f7bc38ac642fad956175a55f74960dae3351f61871bb8ee05de07651647,explicitly_authorized_local,c73f4a663620c25261a6ab9079514749c403b542,2026-07-23T14:17:22Z,TIMEOUT,,,,invalid,wacz_present;wacz_container_valid,,corpus/zhumengwangluo-top_c5294608/captures/20260724T003601Z_zhumengwangluo-top_c5294608_61af75f937d9
enjoyapi-cc_7ae3c10d,enjoyapi.cc,20260724T004121Z_enjoyapi-cc_7ae3c10d_ad7b0edab2b8,2026-07-24T00:41:21Z,2026-07-24T00:43:09Z,status_transition,completed,blocked_or_challenge,1,1,254411,1576c771e072c397776595f06a3c638b4071d7c3f673044191cc406a07626c99,sha256:ecb8e26b97ccf69a39506d756d437a6e36de8b31bde500b796b3bf09098f0530,1.12.4,sha256:070d452ca38f65bd3f84ed3d358da8bc74901d0bfefefa4b4109cc12f3047306,2.0.83,093c8f7bc38ac642fad956175a55f74960dae3351f61871bb8ee05de07651647,explicitly_authorized_local,c73f4a663620c25261a6ab9079514749c403b542,2026-07-23T14:11:23Z,TIMEOUT,,,,valid,,,corpus/enjoyapi-cc_7ae3c10d/captures/20260724T004121Z_enjoyapi-cc_7ae3c10d_ad7b0edab2b8
sub2api-luchikey-com_72774d46,sub2api.luchikey.com,20260724T004309Z_sub2api-luchikey-com_72774d46_1f2c2b428c23,2026-07-24T00:43:09Z,2026-07-24T00:44:09Z,status_transition,completed,ok,8,4,5051543,adde328003e62b677b703dd0d759d90926726721c6a691ad55efed57a031cd3e,sha256:140e281a2d93ed9d783c1c20a9cfa66005bc055787768970f8244cf975e412cf,1.12.4,sha256:070d452ca38f65bd3f84ed3d358da8bc74901d0bfefefa4b4109cc12f3047306,2.0.83,093c8f7bc38ac642fad956175a55f74960dae3351f61871bb8ee05de07651647,explicitly_authorized_local,c73f4a663620c25261a6ab9079514749c403b542,2026-07-23T14:10:46Z,HTTP_204,https://sub2api.luchikey.com/,,,valid,,,corpus/sub2api-luchikey-com_72774d46/captures/20260724T004309Z_sub2api-luchikey-com_72774d46_1f2c2b428c23
wkapi-club_d52d45a3,wkapi.club,20260724T004411Z_wkapi-club_d52d45a3_e94164918c90,2026-07-24T00:44:11Z,2026-07-24T00:46:21Z,status_transition,completed,ok,8,4,8138755,43a6a36c956b63f2b07270122715220bab052fd22895357077d63436de2c4219,sha256:627624fb770bf60767410c8d01e2d108bfba9ecd1b4c1cae2a5f2e1de53e0420,1.12.4,sha256:070d452ca38f65bd3f84ed3d358da8bc74901d0bfefefa4b4109cc12f3047306,2.0.83,093c8f7bc38ac642fad956175a55f74960dae3351f61871bb8ee05de07651647,explicitly_authorized_local,c73f4a663620c25261a6ab9079514749c403b542,2026-07-23T14:13:43Z,HTTP_ERROR,,,,valid,,,corpus/wkapi-club_d52d45a3/captures/20260724T004411Z_wkapi-club_d52d45a3_e94164918c90
yhapiplatform-com_28270614,yhapiplatform.com,20260724T004626Z_yhapiplatform-com_28270614_a63aeba515bf,2026-07-24T00:46:26Z,2026-07-24T00:46:47Z,status_transition,completed,ok,2,2,1251308,27eb4cac78371967147056016cb6d0d67f940d96f140aa86e5b910a74e973321,sha256:6d6208b1b0f8ceea4cbfa8ecf4da44bb9a1b0b9c9b4630b8352ce004fa3c8673,1.12.4,sha256:070d452ca38f65bd3f84ed3d358da8bc74901d0bfefefa4b4109cc12f3047306,2.0.83,093c8f7bc38ac642fad956175a55f74960dae3351f61871bb8ee05de07651647,explicitly_authorized_local,c73f4a663620c25261a6ab9079514749c403b542,2026-07-23T14:17:16Z,TIMEOUT,,,,valid,,,corpus/yhapiplatform-com_28270614/captures/20260724T004626Z_yhapiplatform-com_28270614_a63aeba515bf
api-feng-cx_e58c874a,api.feng.cx,20260724T004650Z_api-feng-cx_e58c874a_2e69d8a9ebe1,2026-07-24T00:46:50Z,2026-07-24T00:48:04Z,reappearance,completed,ok,8,4,5460508,f94463259d5dcbbcc9d490923f5ec6ecf76b18e50811a889ed316e1e9207e18d,sha256:1ebff0db0cd8f3624671c6053552e4d5bfe91e3896ce75ca5ac150b5cc66e6fc,1.12.4,sha256:070d452ca38f65bd3f84ed3d358da8bc74901d0bfefefa4b4109cc12f3047306,2.0.83,093c8f7bc38ac642fad956175a55f74960dae3351f61871bb8ee05de07651647,explicitly_authorized_local,c73f4a663620c25261a6ab9079514749c403b542,2026-07-23T14:11:21Z,ONLINE,https://api.feng.cx/,New API,a216826846a1,valid,,,corpus/api-feng-cx_e58c874a/captures/20260724T004650Z_api-feng-cx_e58c874a_2e69d8a9ebe1
api-tu-zi-com_5611cab3,api.tu-zi.com,20260724T004808Z_api-tu-zi-com_5611cab3_90b13d0791d0,2026-07-24T00:48:08Z,2026-07-24T00:49:38Z,reappearance,completed,ok,8,4,10609311,4c666182f694c8ec54c3d5ad7bae16bad1fb79025f15d4da1807785f9d19c4b7,sha256:3ffff65aaa7a2806a6a358eaca17c20b6f637fd5fa2e76aed63fde3c6cc8cd20,1.12.4,sha256:070d452ca38f65bd3f84ed3d358da8bc74901d0bfefefa4b4109cc12f3047306,2.0.83,093c8f7bc38ac642fad956175a55f74960dae3351f61871bb8ee05de07651647,explicitly_authorized_local,c73f4a663620c25261a6ab9079514749c403b542,2026-07-23T14:11:08Z,ONLINE,https://api.tu-zi.com/,兔子API,40325c42f22f,valid,,,corpus/api-tu-zi-com_5611cab3/captures/20260724T004808Z_api-tu-zi-com_5611cab3_90b13d0791d0
cun-ai_de116981,cun.ai,20260724T004941Z_cun-ai_de116981_70032dfffe7b,2026-07-24T00:49:41Z,2026-07-24T00:51:20Z,reappearance,completed,ok,8,4,7870266,aeb583c24db277b4dd1b96bc27fa29ec2a245905c0bd6d8dbcbd5727e11728be,sha256:edf146dc055c0b53fd645cc257897cf7902a3ddbaf649e165b5011dd977f70a3,1.12.4,sha256:070d452ca38f65bd3f84ed3d358da8bc74901d0bfefefa4b4109cc12f3047306,2.0.83,093c8f7bc38ac642fad956175a55f74960dae3351f61871bb8ee05de07651647,explicitly_authorized_local,c73f4a663620c25261a6ab9079514749c403b542,2026-07-23T14:12:54Z,ONLINE,https://cun.ai/,New API,ee1d9949d756,valid,,,corpus/cun-ai_de116981/captures/20260724T004941Z_cun-ai_de116981_70032dfffe7b
fullrouter-com_d4371c77,fullrouter.com,20260724T005121Z_fullrouter-com_d4371c77_b83aca23ccc3,2026-07-24T00:51:21Z,2026-07-24T00:52:32Z,reappearance,completed,ok,8,4,4126068,a7e25d4ed034be48763dcdb9191740dff8c59e622394e5b732fa8dd6aaa349d3,sha256:b1e8e0696057c45c0d3cadf39585bfbb27283ac271d5086179d827c367e8f254,1.12.4,sha256:070d452ca38f65bd3f84ed3d358da8bc74901d0bfefefa4b4109cc12f3047306,2.0.83,093c8f7bc38ac642fad956175a55f74960dae3351f61871bb8ee05de07651647,explicitly_authorized_local,c73f4a663620c25261a6ab9079514749c403b542,2026-07-23T14:15:45Z,ONLINE,https://fullrouter.com/,FullRouter,e4587bdad69b,valid,,,corpus/fullrouter-com_d4371c77/captures/20260724T005121Z_fullrouter-com_d4371c77_b83aca23ccc3
hook-rs_177f75a9,hook.rs,20260724T005239Z_hook-rs_177f75a9_4c4c354ae07e,2026-07-24T00:52:39Z,2026-07-24T00:54:21Z,reappearance,completed,ok,2,2,7617898,6185bc7725ce397ed76572bca629fbed811d2d74e7e2c7e739af18be2615df61,sha256:3599c77510eadc4b2be1f76e95cd6d5d4371708488f65cd84429f4d71071c8c5,1.12.4,sha256:070d452ca38f65bd3f84ed3d358da8bc74901d0bfefefa4b4109cc12f3047306,2.0.83,093c8f7bc38ac642fad956175a55f74960dae3351f61871bb8ee05de07651647,explicitly_authorized_local,c73f4a663620c25261a6ab9079514749c403b542,2026-07-23T14:15:55Z,ONLINE,https://hook.rs/,ç»ä¸å¤§æ¨¡åç½å³,1d40a0ddc4db,valid,,,corpus/hook-rs_177f75a9/captures/20260724T005239Z_hook-rs_177f75a9_4c4c354ae07e
jmaivip-com_662558f4,jmaivip.com,20260724T005430Z_jmaivip-com_662558f4_8c5672fee8b2,2026-07-24T00:54:30Z,2026-07-24T01:01:01Z,reappearance,completed,ok,8,3,85613587,1ad43ee8d8d04721c0cd562ec1ae9a8c1592bf0f206272ddd382875b888ad54d,sha256:d55e02e0eb1f11a533a84bf90cf40ef872b1aeb4a468055194f82fa9531eb0bb,1.12.4,sha256:070d452ca38f65bd3f84ed3d358da8bc74901d0bfefefa4b4109cc12f3047306,2.0.83,093c8f7bc38ac642fad956175a55f74960dae3351f61871bb8ee05de07651647,explicitly_authorized_local,c73f4a663620c25261a6ab9079514749c403b542,2026-07-23T14:16:05Z,ONLINE,https://jmaivip.com/,鲸漫AI - 影视电商视频超级引擎,f8d7af3ed0a8,valid,,,corpus/jmaivip-com_662558f4/captures/20260724T005430Z_jmaivip-com_662558f4_8c5672fee8b2
0api-qzz-io_8166ea1c,0api.qzz.io,20260724T010104Z_0api-qzz-io_8166ea1c_e0844116e2c9,2026-07-24T01:01:04Z,2026-07-24T01:02:32Z,first_capture,completed,ok,8,4,8328232,fbea6f12055d3b8363e3b8cd815cb3f26fbd4c2bfabbddf9c8c353cd3154c476,sha256:75ac0be674f26296f4988d14822f0bf236bcab23e8c217b3ac248de8c12c72d1,1.12.4,sha256:070d452ca38f65bd3f84ed3d358da8bc74901d0bfefefa4b4109cc12f3047306,2.0.83,093c8f7bc38ac642fad956175a55f74960dae3351f61871bb8ee05de07651647,explicitly_authorized_local,c73f4a663620c25261a6ab9079514749c403b542,2026-07-23T14:11:49Z,ONLINE,https://0api.qzz.io/,New API,8316ac08477f,valid,,,corpus/0api-qzz-io_8166ea1c/captures/20260724T010104Z_0api-qzz-io_8166ea1c_e0844116e2c9
114api-com_195e172f,114api.com,20260724T010235Z_114api-com_195e172f_9fc9b0c0f5a1,2026-07-24T01:02:35Z,2026-07-24T01:02:51Z,first_capture,completed,blocked_or_challenge,1,1,261756,87ef23b78c369e875f92e6228c49c418d74471016f2fa9f9337f6ae88730f2b3,sha256:d8b5ad79ba91aaaa4813b14c0db20b545ac12c11d45d1ce79e5f20a89181d546,1.12.4,sha256:070d452ca38f65bd3f84ed3d358da8bc74901d0bfefefa4b4109cc12f3047306,2.0.83,093c8f7bc38ac642fad956175a55f74960dae3351f61871bb8ee05de07651647,explicitly_authorized_local,c73f4a663620c25261a6ab9079514749c403b542,2026-07-23T14:14:42Z,HTTP_ERROR,https://114api.com/,114api.com | 526: Invalid SSL certificate,1fefba7a74fa,valid,,,corpus/114api-com_195e172f/captures/20260724T010235Z_114api-com_195e172f_9fc9b0c0f5a1
147ai-com_9044c160,147ai.com,20260724T010253Z_147ai-com_9044c160_8977a10c3cdb,2026-07-24T01:02:53Z,2026-07-24T01:04:10Z,first_capture,completed,ok,8,4,9818818,83b55630124ce994afd362b880b775acc788fd2fa9fde6d6a6b1ccb18183dff9,sha256:cd75fe2b42b77e7effcef95c099bd40452c811541ef10fcad46ce487436350de,1.12.4,sha256:070d452ca38f65bd3f84ed3d358da8bc74901d0bfefefa4b4109cc12f3047306,2.0.83,093c8f7bc38ac642fad956175a55f74960dae3351f61871bb8ee05de07651647,explicitly_authorized_local,c73f4a663620c25261a6ab9079514749c403b542,2026-07-23T14:11:50Z,ONLINE,https://147ai.com/,New API,224805d2dd0c,valid,,,corpus/147ai-com_9044c160/captures/20260724T010253Z_147ai-com_9044c160_8977a10c3cdb
16api-com_afb4d572,16api.com,20260724T010415Z_16api-com_afb4d572_8bb11f65df4d,2026-07-24T01:04:15Z,2026-07-24T01:05:37Z,first_capture,completed,ok,8,4,17652207,7458e920ee350ccf863772644a7e8626b731e04e999b659653ea53ea53266191,sha256:9cc030324c0b64a2b5615bb9d5c1600df683230776fc80d3eee66f1e6fc2cc09,1.12.4,sha256:070d452ca38f65bd3f84ed3d358da8bc74901d0bfefefa4b4109cc12f3047306,2.0.83,093c8f7bc38ac642fad956175a55f74960dae3351f61871bb8ee05de07651647,explicitly_authorized_local,c73f4a663620c25261a6ab9079514749c403b542,2026-07-23T14:14:42Z,ONLINE,https://www.16api.com/,首页 - 一流API - 极速稳定的AI大模型接口中转服务平台 (ChatGPT/Claude/Midjourney/gemini),55cb2e7e0304,valid,,,corpus/16api-com_afb4d572/captures/20260724T010415Z_16api-com_afb4d572_8bb11f65df4d
180txt-cn_51fc99be,180txt.cn,20260724T010539Z_180txt-cn_51fc99be_397f0ea26e52,2026-07-24T01:05:39Z,2026-07-24T01:06:17Z,first_capture,completed,ok,8,4,45590,b9a56aa19af238798354e5a06b53a89ec5d489ef1e3ea7bc4fd497e0853a33d2,sha256:02cd42cb65f668e1ba379295f5ced74df29e80879814bbe6caa355960c022837,1.12.4,sha256:070d452ca38f65bd3f84ed3d358da8bc74901d0bfefefa4b4109cc12f3047306,2.0.83,093c8f7bc38ac642fad956175a55f74960dae3351f61871bb8ee05de07651647,explicitly_authorized_local,c73f4a663620c25261a6ab9079514749c403b542,2026-07-23T14:11:50Z,ONLINE,https://180txt.cn/,,7877a3ef48a0,valid,,,corpus/180txt-cn_51fc99be/captures/20260724T010539Z_180txt-cn_51fc99be_397f0ea26e52
1ove-tech_d8158502,1ove.tech,20260724T010618Z_1ove-tech_d8158502_a9f8100fa00a,2026-07-24T01:06:18Z,2026-07-24T01:06:38Z,first_capture,completed,ok,1,1,7027982,2235ce659867f345586ed5182c53bd69025deb2ff652641b5766e0df89baa1af,sha256:f1d3157d193eed2b0907946110facccdb1a714d6210fd09356f51e1c793264e3,1.12.4,sha256:070d452ca38f65bd3f84ed3d358da8bc74901d0bfefefa4b4109cc12f3047306,2.0.83,093c8f7bc38ac642fad956175a55f74960dae3351f61871bb8ee05de07651647,explicitly_authorized_local,c73f4a663620c25261a6ab9079514749c403b542,2026-07-23T14:14:42Z,ONLINE,https://1ove.tech/,灵引的小导航,ae8e3655b620,valid,,,corpus/1ove-tech_d8158502/captures/20260724T010618Z_1ove-tech_d8158502_a9f8100fa00a
1publish-me_0177e9a8,1publish.me,20260724T010643Z_1publish-me_0177e9a8_1fc3bdb8b705,2026-07-24T01:06:43Z,2026-07-24T01:08:04Z,first_capture,completed,ok,6,4,7256986,27cf6c97c50f9b81636ce1456767a40c42018d269a138127858fe33ed5c69629,sha256:1bb18b35985320262f8fb3f9f6b9136af274539f258c72e819c69f8403013519,1.12.4,sha256:070d452ca38f65bd3f84ed3d358da8bc74901d0bfefefa4b4109cc12f3047306,2.0.83,093c8f7bc38ac642fad956175a55f74960dae3351f61871bb8ee05de07651647,explicitly_authorized_local,c73f4a663620c25261a6ab9079514749c403b542,2026-07-23T14:14:43Z,ONLINE,https://1publish.me/en,Token Platform - AI Model API Gateway,c27bb9ff19ee,valid,,,corpus/1publish-me_0177e9a8/captures/20260724T010643Z_1publish-me_0177e9a8_1fc3bdb8b705
1xm-ai_f75c9292,1xm.ai,20260724T010805Z_1xm-ai_f75c9292_ad6add017f7f,2026-07-24T01:08:05Z,2026-07-24T01:09:17Z,first_capture,completed,ok,8,4,7091262,baa313828a4b7d6470f1ba0f706c15c8d627ff3c4e1d7d3a7b4c51aa0b157e7d,sha256:e426214f16957c27b722257d18319f7c10585da71563b600e7c6d954fb8a8e8a,1.12.4,sha256:070d452ca38f65bd3f84ed3d358da8bc74901d0bfefefa4b4109cc12f3047306,2.0.83,093c8f7bc38ac642fad956175a55f74960dae3351f61871bb8ee05de07651647,explicitly_authorized_local,c73f4a663620c25261a6ab9079514749c403b542,2026-07-23T14:11:04Z,ONLINE,https://1xm.ai/,OneXModel,349bd34be8ef,valid,,,corpus/1xm-ai_f75c9292/captures/20260724T010805Z_1xm-ai_f75c9292_ad6add017f7f
2dapi-online_a3b0f498,2dapi.online,20260724T010922Z_2dapi-online_a3b0f498_8bcbd096d554,2026-07-24T01:09:22Z,2026-07-24T01:10:55Z,first_capture,completed,ok,8,4,30058256,0a61d86e1661caca0995c8c83d5824b8667628b0431731539928c793563a2f9a,sha256:a3d3a1506a6c85d148ed7ba81d51abc4868a535b5c0892602f24a867dab1bca8,1.12.4,sha256:070d452ca38f65bd3f84ed3d358da8bc74901d0bfefefa4b4109cc12f3047306,2.0.83,093c8f7bc38ac642fad956175a55f74960dae3351f61871bb8ee05de07651647,explicitly_authorized_local,c73f4a663620c25261a6ab9079514749c403b542,2026-07-23T14:14:43Z,ONLINE,https://2dapi.online/,æéäº§èæ§è¡ Â· äº§ä¸èµæ¬éå¢ | ç½é©¬è´è¿ Â· æéäº§èæ§è¡,1999877ec9d4,valid,,,corpus/2dapi-online_a3b0f498/captures/20260724T010922Z_2dapi-online_a3b0f498_8bcbd096d554
35-aigcbest-top_9b41f5c0,35.aigcbest.top,20260724T011056Z_35-aigcbest-top_9b41f5c0_9f848eca94e4,2026-07-24T01:10:56Z,2026-07-24T01:12:19Z,first_capture,completed,ok,8,4,5794739,2e11007b254c58f69b0c99b9b49559042292e90e37a040528539f53ed623b210,sha256:aa0a31719e36d7fbf566c9c71d496b5da2ac9d0d6cc2d060693b363eb0a11a06,1.12.4,sha256:070d452ca38f65bd3f84ed3d358da8bc74901d0bfefefa4b4109cc12f3047306,2.0.83,093c8f7bc38ac642fad956175a55f74960dae3351f61871bb8ee05de07651647,explicitly_authorized_local,c73f4a663620c25261a6ab9079514749c403b542,2026-07-23T14:11:51Z,ONLINE,https://35.aigcbest.top/,New API,00d5e66421d4,valid,,,corpus/35-aigcbest-top_9b41f5c0/captures/20260724T011056Z_35-aigcbest-top_9b41f5c0_9f848eca94e4
4hidc-com_fcd7869b,4hidc.com,20260724T011222Z_4hidc-com_fcd7869b_659cf089f0b8,2026-07-24T01:12:22Z,2026-07-24T01:13:42Z,first_capture,completed,ok,8,4,7011944,3f5677717cba9e6ff4e0e3f2c8b035ef14645336ca25258ef132af1fd5532063,sha256:b765ac477b5453c4bdaaba2187a03151991ec0778f180205b88525f1aee08969,1.12.4,sha256:070d452ca38f65bd3f84ed3d358da8bc74901d0bfefefa4b4109cc12f3047306,2.0.83,093c8f7bc38ac642fad956175a55f74960dae3351f61871bb8ee05de07651647,explicitly_authorized_local,c73f4a663620c25261a6ab9079514749c403b542,2026-07-23T14:14:44Z,ONLINE,https://4hidc.com/,酷站AI · 你的全模型 API 中转站,eab40f2cb566,valid,,,corpus/4hidc-com_fcd7869b/captures/20260724T011222Z_4hidc-com_fcd7869b_659cf089f0b8
4router-net_65a32143,4router.net,20260724T011345Z_4router-net_65a32143_8fc99d1c4a0a,2026-07-24T01:13:45Z,2026-07-24T01:15:41Z,first_capture,completed,ok,8,4,15929504,5af9472ee415b2fab73651bd48bcc09ac0e83a3c47dd0cb255f606acd088b17d,sha256:99fafe498deac0bced60499f6d489004fbd349bbfd9446a08472dfca57968ed2,1.12.4,sha256:070d452ca38f65bd3f84ed3d358da8bc74901d0bfefefa4b4109cc12f3047306,2.0.83,093c8f7bc38ac642fad956175a55f74960dae3351f61871bb8ee05de07651647,explicitly_authorized_local,c73f4a663620c25261a6ab9079514749c403b542,2026-07-23T14:11:51Z,CLOUDFLARE_OR_BLOCKED,https://4router.net/,4Router,cb080141882a,valid,,,corpus/4router-net_65a32143/captures/20260724T011345Z_4router-net_65a32143_8fc99d1c4a0a
4sapi-com_b39c4ff5,4sapi.com,20260724T011544Z_4sapi-com_b39c4ff5_e9d093738d68,2026-07-24T01:15:44Z,2026-07-24T01:17:01Z,first_capture,completed,ok,8,4,6240758,71650b5b756fbaf99ac55803138c2d461ed3cb53cabcacc021cc117de4e519ee,sha256:8149a445749dfbe421cecb8fa419eab8fd246c367b51debc29c4577c0ed5ea74,1.12.4,sha256:070d452ca38f65bd3f84ed3d358da8bc74901d0bfefefa4b4109cc12f3047306,2.0.83,093c8f7bc38ac642fad956175a55f74960dae3351f61871bb8ee05de07651647,explicitly_authorized_local,c73f4a663620c25261a6ab9079514749c403b542,2026-07-23T14:11:51Z,ONLINE,https://4sapi.com/,New API,4801dd2c154f,valid,,,corpus/4sapi-com_b39c4ff5/captures/20260724T011544Z_4sapi-com_b39c4ff5_e9d093738d68
4sapi-net_1c33a315,4sapi.net,20260724T011704Z_4sapi-net_1c33a315_13c3b979d263,2026-07-24T01:17:04Z,2026-07-24T01:18:22Z,first_capture,completed,ok,8,4,6240485,7dd7bc0533f1beacc8395631904f66da91ac25657f18ab4b7acd88cd6d2c2897,sha256:751b78dab9ced3395cbc2085bb0e4925b6bb7cf0338c95c2bc06539b551963f4,1.12.4,sha256:070d452ca38f65bd3f84ed3d358da8bc74901d0bfefefa4b4109cc12f3047306,2.0.83,093c8f7bc38ac642fad956175a55f74960dae3351f61871bb8ee05de07651647,explicitly_authorized_local,c73f4a663620c25261a6ab9079514749c403b542,2026-07-23T14:11:52Z,ONLINE,https://4sapi.net/,New API,4801dd2c154f,valid,,,corpus/4sapi-net_1c33a315/captures/20260724T011704Z_4sapi-net_1c33a315_13c3b979d263
4zapi-com_cc2d34ba,4zapi.com,20260724T011824Z_4zapi-com_cc2d34ba_33d28d8eb7b6,2026-07-24T01:18:24Z,2026-07-24T01:19:51Z,first_capture,completed,ok,8,4,17652287,f13b12e15fd0452cb587d194ce8caeb6680291cee6757980d318ab529179bbb4,sha256:677bfdb3cb1fb0ba86d021e5a6c09283a697d5661a4103b449210e1d79f548d4,1.12.4,sha256:070d452ca38f65bd3f84ed3d358da8bc74901d0bfefefa4b4109cc12f3047306,2.0.83,093c8f7bc38ac642fad956175a55f74960dae3351f61871bb8ee05de07651647,explicitly_authorized_local,c73f4a663620c25261a6ab9079514749c403b542,2026-07-23T14:11:52Z,ONLINE,https://4zapi.com/,API中转站 | 国内直连ChatGPT/Claude API服务 | 稳定可靠 - 4Z API - 专业的API人工智能接口 API中转站服务 | 支持多种 AI 模型调用的开发平台 支持claude gpt o1 mj suno lu,31fbdf6843ec,valid,,,corpus/4zapi-com_cc2d34ba/captures/20260724T011824Z_4zapi-com_cc2d34ba_33d28d8eb7b6
51api-org_1b0f9ba1,51api.org,20260724T011959Z_51api-org_1b0f9ba1_f4d1c79cdc08,2026-07-24T01:19:59Z,2026-07-24T01:21:11Z,first_capture,completed,ok,8,4,3802566,11a6f89f61b7fa86087261ea228e418da62e6f89be7c125551d020264e5f3abc,sha256:eeed1abde588a09abfb65841fe2478483610b4d3504c7e004a4e59c44482dc0b,1.12.4,sha256:070d452ca38f65bd3f84ed3d358da8bc74901d0bfefefa4b4109cc12f3047306,2.0.83,093c8f7bc38ac642fad956175a55f74960dae3351f61871bb8ee05de07651647,explicitly_authorized_local,c73f4a663620c25261a6ab9079514749c403b542,2026-07-23T14:14:44Z,ONLINE,https://www.51api.org/,51API - GPT API、Claude API、Grok API、Gemini API 中转与直连购买,2240faad5f81,valid,,,corpus/51api-org_1b0f9ba1/captures/20260724T011959Z_51api-org_1b0f9ba1_f4d1c79cdc08
52mx-net_30efe765,52mx.net,20260724T012114Z_52mx-net_30efe765_ebe2126c4a3e,2026-07-24T01:21:14Z,2026-07-24T01:22:25Z,first_capture,completed,ok,8,4,5182878,4d393612562685dd80dd2b667d438be4b3d8ddd163d46a8c2c64e6be683a81e5,sha256:2ec4a2144711b2af7fa689335fbb191eb92e4391e8d9b4e9c33bbfb9f20779cd,1.12.4,sha256:070d452ca38f65bd3f84ed3d358da8bc74901d0bfefefa4b4109cc12f3047306,2.0.83,093c8f7bc38ac642fad956175a55f74960dae3351f61871bb8ee05de07651647,explicitly_authorized_local,c73f4a663620c25261a6ab9079514749c403b542,2026-07-23T14:11:52Z,ONLINE,https://52mx.net/,New API,00d5e66421d4,valid,,,corpus/52mx-net_30efe765/captures/20260724T012114Z_52mx-net_30efe765_ebe2126c4a3e
5cookie-cc_0c67525a,5cookie.cc,20260724T012228Z_5cookie-cc_0c67525a_bcaf97711e04,2026-07-24T01:22:28Z,2026-07-24T01:23:35Z,first_capture,completed,ok,8,4,4635333,a404593929a297cc93170cf44dd43cfb8827fe61bdbc7fab80375a013778cdd3,sha256:97981a35bbaaf4e1d08223550193fb7e2def0023d6f44e5c1e212628161f6638,1.12.4,sha256:070d452ca38f65bd3f84ed3d358da8bc74901d0bfefefa4b4109cc12f3047306,2.0.83,093c8f7bc38ac642fad956175a55f74960dae3351f61871bb8ee05de07651647,explicitly_authorized_local,c73f4a663620c25261a6ab9079514749c403b542,2026-07-23T14:10:44Z,ONLINE,https://www.5cookie.cc/,New API,f63a47e2fba1,valid,,,corpus/5cookie-cc_0c67525a/captures/20260724T012228Z_5cookie-cc_0c67525a_bcaf97711e04
5w5-wtf_318ec52d,5w5.wtf,20260724T012336Z_5w5-wtf_318ec52d_6e58b321ca12,2026-07-24T01:23:36Z,2026-07-24T01:24:26Z,first_capture,completed,ok,8,4,6741454,e9aea6393b2a9ddafda972b335d76a11a93fa12b3d112659381b92178a1437ed,sha256:74e807772e93d55b5e0f02731275966b279c58c131cd93b92005a84a006d4352,1.12.4,sha256:070d452ca38f65bd3f84ed3d358da8bc74901d0bfefefa4b4109cc12f3047306,2.0.83,093c8f7bc38ac642fad956175a55f74960dae3351f61871bb8ee05de07651647,explicitly_authorized_local,c73f4a663620c25261a6ab9079514749c403b542,2026-07-23T14:14:44Z,ONLINE,https://5w5.wtf/,New API,00d5e66421d4,valid,,,corpus/5w5-wtf_318ec52d/captures/20260724T012336Z_5w5-wtf_318ec52d_6e58b321ca12
