domain,whois_reg_date,whois_registrar,whois_expiry_date,ssl_issuer,ssl_org,ip,ip_country,ip_city,ip_asn,ip_hosting,ssl_expiry,server_header,powered_by,tech_stack,favicon_hash,last_enriched
uuapi.net,2026-04-03,"Spaceship, Inc.",2027-04-03,Google Trust Services,,172.67.209.217,Canada,Toronto,"AS13335 Cloudflare, Inc.","Cloudflare, Inc.",2026-07-20,cloudflare,,"Cloudflare, Vue",c0a94c66b936,2026-06-25T09:51:11Z
sudocode.chat,,,,Let's Encrypt,,172.67.68.200,Canada,Toronto,"AS13335 Cloudflare, Inc.","Cloudflare, Inc.",2026-07-27,cloudflare,,"Cloudflare, React",3a1414659d4f,2026-06-25T09:51:19Z
packyapi.com,2025-10-17,"DNSPod, Inc.",2026-10-17,GlobalSign nv-sa,,104.18.24.163,Canada,Toronto,"AS13335 Cloudflare, Inc.","Cloudflare, Inc.",2026-11-26,cloudflare,,"Cloudflare, React",0d919cd7c5fa,2026-06-25T09:51:49Z
portal.gpteamservices.com,2026-01-31,"Cloudflare, Inc.",2027-01-31,Google Trust Services,,172.67.158.235,Canada,Toronto,"AS13335 Cloudflare, Inc.","Cloudflare, Inc.",2026-08-27,cloudflare,,Cloudflare,42cc6da97198,2026-06-25T09:51:47Z
9527code.com,2026-03-18,Alibaba Cloud Computing Ltd. d/b/a HiChina (www.net.cn),2027-03-18,Google Trust Services,,104.21.31.202,Canada,Toronto,"AS13335 Cloudflare, Inc.","Cloudflare, Inc.",2026-09-09,cloudflare,,"Cloudflare, React, NewAPI",9c11eea7d386,2026-06-25T09:51:16Z
claudecn.top,2025-11-24,Alibaba Cloud Computing Ltd. d/b/a HiChina (www.net.cn),2026-11-24,Google Trust Services,,104.21.76.19,Canada,Toronto,"AS13335 Cloudflare, Inc.","Cloudflare, Inc.",2026-09-05,cloudflare,,"Cloudflare, Next.js, React",304d47b79d41,2026-06-25T09:51:53Z
modcon.top,2026-05-17,Alibaba Cloud Computing Ltd. d/b/a HiChina (www.net.cn),2027-05-17,Let's Encrypt,,172.66.43.131,Canada,Toronto,"AS13335 Cloudflare, Inc.","Cloudflare, Inc.",2026-08-22,cloudflare,,"Cloudflare, Vue",12039cb25456,2026-06-25T09:52:12Z
toknex.ai,2026-05-16,"NameSilo, LLC",2028-05-16,Let's Encrypt,,172.67.200.68,Canada,Toronto,"AS13335 Cloudflare, Inc.","Cloudflare, Inc.",2026-08-14,cloudflare,,"Cloudflare, Vue",bd417af71f7f,2026-06-25T09:51:03Z
runapi.co,2025-12-08,"GoDaddy.com, LLC",2026-12-08,Let's Encrypt,,15.204.107.119,United States,Hillsboro,AS16276 OVH SAS,OVH US LLC,2026-09-19,nginx/1.24.0 (Ubuntu),,"Nginx, React",2ea0fdea8c36,2026-06-25T09:51:31Z
lingsuan.top,2026-05-15,Alibaba Cloud Computing Ltd. d/b/a HiChina (www.net.cn),2031-05-15,Google Trust Services,,104.20.30.180,Canada,Toronto,"AS13335 Cloudflare, Inc.","Cloudflare, Inc.",2026-09-10,cloudflare,,"Cloudflare, Vue",4758c42ebd61,2026-06-25T09:52:03Z
api.xpluse.plus,,,,Google Trust Services,,104.21.15.96,Canada,Toronto,"AS13335 Cloudflare, Inc.","Cloudflare, Inc.",2026-09-20,cloudflare,,Cloudflare,208ef0430efd,2026-06-25T09:51:42Z
right.codes,,,,Google Trust Services,,104.21.91.201,Canada,Toronto,"AS13335 Cloudflare, Inc.","Cloudflare, Inc.",2026-08-15,cloudflare,,Cloudflare,8eaf256944c8,2026-06-25T09:50:56Z
anpin.ai,2026-04-18,July Name Limited,2028-04-18,Let's Encrypt,,74.211.106.16,United States,Los Angeles,AS25820 IT7 Networks Inc,Cluster Logic Inc,2026-09-07,,,Vue,0541adf7627c,2026-06-25T09:51:28Z
dawclaudecode.com,2025-10-08,Alibaba Cloud Computing Ltd. d/b/a HiChina (www.net.cn),2026-10-08,ZeroSSL GmbH,,154.219.121.57,United States,Los Angeles,AS8796 FASTNET DATA INC,Vape,2026-08-10,cdn,,React,0d919cd7c5fa,2026-06-25T09:53:14Z
coderelay.cn,2026-04-18,腾讯云计算（北京）有限责任公司,2027-04-18,Google Trust Services,,172.66.40.125,Canada,Toronto,"AS13335 Cloudflare, Inc.","Cloudflare, Inc.",2026-08-06,cloudflare,,"Cloudflare, React, NewAPI",0d919cd7c5fa,2026-06-25T09:52:01Z
toolcode.top,2026-06-01,Alibaba Cloud Computing Ltd. d/b/a HiChina (www.net.cn),2027-06-01,Google Trust Services,,104.21.56.252,Canada,Toronto,"AS13335 Cloudflare, Inc.","Cloudflare, Inc.",2026-08-30,cloudflare,,"Cloudflare, Vue",3a719701a75c,2026-06-25T09:51:40Z
chintao.cn,2024-01-08,腾讯云计算（北京）有限责任公司,2027-01-08,"TrustAsia Technologies, Inc.",,60.31.192.52,China,Zhangzhou,AS4837 CHINA UNICOM China169 Backbone,,2026-08-30,nginx/1.20.1,,"Nginx, React, NewAPI",0d919cd7c5fa,2026-06-25T09:51:38Z
unity2.ai,2026-03-14,"Spaceship, Inc.",2028-03-14,Google Trust Services,,172.67.199.247,Canada,Toronto,"AS13335 Cloudflare, Inc.","Cloudflare, Inc.",2026-08-23,cloudflare,,"Cloudflare, Vue",57ae01a812b3,2026-06-25T09:50:59Z
sub2api.luchikey.com,2026-05-14,Alibaba Cloud Computing Ltd. d/b/a HiChina (www.net.cn),2027-05-14,Let's Encrypt,,172.67.145.17,Canada,Toronto,"AS13335 Cloudflare, Inc.","Cloudflare, Inc.",2026-08-22,cloudflare,,Cloudflare,6284a8ef2d6c,2026-06-25T09:52:51Z
linkai.shop,,,,Google Trust Services,,104.21.96.137,Canada,Toronto,"AS13335 Cloudflare, Inc.","Cloudflare, Inc.",2026-08-29,cloudflare,,"Cloudflare, Vue",e104377e9496,2026-06-25T09:51:14Z
api.muskapi.cc,2026-03-01,"Spaceship, Inc.",2027-03-01,Let's Encrypt,,104.26.12.35,Canada,Toronto,"AS13335 Cloudflare, Inc.","Cloudflare, Inc.",2026-07-28,cloudflare,,"Cloudflare, Vue",,2026-06-25T09:52:40Z
qiuqiutoken.com,2026-04-04,"Cloudflare, Inc.",2027-04-04,Let's Encrypt,,95.169.10.151,United States,Los Angeles,AS25820 IT7 Networks Inc,Cluster Logic Inc,2026-09-21,,,"React, NewAPI",0d919cd7c5fa,2026-06-25T09:53:17Z
sevnx.one,2026-05-26,DYNADOT LLC,2027-05-26,Let's Encrypt,,172.67.176.201,Canada,Toronto,"AS13335 Cloudflare, Inc.","Cloudflare, Inc.",2026-08-24,,,,,2026-06-25T09:52:32Z
claude-api.org,2026-05-06,"Cloudflare, Inc.",2027-05-06,Let's Encrypt,,104.21.38.173,Canada,Toronto,"AS13335 Cloudflare, Inc.","Cloudflare, Inc.",2026-08-04,cloudflare,,Cloudflare,2a14eccd29ad,2026-06-25T09:52:53Z
juxingai.top,2026-05-08,Alibaba Cloud Computing Ltd. d/b/a HiChina (www.net.cn),2027-05-08,DigiCert Inc,,47.86.226.252,Hong Kong,Hong Kong,"AS45102 Alibaba (US) Technology Co., Ltd.",Alibaba Cloud - HK,2026-08-06,nginx,,"Nginx, React",2c5d4ccd6d1b,2026-06-25T09:51:23Z
worldbase.ai,2025-08-12,"Cloudflare, Inc",2027-08-12,Google Trust Services,,104.21.23.59,Canada,Toronto,"AS13335 Cloudflare, Inc.","Cloudflare, Inc.",2026-09-02,cloudflare,,Cloudflare,163acd7944d4,2026-06-25T09:51:33Z
api.ykh.ai,2026-05-25,"Cloudflare, Inc",2028-05-25,Google Trust Services,,104.26.11.243,Canada,Toronto,"AS13335 Cloudflare, Inc.","Cloudflare, Inc.",2026-08-24,cloudflare,,"Cloudflare, React",0d919cd7c5fa,2026-06-25T09:53:53Z
zxai.work,2026-01-10,Porkbun,2027-01-10,Let's Encrypt,,104.21.9.187,Canada,Toronto,"AS13335 Cloudflare, Inc.","Cloudflare, Inc.",2026-08-11,cloudflare,,"Cloudflare, React, NewAPI",0d919cd7c5fa,2026-06-21T10:14:15Z
hao.ai,2017-12-16,"GoDaddy.com, LLC",2028-12-04,Amazon,,3.167.69.60,United States,Washington,"AS16509 Amazon.com, Inc.",AWS CloudFront (GLOBAL),2026-12-12,,Next.js,Next.js,8e9a25a216b3,2026-06-25T09:59:35Z
xyc.ai,2025-01-25,"GoDaddy.com, LLC",2027-01-25,广东堡塔安全技术有限公司,,43.169.14.140,Singapore,Singapore,AS139341 ACE,,2026-12-05,nginx,,"Nginx, React",ba05ab850ff9,2026-06-25T09:52:58Z
clauqe.ai,2026-04-08,"Cloudflare, Inc",2028-04-08,ZeroSSL GmbH,,192.238.249.142,United States,Los Angeles,AS138995 Antbox Networks Limited,SpeedVM Network Group LLC,2026-09-01,lyywafcdn,,Vue,7200bf619e0f,2026-06-21T10:19:41Z
api.rkai6.com,2026-04-02,"Spaceship, Inc.",2027-04-02,Google Trust Services,,18.183.220.219,Japan,Tokyo,"AS16509 Amazon.com, Inc.",AWS EC2 (ap-northeast-1),2026-09-21,cdn,,React,0d919cd7c5fa,2026-06-25T09:52:46Z
ai.luminai.cc,2026-04-05,"Cloudflare, Inc.",2027-04-05,Let's Encrypt,,104.21.47.102,Canada,Toronto,"AS13335 Cloudflare, Inc.","Cloudflare, Inc.",2026-09-01,cloudflare,,"Cloudflare, React, NewAPI",0d919cd7c5fa,2026-06-25T09:53:05Z
poixe.com,2019-03-05,"NameSilo, LLC",2027-03-05,Google Trust Services,,104.21.75.2,Canada,Toronto,"AS13335 Cloudflare, Inc.","Cloudflare, Inc.",2026-09-15,cloudflare,,Cloudflare,3afd58195769,2026-06-25T09:53:37Z
api.whlemon.cn,2026-03-15,腾讯云计算（北京）有限责任公司,2027-03-15,Let's Encrypt,,104.21.50.126,Canada,Toronto,"AS13335 Cloudflare, Inc.","Cloudflare, Inc.",2026-08-28,cloudflare,,"Cloudflare, Vue",f9c5798eb499,2026-06-25T09:53:09Z
api.api2cn.com,2026-04-29,DYNADOT LLC,2027-04-29,SSL Corporation,,162.159.36.5,Canada,Toronto,"AS13335 Cloudflare, Inc.","Cloudflare, Inc.",2026-09-06,cloudflare,,"Cloudflare, Vue",7f6bea0ea7dc,2026-06-25T09:52:20Z
aokapi.com,2026-04-16,"Cloudflare, Inc.",2027-04-16,Let's Encrypt,,43.135.69.212,Hong Kong,Hong Kong,"AS132203 Tencent Building, Kejizhongyi Avenue",Tencent Cloud Computing,2026-08-04,openresty/1.29.2.4,,React,0d919cd7c5fa,2026-06-25T09:52:16Z
yundu.lat,2026-05-26,"NameSilo, LLC",2027-05-26,Google Trust Services,,172.66.162.239,Canada,Toronto,"AS13335 Cloudflare, Inc.","Cloudflare, Inc.",2026-09-08,cloudflare,,"Cloudflare, Vue",0ad7293ea96b,2026-06-25T09:52:42Z
tokenmix.ai,2026-03-10,"Cloudflare, Inc",2028-03-10,Google Trust Services,,172.67.155.209,Canada,Toronto,"AS13335 Cloudflare, Inc.","Cloudflare, Inc.",2026-08-23,cloudflare,,Cloudflare,a507e0234a6a,2026-06-25T09:54:09Z
sudocode.us,2026-03-12,"Spaceship, Inc.",2027-03-12,Let's Encrypt,,67.230.162.85,United States,Los Angeles,AS25820 IT7 Networks Inc,Cluster Logic Inc,2026-08-12,nginx,,"Nginx, React",0d919cd7c5fa,2026-06-25T09:53:11Z
ccgoai.com,2026-05-04,"DNSPod, Inc.",2027-05-04,Let's Encrypt,,172.67.158.216,Canada,Toronto,"AS13335 Cloudflare, Inc.","Cloudflare, Inc.",2026-08-24,cloudflare,,"Cloudflare, Vue",9bba75ef4be1,2026-06-25T09:52:05Z
nekocode.ai,2026-01-16,"Spaceship, Inc.",2028-01-16,SSL Corporation,,172.67.72.3,Canada,Toronto,"AS13335 Cloudflare, Inc.","Cloudflare, Inc.",2026-08-28,cloudflare,,"Cloudflare, React",c8b96eec1ce5,2026-06-25T09:52:55Z
autorouter.io,2026-05-11,"GoDaddy.com, LLC",2027-05-11,Google Trust Services,,172.67.146.126,Canada,Toronto,"AS13335 Cloudflare, Inc.","Cloudflare, Inc.",2026-09-01,cloudflare,,"Cloudflare, React, NewAPI",0d919cd7c5fa,2026-06-25T09:54:20Z
api.ikuncode.cc,2025-08-24,"Spaceship, Inc.",2027-08-24,Google Trust Services,,104.26.0.141,Canada,Toronto,"AS13335 Cloudflare, Inc.","Cloudflare, Inc.",2026-09-19,cloudflare,,"Cloudflare, React, NewAPI",0d919cd7c5fa,2026-06-25T09:54:31Z
xbhuiz.com,2026-04-03,"Spaceship, Inc.",2027-04-03,Let's Encrypt,,154.21.198.131,United States,Los Angeles,AS979 NetLab Global,NetLab Global,2026-08-30,nginx/1.30.2,,"Nginx, Vue",fed94710a499,2026-06-25T09:54:12Z
derouter.ai,2026-03-26,"Name.com, Inc.",2028-03-26,Google Trust Services,,172.67.174.32,Canada,Toronto,"AS13335 Cloudflare, Inc.","Cloudflare, Inc.",2026-09-02,cloudflare,Next.js,Cloudflare,6f470d23bec4,2026-06-25T09:58:08Z
token.baogutang.top,2023-06-13,"DNSPod, Inc.",2028-06-13,Let's Encrypt,,43.246.198.59,Japan,Tsukuba,AS5065 Bunny Communications,Bunny Communications LLC,2026-08-12,nginx/1.24.0 (Ubuntu),,"Nginx, Vue",a32c0edf565b,2026-06-25T09:54:29Z
claudeapi.com,2025-07-16,Alibaba Cloud Computing Ltd. d/b/a HiChina (www.net.cn),2028-07-16,Google Trust Services,,35.163.227.235,United States,Portland,"AS16509 Amazon.com, Inc.",AWS EC2 (us-west-2),2026-11-19,nginx/1.29.8,,"Nginx, Next.js, React",0431ad8866c8,2026-06-25T09:54:18Z
api.frontier-intelligence.tech,2026-03-08,"Name.com, Inc.",2027-03-08,Let's Encrypt,,172.67.71.103,Canada,Toronto,"AS13335 Cloudflare, Inc.","Cloudflare, Inc.",2026-09-22,cloudflare,,"Cloudflare, React",0d919cd7c5fa,2026-06-25T09:54:25Z
codefwd.top,2026-05-26,"DNSPod, Inc.",2027-05-26,Let's Encrypt,,156.239.3.180,Hong Kong,Hong Kong,AS154321 CORENET CLOUD SDN. BHD.,Binary Networks Solutions LLC,2026-08-24,Caddy,,"React, NewAPI",0d919cd7c5fa,2026-06-25T09:56:27Z
chiyicn.com,2026-05-14,"Cloudflare, Inc.",2027-05-14,SSL Corporation,,172.66.40.55,Canada,Toronto,"AS13335 Cloudflare, Inc.","Cloudflare, Inc.",2026-08-12,cloudflare,,"Cloudflare, Vue",d7b2894ace2b,2026-06-25T09:52:11Z
daodunapi.com,2026-04-18,"Spaceship, Inc.",2027-04-18,Let's Encrypt,,104.21.44.117,Canada,Toronto,"AS13335 Cloudflare, Inc.","Cloudflare, Inc.",2026-09-14,cloudflare,,"Cloudflare, React",0d919cd7c5fa,2026-06-25T09:53:31Z
huiyun.asia,2026-05-18,Alibaba Cloud Computing Ltd. d/b/a HiChina (www.net.cn),2027-05-18,DigiCert Inc,,38.190.250.203,Hong Kong,Tai Wo Hau,AS133199 SonderCloud Limited,Solustack Limited,2026-08-15,nginx,,"Nginx, React",2c5d4ccd6d1b,2026-06-25T09:54:02Z
fishxcode.com,2026-02-11,Squarespace Domains II LLC,2027-02-11,Google Trust Services,,104.21.38.199,Canada,Toronto,"AS13335 Cloudflare, Inc.","Cloudflare, Inc.",2026-09-12,cloudflare,,"Cloudflare, NewAPI",26c6344c6016,2026-06-25T09:53:40Z
duckcoding.ai,2026-02-25,"NameSilo, LLC",2028-02-25,,,,,,,,,,,,,2026-06-13T19:42:47Z
cubence.com,2025-10-06,"NameSilo, LLC",2026-10-06,Google Trust Services,,104.26.0.230,Canada,Toronto,"AS13335 Cloudflare, Inc.","Cloudflare, Inc.",2026-09-13,cloudflare,Next.js,Cloudflare,,2026-06-25T09:54:34Z
dasuapi.com,2026-05-04,Alibaba Cloud Computing Ltd. d/b/a HiChina (www.net.cn),2027-05-04,Let's Encrypt,,23.27.113.219,Malaysia,Kuala Lumpur,AS149440 Evoxt Sdn. Bhd.,Evoxt.com,2026-08-12,nginx,,"Nginx, Vue",8c1fb2870411,2026-06-21T10:10:25Z
zz.aigm99.cn,2026-04-29,成都西维数码科技有限公司,2027-04-29,Google Trust Services,,104.21.71.197,Canada,Toronto,"AS13335 Cloudflare, Inc.","Cloudflare, Inc.",2026-09-06,cloudflare,,"Cloudflare, React",0d919cd7c5fa,2026-06-25T09:54:04Z
switchbase.vip,2026-03-18,"DNSPod, Inc.",2027-03-18,Let's Encrypt,,154.21.194.77,United States,Los Angeles,AS979 NetLab Global,NetLab,2026-09-15,nginx/1.24.0 (Ubuntu),,"Nginx, React",0d919cd7c5fa,2026-06-25T09:54:08Z
llmapi.pro,,,,Let's Encrypt,,162.211.180.229,Hong Kong,Hong Kong,AS154321 CORENET CLOUD SDN. BHD.,G NETWORK LLC,2026-09-08,nginx/1.24.0 (Ubuntu),,Nginx,,2026-06-25T09:53:57Z
cc.anyroute.io,2026-04-05,"Cloudflare, Inc",2027-04-05,ZeroSSL GmbH,,172.83.152.193,United States,Dallas,AS50131 Spartan Host Ltd,Spartan Host Ltd,2026-09-09,lyywafcdn,,Vue,72b3b2ecbea6,2026-06-25T09:58:29Z
tokenonly.ai,2026-04-08,Dominet (HK) Limited,2028-04-08,Let's Encrypt,,119.28.53.24,Hong Kong,Hong Kong,"AS132203 Tencent Building, Kejizhongyi Avenue","Tencent cloud computing (Beijing) Co., Ltd.",2026-09-05,,,,06afa0b521c2,2026-06-25T10:00:57Z
tokaify.com,2026-04-03,Alibaba Cloud Computing Ltd. d/b/a HiChina (www.net.cn),2027-04-03,SSL Corporation,,180.163.146.9,China,Shanghai,AS4811 China Telecom (Group),Chinanet SH,2026-10-22,Tengine,,React,175305c48192,2026-06-25T09:55:45Z
aiapi.world,,,,Let's Encrypt,,47.239.87.155,Hong Kong,Hong Kong,"AS45102 Alibaba (US) Technology Co., Ltd.",Alibaba Cloud - HK,2026-07-08,nginx,,Nginx,e543f7aace18,2026-06-25T09:58:21Z
api.tallius.ai,2026-02-05,"GoDaddy.com, LLC",2028-02-05,Let's Encrypt,,104.21.47.175,Canada,Toronto,"AS13335 Cloudflare, Inc.","Cloudflare, Inc.",2026-08-13,cloudflare,,"Cloudflare, React",0d919cd7c5fa,2026-06-25T09:51:09Z
5cookie.cc,2026-06-03,"Spaceship, Inc.",2027-06-03,Let's Encrypt,,38.95.77.154,United States,Los Angeles,AS967 VMISS Inc.,NetLab,2026-09-05,,,React,0d919cd7c5fa,2026-06-25T09:51:45Z
llmgw.cn,2026-05-06,阿里云计算有限公司（万网）,2027-05-06,WoTrus CA Limited,,47.105.110.60,China,Qingdao,"AS37963 Hangzhou Alibaba Advertising Co.,Ltd.","Aliyun Computing Co., LTD",2026-11-22,nginx/1.24.0 (Ubuntu),,"Nginx, React",b9516bb649c6,2026-06-25T09:57:59Z
ai.kividas.com,2026-06-01,"Amazon Registrar, Inc.",2027-06-01,Amazon,,3.170.42.54,United States,Washington,"AS16509 Amazon.com, Inc.",AWS CloudFront (GLOBAL),2026-12-16,nginx/1.24.0 (Ubuntu),,Nginx,,2026-06-25T09:56:29Z
sub2.congmingai.com,2026-05-09,"Cloudflare, Inc.",2027-05-09,Google Trust Services,,172.64.147.166,Canada,Toronto,"AS13335 Cloudflare, Inc.","Cloudflare, Inc.",2026-09-07,cloudflare,,"Cloudflare, Vue",2ec99e5a1ccf,2026-06-25T09:55:00Z
724codes.com,2026-06-03,"Cloudflare, Inc.",2027-06-03,Let's Encrypt,,36.232.118.198,Taiwan,Taichung,AS3462 Data Communication Business Group,Chunghwa Telecom Co. Ltd.,2026-09-01,Caddy,,Vue,dc82d1c8f3e2,2026-06-25T09:53:01Z
api.vectorengine.ai,2025-09-11,"Name.com, Inc.",2027-09-11,Asseco Data Systems S.A.,,15.204.105.133,United States,Hillsboro,AS16276 OVH SAS,OVH US LLC,2027-04-10,nginx,,"Nginx, React",0d919cd7c5fa,2026-06-25T09:54:39Z
api.gpt.ge,2023-10-27,globalr,2026-10-28,Let's Encrypt,,104.194.91.185,United States,Los Angeles,AS25820 IT7 Networks Inc,IT7 Networks Inc,2026-09-20,openresty,,,13f36961b1dd,2026-06-25T09:54:43Z
api.timebackward.com,2025-09-15,Alibaba Cloud Computing Ltd. d/b/a HiChina (www.net.cn),2026-09-15,Let's Encrypt,,40.160.33.47,United States,Reston,AS16276 OVH SAS,OVH US LLC,2026-08-21,nginx,,"Nginx, React",0d919cd7c5fa,2026-06-25T09:54:45Z
infai.cc,2026-01-29,NAMECHEAP INC,2027-01-29,Let's Encrypt,,15.204.105.133,United States,Hillsboro,AS16276 OVH SAS,OVH US LLC,2026-08-24,nginx,,"Nginx, React, NewAPI, OneAPI",0d919cd7c5fa,2026-06-25T09:54:47Z
openclaudecode.cn,2025-12-01,阿里云计算有限公司（万网）,2026-12-01,,,,,,,,,,,,,2026-06-20T09:53:40Z
api.bbww.top,2026-03-17,Alibaba Cloud Computing Ltd. d/b/a HiChina (www.net.cn),2027-03-17,Google Trust Services,,162.159.36.5,Canada,Toronto,"AS13335 Cloudflare, Inc.","Cloudflare, Inc.",2026-08-15,cloudflare,,"Cloudflare, React, NewAPI",0d919cd7c5fa,2026-06-15T12:51:59Z
ephone.ai,2023-08-03,"Cloudflare, Inc",2029-08-03,Google Trust Services,,104.18.1.53,Canada,Toronto,"AS13335 Cloudflare, Inc.","Cloudflare, Inc.",2026-09-09,cloudflare,,Cloudflare,ab2a85f1cdcf,2026-06-25T09:54:49Z
api.vip.crond.dev,,,,Google Trust Services,,104.18.185.26,Canada,Toronto,"AS13335 Cloudflare, Inc.","Cloudflare, Inc.",2026-08-15,cloudflare,,"Cloudflare, React",0d919cd7c5fa,2026-06-25T09:54:52Z
api.gemai.cc,2025-10-22,"Tencent Cloud Computing (Beijing) Co., Ltd.",2026-10-22,"DNSPod, Inc.",,23.148.228.110,United States,Los Angeles,AS979 NetLab Global,Cytomy LLC,2027-01-03,nginx,,"Nginx, React, NewAPI",0d919cd7c5fa,2026-06-20T09:53:44Z
api.dzzi.ai,2025-12-23,"NameSilo, LLC",2027-12-23,Let's Encrypt,,172.66.40.205,Canada,Toronto,"AS13335 Cloudflare, Inc.","Cloudflare, Inc.",2026-08-05,cloudflare,,"Cloudflare, React, NewAPI",0d919cd7c5fa,2026-06-25T10:05:35Z
ddshub.cc,2026-02-24,NAMECHEAP INC,2027-02-24,Let's Encrypt,,128.1.136.38,Hong Kong,Hong Kong,AS135377 UCLOUD INFORMATION TECHNOLOGY (HK) LIMITED,UCLOUD,2026-08-16,uewaf/4.0.4,,,d322dca20e6e,2026-06-25T09:54:57Z
az.zlapi.vip,2026-03-10,"Spaceship, Inc.",2027-03-10,SSL Corporation,,154.44.8.170,United States,Los Angeles,AS979 NetLab Global,"NetLab Global, Frontier Communications of America, Inc.",2026-12-22,nginx,,"Nginx, React, NewAPI",0d919cd7c5fa,2026-06-25T09:55:33Z
api.tryallai.com,2025-06-08,"NameSilo, LLC",2027-06-08,Google Trust Services,,162.159.38.161,United States,Ashburn,"AS13335 Cloudflare, Inc.","Cloudflare, Inc.",2026-09-15,cloudflare,,Cloudflare,0d919cd7c5fa,2026-06-25T09:55:03Z
findcg.com,2025-04-23,"DNSPod, Inc.",2027-04-23,,,38.165.45.115,United States,Los Angeles,AS400619 AROSSCLOUD INC.,PEG Tech Inc,,,,,,2026-06-25T09:55:25Z
aiberm.com,2024-11-21,"Cloudflare, Inc.",2026-11-21,Amazon,,32.185.210.67,United States,Portland,"AS16509 Amazon.com, Inc.",AWS EC2 (us-west-2),2026-09-07,,,React,9b6e6a60d4b7,2026-06-25T09:55:28Z
traxnode.com,2026-01-30,"Spaceship, Inc.",2027-01-30,Google Trust Services,,104.21.6.105,Canada,Toronto,"AS13335 Cloudflare, Inc.","Cloudflare, Inc.",2026-08-26,cloudflare,,"Cloudflare, React, NewAPI",0d919cd7c5fa,2026-06-25T09:55:30Z
dataeyes.ai,2025-01-10,"GoDaddy.com, LLC",2027-01-10,Sectigo Limited,,140.150.29.147,United States,New York,AS54994 Meteverse Limited.,MT US NY,2027-03-06,Caddy,Nuxt,,b9a31d3949b1,2026-06-25T09:55:52Z
easyrouter.io,2026-03-07,Gandi SAS,2027-03-07,Amazon,,166.117.71.163,United States,Seattle,"AS16509 Amazon.com, Inc.",AWS Global Accelerator (GLOBAL),2026-10-23,,,React,8c7eee9be912,2026-06-17T11:25:59Z
linkapi.ai,2025-10-11,"Cloudflare, Inc",2027-10-11,Let's Encrypt,,69.63.223.210,United States,Los Angeles,AS906 DMIT Cloud Services,,2026-08-05,nginx,,"Nginx, React",0d919cd7c5fa,2026-06-25T09:55:47Z
api.xaix.me,2026-03-19,Alibaba Cloud Computing Ltd. d/b/a HiChina (www.net.cn),2027-03-19,Let's Encrypt,,47.92.218.205,China,Beijing,"AS37963 Hangzhou Alibaba Advertising Co.,Ltd.","Aliyun Computing Co., LTD",2026-08-28,nginx,,"Nginx, React, NewAPI",0d919cd7c5fa,2026-06-25T09:55:37Z
api.qiyiguo.uk,2025-06-17,"Cloudflare, Inc. [Tag = CLOUDFLARE]",2026-06-17,Let's Encrypt,,43.160.251.254,Singapore,Singapore,"AS132203 Tencent Building, Kejizhongyi Avenue","Tencent Cloud Computing (Beijing) Co., Ltd",2026-08-13,nginx/1.24.0 (Ubuntu),,"Nginx, React, NewAPI",0d919cd7c5fa,2026-06-25T09:55:58Z
ai.centos.hk,2025-03-11,Alibaba Cloud Computing Ltd.,2027-03-11,Let's Encrypt,,104.26.14.134,Canada,Toronto,"AS13335 Cloudflare, Inc.","Cloudflare, Inc.",2026-09-18,cloudflare,,"Cloudflare, React, NewAPI",0d919cd7c5fa,2026-06-25T09:55:54Z
ai.xlyun.pro,,,,Google Trust Services,,172.67.129.20,Canada,Toronto,"AS13335 Cloudflare, Inc.","Cloudflare, Inc.",2026-08-23,cloudflare,,"Cloudflare, React, NewAPI",0d919cd7c5fa,2026-06-25T09:56:01Z
bobdong.cn,2015-12-16,阿里云计算有限公司（万网）,2030-12-16,Let's Encrypt,,155.102.59.27,United States,New York,"AS24429 Zhejiang Taobao Network Co.,Ltd",Alibaba.com LLC,2026-07-24,ESA,,"React, NewAPI",0d919cd7c5fa,2026-06-25T09:56:13Z
claudeagent.com.cn,2026-03-20,阿里云计算有限公司（万网）,2027-03-20,Let's Encrypt,,172.67.186.252,Canada,Toronto,"AS13335 Cloudflare, Inc.","Cloudflare, Inc.",2026-08-15,cloudflare,,"Cloudflare, React",07d3be40864b,2026-06-25T09:56:54Z
api.ekan8.com,2015-02-13,Xin Net Technology Corporation,2027-02-13,Let's Encrypt,,154.44.8.138,United States,Los Angeles,AS979 NetLab Global,"NetLab Global, Frontier Communications of America, Inc.",2026-09-11,openresty,,"React, NewAPI",0d919cd7c5fa,2026-06-25T09:56:03Z
superapi.buzz,2026-04-09,"Spaceship, Inc.",2027-04-09,Let's Encrypt,,172.67.174.77,Canada,Toronto,"AS13335 Cloudflare, Inc.","Cloudflare, Inc.",2026-07-29,cloudflare,,"Cloudflare, React, NewAPI",0d919cd7c5fa,2026-06-25T09:56:08Z
api.discordtool.vip,2025-03-21,"DNSPod, Inc.",2027-03-21,Let's Encrypt,,47.239.1.40,Hong Kong,Hong Kong,"AS45102 Alibaba (US) Technology Co., Ltd.",Alibaba Cloud - HK,2026-08-05,nginx/1.18.0 (Ubuntu),,"Nginx, React, NewAPI",0d919cd7c5fa,2026-06-25T09:56:07Z
xcode.best,2026-01-29,"NameSilo, LLC",2028-01-29,Google Trust Services,,172.67.142.184,Canada,Toronto,"AS13335 Cloudflare, Inc.","Cloudflare, Inc.",2026-07-30,cloudflare,,"Cloudflare, React, NewAPI",0d919cd7c5fa,2026-06-25T09:53:03Z
ai.17nas.com,2025-03-16,"Spaceship, Inc.",2027-03-16,Google Trust Services,,104.21.3.242,Canada,Toronto,"AS13335 Cloudflare, Inc.","Cloudflare, Inc.",2026-08-04,cloudflare,,Cloudflare,6b89ad299f52,2026-06-25T09:56:18Z
gua.guagua.uk,2025-02-19,"Cloudflare, Inc. [Tag = CLOUDFLARE]",2027-02-19,Let's Encrypt,,159.195.24.176,Germany,Nuremberg,AS197540 netcup GmbH,NETCUP-KVM,2026-06-30,nginx,,"Nginx, React, NewAPI",0d919cd7c5fa,2026-06-25T09:56:36Z
xiaoruiapi.cc,2026-03-31,Alibaba Cloud Computing Ltd. d/b/a HiChina (www.net.cn),2027-03-31,Let's Encrypt,,111.229.192.126,China,Shanghai,AS45090 Shenzhen Tencent Computer Systems Company Limited,"Tencent cloud computing (Beijing) Co., Ltd.",2026-06-29,nginx/1.26.3,,Nginx,1aeeb672c164,2026-06-25T09:56:23Z
sparkcode.top,2025-11-17,"NameSilo, LLC",2026-11-17,Google Trust Services,,104.21.95.44,Canada,Toronto,"AS13335 Cloudflare, Inc.","Cloudflare, Inc.",2026-08-11,cloudflare,,"Cloudflare, React",0d919cd7c5fa,2026-06-25T09:56:15Z
uocode.com,2026-04-25,"Spaceship, Inc.",2027-04-25,Let's Encrypt,,104.21.72.131,Canada,Toronto,"AS13335 Cloudflare, Inc.","Cloudflare, Inc.",2026-09-21,cloudflare,,"Cloudflare, React, NewAPI",0d919cd7c5fa,2026-06-25T09:56:30Z
aaatoken.cn,2026-05-10,阿里云计算有限公司（万网）,2028-05-10,Let's Encrypt,,47.94.201.104,China,Beijing,"AS37963 Hangzhou Alibaba Advertising Co.,Ltd.","Aliyun Computing Co., LTD",2026-08-13,nginx/1.31.1,,"Nginx, React",ab97c5b52027,2026-06-25T09:57:53Z
ai.flashapi.top,2026-03-13,"Spaceship, Inc.",2027-03-13,Let's Encrypt,,156.238.230.248,United States,Los Angeles,AS8796 FASTNET DATA INC,cognetcloud INC,2026-08-29,openresty,,"React, NewAPI",0d919cd7c5fa,2026-06-25T09:56:43Z
api.squarefaceicon.org,2026-01-24,DYNADOT LLC,2027-01-24,Google Trust Services,,104.21.38.233,Canada,Toronto,"AS13335 Cloudflare, Inc.","Cloudflare, Inc.",2026-08-20,cloudflare,,"Cloudflare, React, NewAPI",0d919cd7c5fa,2026-06-25T09:56:49Z
code.b886.top,2024-10-25,"DNSPod, Inc.",2026-10-25,,,,,,,,,,,,,2026-06-25T09:56:51Z
api.rootflowai.com,2026-03-19,"Cloudflare, Inc.",2027-03-19,Let's Encrypt,,38.175.199.208,Hong Kong,Hong Kong,AS979 NetLab Global,NetLab Global,2026-08-31,nginx/1.22.1,,Nginx,a8f298c48578,2026-06-25T09:56:46Z
cooper-api.com,2026-04-19,"Cloudflare, Inc.",2027-04-19,Let's Encrypt,,67.230.188.247,United States,Los Angeles,AS25820 IT7 Networks Inc,Cluster Logic Inc,2026-09-20,nginx,,"Nginx, React",0ec4f32ce29f,2026-06-25T09:56:56Z
timesniper.club,2024-04-18,Gname.com Pte. Ltd.,2027-04-18,Let's Encrypt,,,,,,,,,,,,2026-06-25T09:56:58Z
huanapi.com,2026-02-12,Alibaba Cloud Computing Ltd. d/b/a HiChina (www.net.cn),2027-02-12,ZeroSSL GmbH,,172.83.152.193,United States,Dallas,AS50131 Spartan Host Ltd,Spartan Host Ltd,2026-08-05,lyywafcdn,,"React, NewAPI",0d919cd7c5fa,2026-06-25T09:57:11Z
main-new.codesuc.top,2025-10-08,Alibaba Cloud Computing Ltd. d/b/a HiChina (www.net.cn),2028-10-08,Let's Encrypt,,163.181.214.1,United States,San Jose,"AS24429 Zhejiang Taobao Network Co.,Ltd",Alibaba Cloud LLC,2026-09-11,ESA,,"React, NewAPI",0d919cd7c5fa,2026-06-25T09:53:35Z
new.050602.xyz,2025-11-14,"Spaceship, Inc.",2028-11-14,Google Trust Services,,172.67.145.218,Canada,Toronto,"AS13335 Cloudflare, Inc.","Cloudflare, Inc.",2026-08-08,cloudflare,,"Cloudflare, React, NewAPI",0d919cd7c5fa,2026-06-25T09:57:19Z
nextoken.online,2026-04-24,NAMECHEAP INC,2027-04-24,Google Trust Services,,172.67.206.250,Canada,Toronto,"AS13335 Cloudflare, Inc.","Cloudflare, Inc.",2026-08-07,cloudflare,,"Cloudflare, Vue",6b96c6f17184,2026-06-25T09:57:26Z
free.learn-ai.top,2025-08-12,"Spaceship, Inc.",2026-08-12,Google Trust Services,,104.21.6.68,Canada,Toronto,"AS13335 Cloudflare, Inc.","Cloudflare, Inc.",2026-09-01,cloudflare,,"Cloudflare, React",0d919cd7c5fa,2026-06-25T09:57:23Z
mzlone.top,2025-11-27,"NameSilo, LLC",2026-11-27,Google Trust Services,,104.21.18.13,Canada,Toronto,"AS13335 Cloudflare, Inc.","Cloudflare, Inc.",2026-08-21,cloudflare,,"Cloudflare, React",0d919cd7c5fa,2026-06-25T09:57:30Z
user.tocodex.com,2026-03-26,"Spaceship, Inc.",2027-03-26,Let's Encrypt,,104.21.20.76,Canada,Toronto,"AS13335 Cloudflare, Inc.","Cloudflare, Inc.",2026-08-22,cloudflare,,"Cloudflare, React, NewAPI",0d919cd7c5fa,2026-06-25T09:57:38Z
buzzai.cc,2026-03-06,"Cloudflare, Inc.",2028-03-06,ZeroSSL GmbH,,154.219.121.52,United States,Los Angeles,AS8796 FASTNET DATA INC,Vape,2026-08-27,cdn,,,d8fb46f8ba21,2026-06-25T09:57:32Z
api.luccc.uk,2026-04-28,"Cloudflare, Inc. [Tag = CLOUDFLARE]",2027-04-28,Let's Encrypt,,172.67.174.120,Canada,Toronto,"AS13335 Cloudflare, Inc.","Cloudflare, Inc.",2026-07-27,cloudflare,,"Cloudflare, React",0d919cd7c5fa,2026-06-25T09:57:35Z
chat.ekti.cc,2025-09-10,"NameSilo, LLC",2026-09-10,Let's Encrypt,,199.180.117.53,United States,Los Angeles,AS25820 IT7 Networks Inc,Cluster Logic Inc,2026-09-09,,,"React, NewAPI",0d919cd7c5fa,2026-06-25T09:57:44Z
fucheers.top,2026-01-28,"NameSilo, LLC",2030-01-28,,,,,,,,,,,,,2026-06-25T09:57:36Z
mytokenpi.com,2026-04-23,"Spaceship, Inc.",2027-04-23,Let's Encrypt,,8.217.240.4,Hong Kong,Hong Kong,"AS45102 Alibaba (US) Technology Co., Ltd.",Alibaba.com Singapore E-Commerce Private Limited,2026-07-22,nginx/1.18.0 (Ubuntu),,"Nginx, React, NewAPI",9e0a9f1cb44a,2026-06-25T09:53:22Z
api.aisz.mom,2026-05-18,Porkbun LLC,2027-05-18,Google Trust Services,,104.18.42.98,Canada,Toronto,"AS13335 Cloudflare, Inc.","Cloudflare, Inc.",2026-08-19,cloudflare,,"Cloudflare, React",0d919cd7c5fa,2026-06-25T09:57:42Z
manbouapi.com,2026-01-29,"NameSilo, LLC",2027-01-29,Google Trust Services,,172.67.219.161,Canada,Toronto,"AS13335 Cloudflare, Inc.","Cloudflare, Inc.",2026-08-25,cloudflare,,"Cloudflare, React, NewAPI",0d919cd7c5fa,2026-06-25T09:57:49Z
api.sbbbbbbbbb.xyz,2026-04-06,Alibaba Cloud Computing Ltd. d/b/a HiChina (www.net.cn),2027-04-06,Let's Encrypt,,104.218.235.105,United States,Seattle,AS201106 Spartan Host Ltd,Spartan Host LLC,2026-09-08,yaodun,,NewAPI,,2026-06-25T09:58:02Z
api.sunskii.com,2026-04-12,Alibaba Cloud Computing Ltd. d/b/a HiChina (www.net.cn),2027-04-12,Let's Encrypt,,194.15.36.26,Germany,Frankfurt am Main,AS58087 Florian Kolb,Datalix,2026-07-11,openresty,,Vue,049957ccbeb8,2026-06-25T09:58:05Z
ai.xem8k5.top,2022-03-27,Alibaba Cloud Computing Ltd. d/b/a HiChina (www.net.cn),2028-03-27,"TrustAsia Technologies, Inc.",,43.174.246.27,Singapore,Singapore,AS139341 ACE,ACE,2026-08-24,TencentEdgeOne,,"React, NewAPI",be18610d5c9b,2026-06-25T09:56:40Z
code.newcli.com,2025-06-26,"GoDaddy.com, LLC",2028-06-26,Google Trust Services,,162.159.36.20,Canada,Toronto,"AS13335 Cloudflare, Inc.","Cloudflare, Inc.",2026-08-16,cloudflare,,Cloudflare,b9a31d3949b1,2026-06-25T09:58:10Z
api.aicodemirror.com,2025-06-14,Alibaba Cloud Computing Ltd. d/b/a HiChina (www.net.cn),2028-06-14,Google Trust Services,,172.66.40.137,Canada,Toronto,"AS13335 Cloudflare, Inc.","Cloudflare, Inc.",2026-08-31,cloudflare,,Cloudflare,,2026-06-25T09:58:25Z
beecode.cc,2026-03-23,"Spaceship, Inc.",2027-03-23,Let's Encrypt,,104.26.0.178,Canada,Toronto,"AS13335 Cloudflare, Inc.","Cloudflare, Inc.",2026-08-19,cloudflare,,"Cloudflare, Vue",1c07ec519f6e,2026-06-25T09:58:32Z
cc-vibe.com,2026-04-09,"Cloudflare, Inc.",2027-04-09,Sectigo Limited,,45.77.158.239,United States,Piscataway,"AS20473 The Constant Company, LLC","Vultr Holdings, LLC",2026-11-18,nginx,,"Nginx, Vue",bc0668f3a457,2026-06-25T09:58:34Z
dragoncode.codes,,,,Let's Encrypt,,192.238.249.146,United States,Los Angeles,AS138995 Antbox Networks Limited,SpeedVM Network Group LLC,2026-09-19,lyywafcdn,,Vue,990709f4b90e,2026-06-25T09:58:37Z
lucen.cc,2023-09-06,"Guangzhou Yunxun Information Technology Co., Ltd.",2026-09-06,Let's Encrypt,,172.67.170.64,Canada,Toronto,"AS13335 Cloudflare, Inc.","Cloudflare, Inc.",2026-09-05,cloudflare,,"Cloudflare, Vue",5e9eaaecda52,2026-06-25T09:58:39Z
subrouter.ai,2026-02-04,"Cloudflare, Inc",2028-02-04,Google Trust Services,,172.67.217.238,Canada,Toronto,"AS13335 Cloudflare, Inc.","Cloudflare, Inc.",2026-08-17,cloudflare,,"Cloudflare, React",08cdff867c14,2026-06-25T09:58:41Z
timicc.com,2026-01-06,Alibaba Cloud Computing Ltd. d/b/a HiChina (www.net.cn),2027-01-06,Let's Encrypt,,104.26.15.179,Canada,Toronto,"AS13335 Cloudflare, Inc.","Cloudflare, Inc.",2026-09-22,cloudflare,,"Cloudflare, Vue",c1289071a903,2026-06-25T09:58:50Z
timyai.com,2026-04-26,"DNSPod, Inc.",2027-04-26,,,,,,,,,,,,,2026-06-25T09:58:52Z
co.yes.vg,2024-05-07,TLD Registrar Solutions Ltd.,2036-05-07,Google Trust Services,,104.26.6.111,Canada,Toronto,"AS13335 Cloudflare, Inc.","Cloudflare, Inc.",2026-09-18,cloudflare,,"Cloudflare, React",17fffabd9a18,2026-06-25T09:58:54Z
zerocode.sbs,2026-02-02,"NameSilo, LLC",2027-02-02,Google Trust Services,,104.21.74.188,Canada,Toronto,"AS13335 Cloudflare, Inc.","Cloudflare, Inc.",2026-08-29,cloudflare,,"Cloudflare, React",7f56926d2fae,2026-06-25T09:59:56Z
api.lingshuai.cc,2026-04-16,"Spaceship, Inc.",2027-04-16,Let's Encrypt,,156.245.245.25,United States,Los Angeles,AS62468 VpsQuan L.L.C.,Binary Networks Solutions LLC,2026-08-16,nginx/1.18.0 (Ubuntu),,"Nginx, Vue",12643a48e7c9,2026-06-25T09:59:07Z
1xm.ai,2026-03-06,"Spaceship, Inc.",2028-03-06,Let's Encrypt,,172.66.40.75,Canada,Toronto,"AS13335 Cloudflare, Inc.","Cloudflare, Inc.",2026-08-02,cloudflare,,Cloudflare,6722e61dc8bd,2026-06-25T09:58:17Z
api.aigocode.com,2025-08-29,"Cloudflare, Inc.",2028-08-29,Google Trust Services,,172.67.208.99,Canada,Toronto,"AS13335 Cloudflare, Inc.","Cloudflare, Inc.",2026-09-18,Vercel,,,f09cbdcbaa25,2026-06-25T09:59:09Z
api.b.ai,2017-12-16,"GoDaddy.com, LLC",2031-09-15,Amazon,,47.131.160.61,Singapore,Singapore,"AS16509 Amazon.com, Inc.",AWS EC2 (ap-southeast-1),2026-09-25,,,,,2026-06-25T09:59:13Z
thestocklist.site,2025-12-28,"GoDaddy.com, LLC",2026-12-28,Let's Encrypt,,154.86.29.126,Hong Kong,Hong Kong,"AS140227 Hong Kong Communications International Co., Limited","Hong Kong Communications International Co., limited",2026-08-08,nginx,,"Nginx, React",0d919cd7c5fa,2026-06-25T09:59:28Z
freemodel.dev,,,,Let's Encrypt,,172.67.163.111,Canada,Toronto,"AS13335 Cloudflare, Inc.","Cloudflare, Inc.",2026-07-29,cloudflare,,Cloudflare,6bc638bf7d07,2026-06-25T09:59:29Z
prismapi.site,2026-03-26,"Spaceship, Inc.",2027-03-26,Let's Encrypt,,104.21.44.80,Canada,Toronto,"AS13335 Cloudflare, Inc.","Cloudflare, Inc.",2026-08-22,cloudflare,,Cloudflare,,2026-06-25T09:59:42Z
safeapi.vip,2026-04-19,Gname.com Pte. Ltd.,2027-04-19,Let's Encrypt,,107.172.20.154,United States,Dallas,AS36352 HostPapa,RackNerd LLC,2026-08-07,nginx/1.24.0 (Ubuntu),,Nginx,f4b9ba73a6cf,2026-06-25T09:54:36Z
sssaicode.com,2025-07-03,"GoDaddy.com, LLC",2027-07-03,Google Trust Services,,172.66.43.36,Canada,Toronto,"AS13335 Cloudflare, Inc.","Cloudflare, Inc.",2026-08-14,cloudflare,,Cloudflare,709f78b93d76,2026-06-25T09:59:44Z
api.clawopen.top,2026-03-09,"Vantage of Convergence Chengdu Technology Co., Ltd.",2027-03-09,Let's Encrypt,,154.40.58.221,United States,Los Angeles,AS979 NetLab Global,NetLab Global,2026-07-29,nginx,,"Nginx, React, NewAPI",0d919cd7c5fa,2026-06-25T09:59:48Z
tcdmx.com,2026-05-02,Alibaba Cloud Computing Ltd. d/b/a HiChina (www.net.cn),2027-05-02,Let's Encrypt,,192.238.143.234,Hong Kong,Central,AS138995 Antbox Networks Limited,SpeedVM Network Group LLC,2026-08-03,nginx/1.24.0 (Ubuntu),,"Nginx, Vue",1a8379e1ff99,2026-06-25T09:58:48Z
terminal.pub,,,,Google Trust Services,,172.67.165.154,Canada,Toronto,"AS13335 Cloudflare, Inc.","Cloudflare, Inc.",2026-09-18,cloudflare,,Cloudflare,2767d1026b1c,2026-06-25T09:59:51Z
tokeness.cn,2026-05-20,阿里云计算有限公司（万网）,2027-05-20,Let's Encrypt,,172.67.195.43,Canada,Toronto,"AS13335 Cloudflare, Inc.","Cloudflare, Inc.",2026-08-19,cloudflare,,Cloudflare,ff0d93a0b414,2026-06-25T09:59:54Z
api.tu-zi.com,2024-07-01,"Cloudflare, Inc.",2027-07-01,Let's Encrypt,,97.64.16.61,United States,Los Angeles,AS25820 IT7 Networks Inc,Cluster Logic Inc,2026-09-01,openresty,,"React, NewAPI",7486000c27e6,2026-06-25T09:59:02Z
tokenflux.dev,,,,Let's Encrypt,,172.67.142.46,Canada,Toronto,"AS13335 Cloudflare, Inc.","Cloudflare, Inc.",2026-09-10,cloudflare,,"Cloudflare, Vue",1c087b09b6d7,2026-06-25T10:00:05Z
tongapi.com,2026-05-06,"Cloudflare, Inc.",2027-05-06,Let's Encrypt,,172.67.183.152,Canada,Toronto,"AS13335 Cloudflare, Inc.","Cloudflare, Inc.",2026-08-04,cloudflare,,"Cloudflare, React, NewAPI",0d919cd7c5fa,2026-06-25T10:00:07Z
api.aircode.xin,2026-04-29,Alibaba Cloud Computing Ltd. d/b/a HiChina (www.net.cn),2027-04-29,"TrustAsia Technologies, Inc.",,159.195.12.242,United States,Panthersville,AS214996 netcup GmbH,Netcup KVM,2026-09-19,nginx,,"Nginx, Vue",84c7bf4d7150,2026-06-25T10:00:13Z
allinai7.cloud,2026-04-01,"DNSPod, Inc.",2027-04-01,,,154.201.74.77,United States,Los Angeles,AS8796 FASTNET DATA INC,cognetcloud INC,,nginx,,Nginx,,2026-06-25T10:00:17Z
hk.ccplus.site,2026-01-29,"Spaceship, Inc.",2027-01-29,Let's Encrypt,,69.63.217.215,United States,Los Angeles,AS906 DMIT Cloud Services,,2026-09-18,,,Vue,a9096fb80564,2026-06-25T09:59:21Z
cialloapi.cn,2026-04-16,阿里云计算有限公司（万网）,2027-04-16,Let's Encrypt,,8.209.235.164,Japan,Tokyo,"AS45102 Alibaba (US) Technology Co., Ltd.",Alibaba.com Singapore E-Commerce Private Limited,2026-07-28,nginx/1.18.0 (Ubuntu),,"Nginx, React, NewAPI",0d919cd7c5fa,2026-06-25T10:00:46Z
mx.free.codesonline.dev,,,,Let's Encrypt,,95.169.7.76,United States,Los Angeles,AS25820 IT7 Networks Inc,Cluster Logic Inc,2026-09-20,nginx/1.28.3 (Ubuntu),,"Nginx, Vue",9dfb9d98122c,2026-06-25T09:59:24Z
api.hack3rx.cn,2025-01-29,阿里云计算有限公司（万网）,2027-01-29,Let's Encrypt,,43.99.100.44,Hong Kong,Hong Kong,"AS45102 Alibaba (US) Technology Co., Ltd.",Alibaba.com LLC,2026-09-05,nginx/1.28.3 (Ubuntu),,"Nginx, Vue",c51086827bd1,2026-06-25T10:00:50Z
kelaiapi.cc,2026-03-12,"NameSilo, LLC",2027-03-12,Let's Encrypt,,172.67.185.211,Canada,Toronto,"AS13335 Cloudflare, Inc.","Cloudflare, Inc.",2026-08-08,cloudflare,,"Cloudflare, React, NewAPI",0d919cd7c5fa,2026-06-25T10:00:52Z
zivv.pro,,,,Google Trust Services,,172.67.135.52,Canada,Toronto,"AS13335 Cloudflare, Inc.","Cloudflare, Inc.",2026-08-28,cloudflare,,"Cloudflare, React",2f629398ac11,2026-06-25T10:00:00Z
code.silkapi.com,2026-03-27,"Spaceship, Inc.",2027-03-27,Google Trust Services,,172.64.145.158,Canada,Toronto,"AS13335 Cloudflare, Inc.","Cloudflare, Inc.",2026-07-29,cloudflare,,"Cloudflare, Vue",d6722a7d594c,2026-06-25T10:01:05Z
boya.one,2026-04-26,"GoDaddy.com, LLC",2027-04-26,,,127.0.0.1,,,,,,,,,,2026-06-25T10:01:06Z
bmai.kun8.vip,2025-06-26,"Spaceship, Inc.",2027-06-26,Let's Encrypt,,154.26.178.113,United States,Los Angeles,AS906 DMIT Cloud Services,,2026-08-27,nginx/1.22.1,,"Nginx, Vue",c3a8535a48f9,2026-06-25T10:01:09Z
loptu.net,2025-12-22,"Spaceship, Inc.",2026-12-22,Let's Encrypt,,69.63.219.181,United States,Los Angeles,AS906 DMIT Cloud Services,,2026-09-23,nginx/1.22.1,,"Nginx, React, NewAPI",0d919cd7c5fa,2026-06-25T10:01:12Z
api.leleweb.cn,2025-04-21,浙江贰贰网络有限公司,2027-04-21,Google Trust Services,,186.244.240.29,United States,Los Angeles,AS400619 AROSSCLOUD INC.,Uscloud Inc,2026-07-01,nginx,,"Nginx, Vue",747c771815f4,2026-06-25T10:01:26Z
bossclaw.org,2026-04-01,"Name.com, Inc.",2027-04-01,Let's Encrypt,,172.67.176.144,Canada,Toronto,"AS13335 Cloudflare, Inc.","Cloudflare, Inc.",2026-08-28,Photon-Edge,,Vue,be92082c0c24,2026-06-25T10:01:30Z
easy-token.com,2026-03-11,Alibaba Cloud Computing Ltd. d/b/a HiChina (www.net.cn),2027-03-11,Let's Encrypt,,39.107.110.221,China,Beijing,"AS37963 Hangzhou Alibaba Advertising Co.,Ltd.","Aliyun Computing Co., LTD",2026-09-08,nginx/1.18.0 (Ubuntu),Next.js,Nginx,c30c7d42707a,2026-06-25T10:01:37Z
api.euzhi.com,2020-05-19,"Alibaba Cloud Computing (Beijing) Co., Ltd.",2027-05-19,Let's Encrypt,,3.34.246.67,South Korea,Seoul,"AS16509 Amazon.com, Inc.",AWS EC2 (ap-northeast-2),2026-07-31,nginx/1.18.0 (Ubuntu),,"Nginx, React, NewAPI",df9eee5f8ab5,2026-06-25T10:01:41Z
langziapi.online,2026-04-24,NAMECHEAP INC,2027-04-24,Google Trust Services,,104.21.8.157,Canada,Toronto,"AS13335 Cloudflare, Inc.","Cloudflare, Inc.",2026-07-31,cloudflare,,"Cloudflare, Vue",cb866e47baf2,2026-06-25T10:01:43Z
mentoe.com,2026-05-04,Realtime Register B.V.,2027-05-04,,,,,,,,,,,,,2026-06-25T10:01:45Z
mnapi.com,2025-01-17,"Spaceship, Inc.",2027-01-17,Google Trust Services,,172.67.75.137,Canada,Toronto,"AS13335 Cloudflare, Inc.","Cloudflare, Inc.",2026-09-09,cloudflare,,Cloudflare,,2026-06-25T10:01:46Z
apinova.cc,2026-04-15,Gname.com Pte. Ltd.,2027-04-15,Let's Encrypt,,64.83.11.212,United States,Los Angeles,AS979 NetLab Global,NetLab Global,2026-08-10,,,React,0d919cd7c5fa,2026-06-25T10:01:51Z
ogog.ai,2024-10-27,"GoDaddy.com, LLC",2030-10-27,Let's Encrypt,,40.160.13.176,United States,Reston,AS16276 OVH SAS,OVH US LLC,2026-09-14,openresty,,"React, NewAPI",0f5f13aebf70,2026-06-25T09:56:10Z
x.dogenet.win,2023-08-22,"Cloudflare, Inc.",2026-08-22,Let's Encrypt,,5.34.218.89,United States,Los Angeles,AS38136 Akari Networks,,2026-08-07,cloudflare,Next.js,Cloudflare,,2026-06-25T09:59:39Z
api.yunserver.cn,2024-10-31,腾讯云计算（北京）有限责任公司,2026-10-31,Let's Encrypt,,192.140.173.68,China,Shiyan,"AS146817 Hubei Feixun Network Co., Ltd","Hubei Feixun Network Co., Ltd",2026-08-07,nginx,,"Nginx, React, NewAPI",0d919cd7c5fa,2026-06-25T10:01:02Z
jiekou.ai,2025-06-09,"GoDaddy.com, LLC",2027-06-09,"DNSPod, Inc.",,43.163.28.155,Singapore,Singapore,"AS132203 Tencent Building, Kejizhongyi Avenue","Tencent Cloud Computing (Beijing) Co., Ltd",2026-09-16,,Next.js,,ecd190b170ca,2026-06-25T10:01:18Z
yxaiapp.com,2025-08-09,"Amazon Registrar, Inc.",2026-08-09,,,,,,,,,,,,,2026-06-25T10:01:59Z
hemaapi.cc,2026-04-24,"NameSilo, LLC",2027-04-24,Let's Encrypt,,172.67.147.55,Canada,Toronto,"AS13335 Cloudflare, Inc.","Cloudflare, Inc.",2026-09-20,cloudflare,,"Cloudflare, React, NewAPI",0d919cd7c5fa,2026-06-25T10:01:20Z
funnyskill.com,2026-01-13,"Cloudflare, Inc.",2027-01-13,Let's Encrypt,,15.204.105.135,United States,Hillsboro,AS16276 OVH SAS,OVH US LLC,2026-08-08,nginx,,"Nginx, React",0d919cd7c5fa,2026-06-25T10:02:02Z
zhangyuapi.com,2026-05-05,"DNSPod, Inc.",2028-05-05,Let's Encrypt,,172.67.182.5,Canada,Toronto,"AS13335 Cloudflare, Inc.","Cloudflare, Inc.",2026-08-03,cloudflare,,"Cloudflare, React",0d919cd7c5fa,2026-06-25T10:02:04Z
api.baobu.xyz,2025-09-05,"Vantage of Convergence (Chengdu) Technology Co., Ltd.",2026-09-05,Google Trust Services,,104.21.45.96,Canada,Toronto,"AS13335 Cloudflare, Inc.","Cloudflare, Inc.",2026-07-28,cloudflare,,"Cloudflare, Vue",f24bc035108c,2026-06-25T10:00:40Z
cckeys.top,2026-03-09,Alibaba Cloud Computing Ltd. d/b/a HiChina (www.net.cn),2027-03-09,,,8.148.255.175,China,Guangzhou,"AS37963 Hangzhou Alibaba Advertising Co.,Ltd.",Alibaba.com LLC,,,,,,2026-06-25T10:02:15Z
airouter.mxyhi.com,2023-02-13,"DNSPod, Inc.",2027-02-13,Google Trust Services,,172.67.217.251,Canada,Toronto,"AS13335 Cloudflare, Inc.","Cloudflare, Inc.",2026-08-01,cloudflare,,"Cloudflare, React",0d919cd7c5fa,2026-06-25T10:02:20Z
iacc.cc,2024-08-16,"GoDaddy.com, LLC",2027-08-16,Google Trust Services,,172.67.190.230,Canada,Toronto,"AS13335 Cloudflare, Inc.","Cloudflare, Inc.",2026-08-27,cloudflare,,Cloudflare,f2c4401e95c1,2026-06-25T10:02:32Z
callxyq.xyz,2025-09-06,Alibaba Cloud Computing Ltd. d/b/a HiChina (www.net.cn),2026-09-06,Let's Encrypt,,172.67.73.181,Canada,Toronto,"AS13335 Cloudflare, Inc.","Cloudflare, Inc.",2026-09-23,cloudflare,,"Cloudflare, React",0d919cd7c5fa,2026-06-25T09:57:20Z
platform.ope.ai,2019-05-15,"GoDaddy.com, LLC",2027-05-15,Google Trust Services,,172.67.212.6,Canada,Toronto,"AS13335 Cloudflare, Inc.","Cloudflare, Inc.",2026-08-17,cloudflare,,Cloudflare,,2026-06-25T10:02:39Z
pixelmuse.shop,,,,Let's Encrypt,,45.202.245.39,Japan,Tokyo,AS61112 AkileCloud Network,Akile LTD,2026-08-11,nginx/1.18.0,,"Nginx, Vue",8265213a9d94,2026-06-25T10:02:42Z
enjoyapi.cc,2026-04-23,"GoDaddy.com, LLC",2027-04-23,Let's Encrypt,,172.67.220.247,Canada,Toronto,"AS13335 Cloudflare, Inc.","Cloudflare, Inc.",2026-09-19,cloudflare,,"Cloudflare, Vue",ce81a624a791,2026-06-25T10:02:52Z
api.getezclaw.com,2026-03-01,"Cloudflare, Inc.",2027-03-01,Let's Encrypt,,172.67.208.240,Canada,Toronto,"AS13335 Cloudflare, Inc.","Cloudflare, Inc.",2026-07-28,cloudflare,,"Cloudflare, React, NewAPI",37d00d597e3a,2026-06-25T10:02:55Z
cca.maya.today,,,,Google Trust Services,,172.67.144.67,Canada,Toronto,"AS13335 Cloudflare, Inc.","Cloudflare, Inc.",2026-08-16,cloudflare,,"Cloudflare, Vue",017887365705,2026-06-25T09:57:16Z
codesome.ai,2026-02-10,"GoDaddy.com, LLC",2028-02-10,Let's Encrypt,,43.160.240.240,Singapore,Singapore,"AS132203 Tencent Building, Kejizhongyi Avenue","Tencent Cloud Computing (Beijing) Co., Ltd",2026-09-01,Caddy,,,,2026-06-25T10:02:59Z
us.usclaude.us,2026-05-11,"Spaceship, Inc.",2027-05-11,DigiCert Inc,,154.201.74.19,United States,Los Angeles,AS8796 FASTNET DATA INC,cognetcloud INC,2026-08-12,nginx,,Nginx,b0aea4223da0,2026-06-25T10:03:01Z
jmyr.net,2014-08-07,"Alibaba Cloud Computing (Beijing) Co., Ltd.",2029-08-07,Let's Encrypt,,154.36.164.150,Hong Kong,Hong Kong,AS979 NetLab Global,NetLab Global,2026-08-09,Caddy,,,8622e240d8a4,2026-06-25T10:03:12Z
ai.cdn.ad,2024-10-22,DYNADOT,2026-10-22,Let's Encrypt,,23.147.52.21,United States,Aurora,AS402075 Peekabo Networks,Datatoose LLC,2026-09-09,Photon-Edge,,Vue,6a495586fd6f,2026-06-25T10:03:16Z
api.openaeon.ai,2026-03-15,NAMECHEAP INC,2028-03-15,Let's Encrypt,,104.21.24.10,Canada,Toronto,"AS13335 Cloudflare, Inc.","Cloudflare, Inc.",2026-08-11,cloudflare,,"Cloudflare, React, NewAPI",0d919cd7c5fa,2026-06-25T10:03:18Z
opentk.ai,2026-04-26,"Name.com, Inc.",2028-04-26,Let's Encrypt,,104.21.34.46,Canada,Toronto,"AS13335 Cloudflare, Inc.","Cloudflare, Inc.",2026-09-15,cloudflare,,"Cloudflare, Vue",fc38f2be10c4,2026-06-25T10:03:21Z
zaimaai.cn,2023-02-27,厦门三五互联信息有限公司,2029-02-27,,,,,,,,,,,,,2026-06-25T10:03:26Z
codexone.aieania.tech,2026-04-15,"DNSPod, Inc.",2027-04-15,Let's Encrypt,,43.173.119.254,United States,Santa Clara,"AS132203 Tencent Building, Kejizhongyi Avenue","Tencent Cloud Computing (Beijing) Co., Ltd",2026-09-18,nginx/1.20.1,,"Nginx, Vue",5489f28a8c39,2026-06-25T10:03:31Z
duckcode.cn,2026-04-04,腾讯云计算（北京）有限责任公司,2028-04-04,Let's Encrypt,,172.67.195.20,Canada,Toronto,"AS13335 Cloudflare, Inc.","Cloudflare, Inc.",2026-08-31,cloudflare,,Cloudflare,ba1be4ff5fd4,2026-06-25T10:03:33Z
hk.hhnto.top,2026-04-07,XinNet Technology Corporation,2027-04-07,Let's Encrypt,,103.85.25.117,Hong Kong,Mong Kok,AS134835 Starry Network Limited,Hongkong Wen Jing Network Limited,2026-07-16,openresty,,"React, NewAPI",0d919cd7c5fa,2026-06-25T10:03:39Z
api.owlai.tech,2025-10-21,NAMECHEAP INC,2026-10-21,Sectigo Limited,,172.66.155.79,Canada,Toronto,"AS13335 Cloudflare, Inc.","Cloudflare, Inc.",2026-08-11,cloudflare,,"Cloudflare, Vue",1fb57f004c99,2026-06-25T10:03:46Z
proxy2it.com,2026-05-20,"Spaceship, Inc.",2027-05-20,Let's Encrypt,,154.9.235.212,United States,Los Angeles,AS979 NetLab Global,NetLab Global,2026-08-30,openresty,,Vue,46c4859943c8,2026-06-25T10:03:48Z
api.ejkoy.com,2023-02-15,Alibaba Cloud Computing Ltd. d/b/a HiChina (www.net.cn),2028-02-15,Google Trust Services,,172.64.145.93,Canada,Toronto,"AS13335 Cloudflare, Inc.","Cloudflare, Inc.",2026-08-08,cloudflare,,"Cloudflare, Vue",b7237a0408e7,2026-06-25T10:03:55Z
hiapi.store,,,,Let's Encrypt,,47.86.236.128,Hong Kong,Hong Kong,"AS45102 Alibaba (US) Technology Co., Ltd.",Alibaba Cloud - HK,2026-08-13,nginx,,"Nginx, React, NewAPI",0d919cd7c5fa,2026-06-25T10:03:43Z
daidaibird.top,2025-06-20,Alibaba Cloud Computing Ltd. d/b/a HiChina (www.net.cn),2026-06-20,,,47.91.170.222,Hong Kong,Hong Kong,"AS45102 Alibaba (US) Technology Co., Ltd.",Alibaba Cloud - HK,,,,,,2026-06-25T10:04:37Z
codex.dakeai.cc,2025-12-23,"Spaceship, Inc.",2026-12-23,Let's Encrypt,,69.63.203.146,United States,Los Angeles,AS906 DMIT Cloud Services,,2026-08-28,nginx,,"Nginx, Vue",5257685eef7f,2026-06-25T10:04:40Z
api.laozhang.ai,2025-03-12,NAMECHEAP INC,2029-03-12,Let's Encrypt,,104.194.83.243,United States,Los Angeles,AS25820 IT7 Networks Inc,IT7 Networks Inc,2026-08-24,openresty,,React,a91e2ccc17ea,2026-06-25T10:04:42Z
hos.chatopens.vip,2025-02-19,Alibaba Cloud Computing Ltd. d/b/a HiChina (www.net.cn),2027-02-19,Let's Encrypt,,154.219.121.51,United States,Los Angeles,AS8796 FASTNET DATA INC,Vape,2026-08-18,cdn,,,f37ba1638b5f,2026-06-25T10:04:45Z
api.whatai.cc,2024-08-09,"GoDaddy.com, LLC",2027-08-09,Let's Encrypt,,64.32.23.99,United States,Chicago,AS46844 Sharktech,Sharktech,2026-09-21,,,React,4214f2244b29,2026-06-25T10:04:49Z
www.metachat.work,2023-10-20,"GoDaddy.com, LLC",2026-10-20,Let's Encrypt,,66.33.60.194,United States,Walnut,"AS16509 Amazon.com, Inc.","Vercel, Inc",2026-08-24,Vercel,,,084bc57bc086,2026-06-25T10:04:51Z
claude.hk.cn,2024-08-12,Web Commerce Communications Limited,2027-08-12,Let's Encrypt,,62.204.54.105,United States,Seattle,AS201106 Spartan Host Ltd,Spartan Host Ltd,2026-08-08,nginx,,Nginx,f37ba1638b5f,2026-06-25T10:04:54Z
web.mmw.ink,2024-01-20,Alibaba Cloud Computing Ltd. d/b/a HiChina (www.net.cn),2027-01-20,Let's Encrypt,,210.16.182.28,China,Beijing,"AS146817 Hubei Feixun Network Co., Ltd","Hubei Feixun Network Co., Ltd",2026-08-18,openresty,,,d5414a16f393,2026-06-25T10:04:58Z
chat.chesspnt.com,2024-08-04,"GoDaddy.com, LLC",2027-08-04,Let's Encrypt,,154.26.185.122,United States,Los Angeles,AS906 DMIT Cloud Services,,2026-08-03,,,,,2026-06-25T10:05:01Z
infistar.ai,2026-04-20,NAMECHEAP INC,2028-04-20,Google Trust Services,,47.86.235.27,Hong Kong,Hong Kong,"AS45102 Alibaba (US) Technology Co., Ltd.",Alibaba Cloud - HK,2026-08-10,nginx/1.26.3,,"Nginx, React, NewAPI",0d919cd7c5fa,2026-06-25T10:05:04Z
newapi.qwqtao.one,2026-03-12,"Spaceship, Inc.",2027-03-12,Google Trust Services,,172.67.188.134,Canada,Toronto,"AS13335 Cloudflare, Inc.","Cloudflare, Inc.",2026-07-19,cloudflare,,"Cloudflare, React, NewAPI",0d919cd7c5fa,2026-06-25T10:05:06Z
open.xiaojingai.com,2024-09-20,NAMECHEAP INC,2026-09-20,"TrustAsia Technologies, Inc.",,43.169.13.152,Singapore,Singapore,AS139341 ACE,,2026-09-17,,,,,2026-06-25T10:05:08Z
newapi.youkies.space,2025-04-25,Alibaba Cloud Computing Ltd. d/b/a HiChina (www.net.cn),2028-04-25,Let's Encrypt,,141.11.77.49,Hong Kong,Kwai Chung,AS36002 GoMami Networks,GoMami Networks. LLC,2026-07-31,,,,d41a3c710063,2026-06-25T10:05:11Z
www.freezapi.eu.cc,1997-10-13,Gname.com Pte. Ltd.,2031-03-26,Let's Encrypt,,104.21.32.207,Canada,Toronto,"AS13335 Cloudflare, Inc.","Cloudflare, Inc.",2026-07-29,cloudflare,,"Cloudflare, React, NewAPI",0d919cd7c5fa,2026-06-25T10:05:13Z
meeyo.org,2026-03-17,"NameSilo, LLC",2027-03-17,Let's Encrypt,,43.250.175.187,Japan,Tokyo,AS21859 Zenlayer Inc,Zenlayer Inc,2026-09-02,openresty,,"React, NewAPI",ff8323d2f94c,2026-06-25T10:05:16Z
arpanet.icu,2025-10-13,"Vantage of Convergence (Chengdu) Technology Co., Ltd.",2026-10-13,Let's Encrypt,,150.242.246.141,China,Kunming,AS134765 CHINANET Yunnan province IDC1 network,HanMing Group Limited,2026-07-28,openresty,,"React, NewAPI",0d919cd7c5fa,2026-06-25T10:05:21Z
api.ebutterfly.cc,2026-05-03,"Cloudflare, Inc.",2027-05-03,Let's Encrypt,,104.21.68.228,Canada,Toronto,"AS13335 Cloudflare, Inc.","Cloudflare, Inc.",2026-08-01,cloudflare,,"Cloudflare, React, NewAPI",0d919cd7c5fa,2026-06-25T10:05:24Z
xinggangai.com,2026-04-06,Alibaba Cloud Computing Ltd. d/b/a HiChina (www.net.cn),2027-04-06,Let's Encrypt,,154.194.255.103,Hong Kong,Hong Kong,"AS134365 Ansheng Network Technology Co., Limited",LANDUI CLOUD COMPUTING (HK) LIMITED,2026-08-31,nginx,,"Nginx, React, NewAPI",0d919cd7c5fa,2026-06-25T10:05:29Z
spritnest.com,2026-03-23,"Chengdu west dimension digital technology Co., LTD",2027-03-23,"TrustAsia Technologies, Inc.",,8.218.43.164,Hong Kong,Hong Kong,"AS45102 Alibaba (US) Technology Co., Ltd.",Alibaba.com Singapore E-Commerce Private Limited,2026-09-20,nginx,,"Nginx, React, NewAPI",0d919cd7c5fa,2026-06-25T10:05:33Z
api.dongli.work,2025-07-27,"NameSilo, LLC",2028-07-27,Let's Encrypt,,111.92.242.68,Hong Kong,Mong Kok,AS401696 cognetcloud INC,"Vapeline Technology(hk)., limited",2026-08-19,nginx,,"Nginx, React, NewAPI",0d919cd7c5fa,2026-06-25T10:05:38Z
api.uglycat.cc,2025-03-28,"NameSilo, LLC",2027-03-28,Google Trust Services,,172.67.166.130,Canada,Toronto,"AS13335 Cloudflare, Inc.","Cloudflare, Inc.",2026-08-13,cloudflare,,Cloudflare,0d919cd7c5fa,2026-06-25T10:05:40Z
www.aladingapi.cc,2026-04-03,"Chengdu west dimension digital technology Co., LTD",2027-04-03,Let's Encrypt,,23.149.28.80,United States,Los Angeles,AS979 NetLab Global,Lanterm LLC,2026-07-27,nginx,,"Nginx, React, NewAPI",0d919cd7c5fa,2026-06-25T10:05:43Z
cdn.sta1n.cn,2026-04-13,阿里云计算有限公司（万网）,2027-04-13,Let's Encrypt,,104.26.15.67,Canada,Toronto,"AS13335 Cloudflare, Inc.","Cloudflare, Inc.",2026-09-08,cloudflare,,"Cloudflare, React, NewAPI",0d919cd7c5fa,2026-06-25T10:05:45Z
hohoapi.com,2026-03-26,"GoDaddy.com, LLC",2028-03-26,Let's Encrypt,,104.21.53.88,Canada,Toronto,"AS13335 Cloudflare, Inc.","Cloudflare, Inc.",2026-09-11,cloudflare,,"Cloudflare, React",0d919cd7c5fa,2026-06-25T10:05:47Z
www.gogoapi.cloud,2026-03-30,"DNSPod, Inc.",2027-03-30,Let's Encrypt,,40.160.33.47,United States,Reston,AS16276 OVH SAS,OVH US LLC,2026-08-22,nginx,,"Nginx, React",0d919cd7c5fa,2026-06-25T10:05:49Z
shitang359.space,2025-11-29,"Spaceship, Inc.",2026-11-29,Let's Encrypt,,23.147.52.26,United States,Aurora,AS402075 Peekabo Networks,Datatoose LLC,,,,,,2026-06-25T10:05:51Z
api.aibinghe.xyz,2026-05-02,"Chengdu west dimension digital technology Co., LTD",2027-05-02,Let's Encrypt,,154.37.221.34,Hong Kong,Hong Kong,AS979 NetLab Global,NetLab Global,2026-09-07,nginx,,"Nginx, Vue",8d281c84fe01,2026-06-25T09:59:19Z
ccrouter.ai,2026-05-14,"Cloudflare, Inc",2028-05-14,Let's Encrypt,,172.67.201.6,Canada,Toronto,"AS13335 Cloudflare, Inc.","Cloudflare, Inc.",2026-08-12,cloudflare,,"Cloudflare, Vue",fa6d14e2ab9e,2026-06-25T10:02:12Z
api.feng.cx,2023-04-12,West263 International Limited,2027-04-12,"TrustAsia Technologies, Inc.",,194.147.99.156,United States,Seattle,AS201106 Spartan Host Ltd,Spartan Host Ltd,2026-08-03,nginx,,"Nginx, React",0d919cd7c5fa,2026-06-25T10:02:30Z
nbapi.cc,2026-06-07,Gname.com Pte. Ltd.,2027-06-07,"TrustAsia Technologies, Inc.",,154.44.25.80,Hong Kong,Hong Kong,AS979 NetLab Global,NetLab Global,2026-09-06,nginx,,"Nginx, React",0d919cd7c5fa,2026-06-25T10:02:37Z
ai-szzx.online,2023-12-02,"DNSPod, Inc.",2028-12-02,,,192.144.234.201,China,Beijing,AS45090 Shenzhen Tencent Computer Systems Company Limited,"Tencent Cloud Computing (Beijing) Co., Ltd",,nginx,Express,Nginx,d4f502ea6dab,2026-06-25T10:05:57Z
ergouapi.com,2026-06-03,"Cloudflare, Inc.",2027-06-03,Google Trust Services,,104.21.27.205,Canada,Toronto,"AS13335 Cloudflare, Inc.","Cloudflare, Inc.",2026-09-01,cloudflare,,Cloudflare,ffc0ed40935e,2026-06-25T09:53:29Z
api.shiyutv.cn,2025-07-04,阿里云计算有限公司（万网）,2027-07-04,"Henan Fierce Fire Network Technology Co., Ltd.",,155.102.54.135,United States,Minkler,"AS24429 Zhejiang Taobao Network Co.,Ltd",Alibaba.com LLC,2026-11-20,Tengine,,Vue,14771e6ae3af,2026-06-25T09:57:02Z
gpt.hslife.fun,2025-12-28,Alibaba Cloud Computing Ltd. d/b/a HiChina (www.net.cn),2035-12-28,Let's Encrypt,,64.186.246.152,United States,Los Angeles,AS906 DMIT Cloud Services,,2026-07-27,nginx/1.18.0 (Ubuntu),,"Nginx, Vue",ad381d419266,2026-06-25T09:59:32Z
xb1520.com,2025-05-15,"Cloudflare, Inc.",2027-05-15,Google Trust Services,,104.21.70.43,Canada,Toronto,"AS13335 Cloudflare, Inc.","Cloudflare, Inc.",2026-08-13,cloudflare,,"Cloudflare, Vue",c1150e1303a4,2026-06-25T10:00:03Z
api.uniprep.world,,,,Let's Encrypt,,64.90.9.144,Hong Kong,Hong Kong,AS979 NetLab Global,NetLab Global,2026-09-18,,,React,0d919cd7c5fa,2026-06-25T10:00:20Z
newapi.junjun.site,2025-05-06,"Spaceship, Inc.",2027-05-06,,,,,,,,,,,,,2026-06-25T10:02:33Z
ppword.cn,2023-03-06,阿里云计算有限公司（万网）,2027-03-06,DigiCert Inc,,118.178.227.218,China,Hangzhou,"AS37963 Hangzhou Alibaba Advertising Co.,Ltd.","Aliyun Computing Co., LTD",2026-09-17,nginx/1.18.0 (Ubuntu),,Nginx,556e1ac4438d,2026-06-25T10:02:49Z
api.hepingan.top,2023-04-14,Alibaba Cloud Computing Ltd. d/b/a HiChina (www.net.cn),2027-04-14,Let's Encrypt,,43.153.116.66,United States,Santa Clara,"AS132203 Tencent Building, Kejizhongyi Avenue",Tencent Cloud Computing,2026-08-23,,,"Cloudflare, Vue",55090e2734ce,2026-06-25T10:03:04Z
huiliuapi.com,2026-05-22,Alibaba Cloud Computing Ltd. d/b/a HiChina (www.net.cn),2027-05-22,,,,,,,,,,,,,2026-06-25T10:03:07Z
apiclaude.cc,2026-06-12,"Spaceship, Inc.",2027-06-12,Let's Encrypt,,45.77.109.222,United States,Piscataway,"AS20473 The Constant Company, LLC","Vultr Holdings, LLC",2026-09-10,Caddy,,Vue,49e61add6911,2026-06-25T10:00:22Z
ccfly.codes,,,,Let's Encrypt,,69.63.217.215,United States,Los Angeles,AS906 DMIT Cloud Services,,2026-09-18,Caddy,,,96a273c9487c,2026-06-25T10:03:27Z
api.satuo66.online,2026-03-20,"DNSPod, Inc.",2027-03-20,"TrustAsia Technologies, Inc.",,211.91.8.6,China,Jinrongjie,AS4837 CHINA UNICOM China169 Backbone,Unicom,2026-07-25,nginx,,"Nginx, React",0d919cd7c5fa,2026-06-25T10:03:53Z
hvoy_removed,,,,,,,,,,,,,,,,2026-06-25T10:05:58Z
ccmax20.cc,2026-06-11,"Chengdu west dimension digital technology Co., LTD",2027-06-11,ZeroSSL GmbH,,65.75.210.125,United States,Dallas,AS50131 Spartan Host Ltd,Spartan Host Ltd,2026-09-11,nginx,,"Nginx, React",0d919cd7c5fa,2026-06-25T09:52:35Z
tieapi.com,2026-06-09,"DNSPod, Inc.",2027-06-09,,,139.196.115.169,China,Shanghai,"AS37963 Hangzhou Alibaba Advertising Co.,Ltd.","Aliyun Computing Co., LTD",,,,,,2026-06-25T09:54:23Z
sudobug.top,2026-05-28,Alibaba Cloud Computing Ltd. d/b/a HiChina (www.net.cn),2027-05-28,DigiCert Inc,,8.222.219.76,Singapore,Singapore,"AS45102 Alibaba (US) Technology Co., Ltd.",Alibaba.com Singapore E-Commerce Private Limited,2026-08-29,nginx/1.18.0 (Ubuntu),,"Nginx, React, NewAPI",0d919cd7c5fa,2026-06-25T09:51:59Z
nexaxis.ai,2026-05-01,"NameSilo, LLC",2028-05-01,Let's Encrypt,,216.227.134.146,United States,Denver,AS30058 FDCservers.net,FDCservers.net,2026-08-31,nginx/1.24.0 (Ubuntu),,"Nginx, React, NewAPI",3d426e932f97,2026-06-25T09:51:25Z
api.hangzhale.com,2026-05-11,"DNSPod, Inc.",2027-05-11,Let's Encrypt,,104.21.43.216,Canada,Toronto,"AS13335 Cloudflare, Inc.","Cloudflare, Inc.",2026-09-17,cloudflare,,"Cloudflare, Vue",cac891bb8161,2026-06-25T09:52:38Z
limiao.net,2026-04-03,"Cloudflare, Inc.",2027-04-03,Let's Encrypt,,172.67.215.231,Canada,Toronto,"AS13335 Cloudflare, Inc.","Cloudflare, Inc.",2026-08-30,cloudflare,,Cloudflare,08afaa2b8741,2026-06-25T09:52:49Z
minitoken.top,2026-04-19,Alibaba Cloud Computing Ltd. d/b/a HiChina (www.net.cn),2027-04-19,Let's Encrypt,,15.204.105.133,United States,Hillsboro,AS16276 OVH SAS,OVH US LLC,2026-09-14,nginx,,"Nginx, React",0d919cd7c5fa,2026-06-25T09:54:41Z
api.rpg8.cn,2019-06-25,腾讯云计算（北京）有限责任公司,2027-06-25,,,64.32.22.165,United States,Chicago,AS46844 Sharktech,Sharktech,2026-08-29,openresty,,"React, NewAPI",0d919cd7c5fa,2026-06-25T09:56:33Z
ai.anxidc.com,2023-05-05,Alibaba Cloud Computing Ltd. d/b/a HiChina (www.net.cn),2027-05-05,,,,,,,,,,,,,2026-06-25T09:57:28Z
chunxueapi.com,2026-04-23,"NameSilo, LLC",2027-04-23,Let's Encrypt,,45.205.31.163,United States,Dallas,AS8796 FASTNET DATA INC,Vapeline Technology,2026-09-19,openresty,,React,0d919cd7c5fa,2026-06-25T09:57:46Z
api.schyler.top,2026-02-12,"NameSilo, LLC",2027-02-12,Let's Encrypt,,195.172.139.4,Singapore,Singapore,AS216245 CYBERJET PTE. LTD.,,2026-08-06,Caddy,,Vue,00f041f5214e,2026-06-25T09:58:15Z
ai.chaozhi.chat,,,,Let's Encrypt,,43.166.3.133,South Korea,Seoul,"AS132203 Tencent Building, Kejizhongyi Avenue",Aceville Pte.ltd,2026-08-08,nginx/1.18.0 (Ubuntu),,"Nginx, Vue",841df50e24f6,2026-06-25T09:59:00Z
jbbtoken.cn,2026-05-30,腾讯云计算（北京）有限责任公司,2028-05-30,Let's Encrypt,,43.103.52.230,Hong Kong,Hong Kong,"AS45102 Alibaba (US) Technology Co., Ltd.",Alibaba.com LLC,2026-08-27,nginx,,Nginx,0d919cd7c5fa,2026-06-25T09:53:27Z
api.aijws.com,2026-05-16,"Cloudflare, Inc.",2027-05-16,Let's Encrypt,,23.149.28.111,United States,Los Angeles,AS979 NetLab Global,Lanterm LLC,2026-08-24,,,Vue,9ead9cac875d,2026-06-25T09:52:18Z
aiapify.com,2026-04-07,"Cloudflare, Inc.",2027-04-07,Let's Encrypt,,47.238.129.95,Hong Kong,Hong Kong,"AS45102 Alibaba (US) Technology Co., Ltd.",Alibaba Cloud - HK,2026-09-05,nginx/1.26.2,,"Nginx, React",f6602b6d4870,2026-06-25T10:00:10Z
beefapi.com,2026-04-13,"Cloudflare, Inc.",2027-04-13,Let's Encrypt,,172.67.215.243,Canada,Toronto,"AS13335 Cloudflare, Inc.","Cloudflare, Inc.",2026-09-09,cloudflare,,"Cloudflare, React, NewAPI",0d919cd7c5fa,2026-06-25T10:00:42Z
aiapis.io,2026-05-09,"Cloudflare, Inc",2027-05-09,Let's Encrypt,,104.21.27.64,Canada,Toronto,"AS13335 Cloudflare, Inc.","Cloudflare, Inc.",2026-08-07,cloudflare,,"Cloudflare, Vue",1abea8ff1e31,2026-06-25T10:01:22Z
nbility.dev,,,,Google Trust Services,,172.67.189.140,Canada,Toronto,"AS13335 Cloudflare, Inc.","Cloudflare, Inc.",2026-09-15,cloudflare,,Cloudflare,2d445da232b8,2026-06-25T10:01:48Z
oxycode.net,2026-05-07,"Cloudflare, Inc.",2027-05-07,,,156.239.12.213,Hong Kong,Hong Kong,AS154321 CORENET CLOUD SDN. BHD.,Binary Networks Solutions LLC,,,,,,2026-06-25T10:01:53Z
ai.ssgoo.net,2026-04-24,"Cloudflare, Inc.",2027-04-24,Let's Encrypt,,149.88.75.206,Hong Kong,Kwai Chung,AS401696 cognetcloud INC,"HONGKONG CLOUD NETWORK TECHNOLOGY CO., LIMITED",2026-07-29,nginx/1.22.1,,"Nginx, Vue",1fb2388e70f1,2026-06-25T10:01:57Z
ccode.dev,,,,Google Trust Services,,23.147.52.34,United States,Aurora,AS402075 Peekabo Networks,Datatoose LLC,2026-09-16,Photon-Edge,,Vue,3cb629ca6a3b,2026-06-25T10:02:09Z
api.tmlab.store,,,,Let's Encrypt,,43.199.156.75,Hong Kong,Hong Kong,"AS16509 Amazon.com, Inc.",AWS EC2 (ap-east-1),2026-09-03,nginx/1.24.0 (Ubuntu),,"Nginx, React",0d919cd7c5fa,2026-06-25T09:53:45Z
codexopenai.cloud,2026-04-28,Alibaba Cloud Computing Ltd.,2027-04-28,DigiCert Inc,,211.100.8.88,China,Beijing,"AS23724 IDC, China Telecommunications Corporation","ChinaTelecom Group Beijing Ltd, Co",2026-08-09,ESA,,"React, NewAPI",0d919cd7c5fa,2026-06-25T10:02:26Z
wangxiangai.org,2026-05-07,DYNADOT LLC,2027-05-07,Let's Encrypt,,104.21.74.3,Canada,Toronto,"AS13335 Cloudflare, Inc.","Cloudflare, Inc.",2026-08-05,cloudflare,,"Cloudflare, React",f4aaae2fc458,2026-06-25T10:03:23Z
code.deepask.chat,,,,Google Trust Services,,172.67.187.120,Canada,Toronto,"AS13335 Cloudflare, Inc.","Cloudflare, Inc.",2026-08-04,cloudflare,,Cloudflare,20d721a548f2,2026-06-25T10:02:18Z
growupapi.ltd,,,,Google Trust Services,,104.21.93.11,Canada,Toronto,"AS13335 Cloudflare, Inc.","Cloudflare, Inc.",2026-09-15,cloudflare,,Cloudflare,24d6b3d044eb,2026-06-25T10:03:35Z
wintoken.dev,,,,Google Trust Services,,104.21.82.10,Canada,Toronto,"AS13335 Cloudflare, Inc.","Cloudflare, Inc.",2026-09-06,cloudflare,,"Cloudflare, React",c5ae585e987d,2026-06-25T09:51:06Z
officesai.top,2026-05-23,"NameSilo, LLC",2027-05-23,Let's Encrypt,,172.67.186.96,Canada,Toronto,"AS13335 Cloudflare, Inc.","Cloudflare, Inc.",2026-08-21,cloudflare,,"Cloudflare, React",0d919cd7c5fa,2026-06-25T09:53:49Z
apiporter.com,2026-03-31,"DNSPod, Inc.",2027-03-31,Let's Encrypt,,23.148.228.45,United States,Los Angeles,AS979 NetLab Global,Cytomy LLC,2026-06-30,Kd Edge Scdn,,React,0d919cd7c5fa,2026-06-25T09:52:09Z
sadai.top,2026-05-29,"Spaceship, Inc.",2027-05-29,Let's Encrypt,,172.67.223.209,Canada,Toronto,"AS13335 Cloudflare, Inc.","Cloudflare, Inc.",2026-08-27,cloudflare,,"Cloudflare, React",ee623b5ef525,2026-06-25T09:54:15Z
sui-xiang.com,2026-05-11,DYNADOT LLC,2027-05-11,SSL Corporation,,38.246.232.185,United States,Los Angeles,AS979 NetLab Global,NetLab,2026-12-22,openresty,,"Cloudflare, Vue",549ad7d63431,2026-06-25T09:58:44Z
www.micuapi.ai,2026-05-07,"Cloudflare, Inc",2028-05-07,Let's Encrypt,,172.67.70.173,Canada,Toronto,"AS13335 Cloudflare, Inc.","Cloudflare, Inc.",2026-08-05,cloudflare,,"Cloudflare, React, NewAPI",0d919cd7c5fa,2026-06-25T10:06:00Z
dd.mfate.cn,2026-04-02,广州云讯信息科技有限公司,2029-04-02,"TrustAsia Technologies, Inc.",,1.12.37.184,China,Guangzhou,AS45090 Shenzhen Tencent Computer Systems Company Limited,"Tencent cloud computing (Beijing) Co., Ltd.",2026-07-15,nginx,,"Nginx, React",1808f40bbe0b,2026-06-25T10:06:06Z
dashboard.uibeai.com,2026-04-24,"Cloudflare, Inc.",2027-04-24,Let's Encrypt,,104.21.19.82,Canada,Toronto,"AS13335 Cloudflare, Inc.","Cloudflare, Inc.",2026-09-20,cloudflare,,"Cloudflare, Vue",06c34d9a2d3c,2026-06-25T10:06:07Z
www.yooyai.cc,2026-06-18,"Spaceship, Inc.",2027-06-18,Let's Encrypt,,217.114.47.104,United States,Seattle,AS201106 Spartan Host Ltd,Spartan Host Ltd,2026-09-19,nginx,,"Nginx, React, NewAPI",0d919cd7c5fa,2026-06-25T10:06:12Z
xtoken.xin,2026-04-10,Alibaba Cloud Computing Ltd. d/b/a HiChina (www.net.cn),2027-04-10,Let's Encrypt,,15.204.105.133,United States,Hillsboro,AS16276 OVH SAS,OVH US LLC,2026-09-19,nginx,,"Nginx, React",0d919cd7c5fa,2026-06-25T10:06:15Z
yuedongapi.top,2026-06-08,"DNSPod, Inc.",2027-06-08,,,3.137.162.64,United States,Dublin,"AS16509 Amazon.com, Inc.",AWS EC2 (us-east-2),,,,,,2026-06-25T10:06:36Z
openmux.ai,2026-05-15,"Cloudflare, Inc",2028-05-15,Let's Encrypt,,43.106.15.108,Singapore,Singapore,"AS45102 Alibaba (US) Technology Co., Ltd.",Alibaba.com LLC,2026-08-31,nginx/1.18.0 (Ubuntu),Next.js,Nginx,efaf0a8e608d,2026-06-25T10:06:40Z
api.chshapi.org,2026-05-16,"Spaceship, Inc.",2027-05-16,Let's Encrypt,,156.238.231.7,United States,Los Angeles,AS8796 FASTNET DATA INC,cognetcloud INC,2026-08-14,nginx,,"Nginx, React, NewAPI",0d919cd7c5fa,2026-06-25T10:06:43Z
lulurouter.com,2026-05-29,Alibaba Cloud Computing Ltd. d/b/a HiChina (www.net.cn),2027-05-29,Let's Encrypt,,47.242.49.78,Hong Kong,Hong Kong,"AS45102 Alibaba (US) Technology Co., Ltd.",Hong Kong,2026-08-31,nginx/1.24.0 (Ubuntu),,"Nginx, React",d9cdf7dd8985,2026-06-25T10:06:47Z
subgate.io,2026-03-02,DYNADOT LLC,2027-03-02,Google Trust Services,,172.67.170.43,Canada,Toronto,"AS13335 Cloudflare, Inc.","Cloudflare, Inc.",2026-08-10,cloudflare,,"Cloudflare, Vue",011667bbf7ad,2026-06-25T10:06:52Z
