domain,origin,discovery_methods,verdict,framework,platform_name,verified_site_name,api_status_hit,html_framework_hit,content_hits,signal_tier,v1models_hit,last_round,title
0029.org,fofa_g1,fofa,confirmed,sub2api,,,False,sub2api,8,C_framework+content,False,fofa_g1,Token云桥|AI 密钥 TOKEN 中转站｜openai gpt 5.5 gpt-image-2 Codex
114api.com,fofa_g1,fofa,confirmed,new-api/one-api系,New API,New API,True,,4,A_api_status,False,fofa_g1,114API · AI 大模型 API · 国内直连
16api.com,fofa_g1,fofa,confirmed,new-api/one-api系,一流API,一流API,True,,7,A_api_status,False,fofa_g1,首页 - 一流API - 极速稳定的AI大模型接口中转服务平台 (ChatGPT/Claude/Midjourney/gemini)
1ove.tech,fofa_g1,fofa,confirmed,sub2api,,,False,sub2api,4,C_framework+content,False,fofa_g1,
1publish.me,fofa_g1,fofa,confirmed,new-api/one-api系,Token Platform,Token Platform,True,one-api,5,A_api_status,False,fofa_g1,Token Platform - AI Model API Gateway
2dapi.online,fofa_g1,fofa,confirmed,openai_compatible_unknown,酷燃AI — 巨量引擎 一站调用,酷燃AI — 巨量引擎 一站调用,False,,1,C_framework+content,True,fofa_g1,酷燃AI — 巨量引擎 一站调用
4hidc.com,fofa_g1,fofa,confirmed,openai_compatible_unknown,酷站AI · 你的全模型 API 中转站,酷站AI · 你的全模型 API 中转站,False,,13,C_framework+content,True,fofa_g1,酷站AI · 你的全模型 API 中转站
51api.org,fofa_g1,fofa,confirmed,new-api/one-api系,51API,51API,True,,5,A_api_status,False,fofa_g1,51API - GPT API、Claude API、Grok API、Gemini API 中转与直连购买
5w5.wtf,fofa_g1,fofa,confirmed,new-api/one-api系,55api,55api,True,new-api,0,A_api_status,False,fofa_g1,New API
712api.cc,fofa_g1,fofa,confirmed,new-api/one-api系,712api,712api,True,new-api,10,A_api_status,False,fofa_g1,712api · 编码人员的 AI API 中转站 · GPT-5 Codex / OpenAI 兼容
73card.com,fofa_g1,fofa,confirmed,openai_compatible_unknown,API 中转服务,API 中转服务,False,,5,C_framework+content,True,fofa_g1,API 中转服务
8511.top,fofa_g1,fofa,confirmed,new-api/one-api系,小卡拉中转站,小卡拉中转站,True,new-api,0,A_api_status,False,fofa_g1,New API
abaiapi.xyz,fofa_g1,fofa,confirmed,new-api/one-api系,aBai API,aBai API,True,new-api,0,A_api_status,False,fofa_g1,New API
aggbox.shop,fofa_g1,fofa,confirmed,new-api/one-api系,智模盒 AggBox,智模盒 AggBox,True,,2,A_api_status,False,fofa_g1,智模盒 AggBox AI API 聚合服务平台
ahmes.dev,fofa_g1,fofa,confirmed,openai_compatible_unknown,"Ahmes — AI API 网关:Anthropic / OpenAI / Gemini 一个 Base URL,按量直价","Ahmes — AI API 网关:Anthropic / OpenAI / Gemini 一个 Base URL,按量直价",False,,6,C_framework+content,True,fofa_g1,"Ahmes — AI API 网关:Anthropic / OpenAI / Gemini 一个 Base URL,按量直价"
ai-leapx.com,fofa_g1,fofa,confirmed,one-api,,,False,one-api,5,C_framework+content,False,fofa_g1,LeapX Hub — All-in-One API Gateway For LLMs
ai01.yun,fofa_g1,fofa,confirmed,new-api/one-api系,AI Coding Token,AI Coding Token,True,new-api,5,A_api_status,False,fofa_g1,Ai Coding Token — 统一 AI API 网关 | 50+ 模型接入，按量计费
ai163.cc,fofa_g1,fofa,confirmed,sub2api,,,False,sub2api,0,C_framework+content,False,fofa_g1,Sub2API - AI API Gateway
ai88.help,fofa_g1,fofa,confirmed,openai_compatible_unknown,AI88 Relay Station · Claude API 中转,AI88 Relay Station · Claude API 中转,False,,4,C_framework+content,True,fofa_g1,AI88 Relay Station · Claude API 中转
aibaz.ai,fofa_g1,fofa,confirmed,openai_compatible_unknown,AIBaz - AI统一网关,AIBaz - AI统一网关,False,,5,C_framework+content,True,fofa_g1,AIBaz - AI统一网关
aicloud.plus,fofa_g1,fofa,confirmed,openai_compatible_unknown,aicloud | 企业 AI 使用层,aicloud | 企业 AI 使用层,False,,4,C_framework+content,True,fofa_g1,aicloud | 企业 AI 使用层
aicodedog.com,fofa_g1,fofa,confirmed,openai_compatible_unknown,AICodeDog — AI Relay Source Code &amp; Managed API Gateway Setup,AICodeDog — AI Relay Source Code &amp; Managed API Gateway Setup,False,,6,C_framework+content,True,fofa_g1,AICodeDog — AI Relay Source Code &amp; Managed API Gateway Setup
aifuel.cc,fofa_g1,fofa,confirmed,new-api/one-api系,AiFuel,AiFuel,True,,5,A_api_status,False,fofa_g1,AiFuel - AI 模型 API 聚合网关 | Claude、GPT、Gemini 统一接口
aigcly.top,fofa_g1,fofa,confirmed,openai_compatible_unknown,GPT2IMAGE - AI Chat-to-Image Generation Platform | GPT2IMAGE,GPT2IMAGE - AI Chat-to-Image Generation Platform | GPT2IMAGE,False,,1,C_framework+content,True,fofa_g1,GPT2IMAGE - AI Chat-to-Image Generation Platform | GPT2IMAGE
aigcwuji.com,fofa_g1,fofa,confirmed,new-api/one-api系,AIGC 无极 API,AIGC 无极 API,True,new-api,0,A_api_status,False,fofa_g1,New API
aigptx.top,fofa_g1,fofa,confirmed,openai_compatible_unknown,,,False,,0,C_framework+content,True,fofa_g1,
aihubmix.com,fofa_g1,fofa,confirmed,new-api/one-api系,AIHubMix,AIHubMix,True,,3,A_api_status,False,fofa_g1,"AIHubMix - One Interface, Router All LLMs"
aiito.top,fofa_g1,fofa,confirmed,new-api/one-api系,风花AI,风花AI,True,new-api,2,A_api_status,False,fofa_g1,风花AI - AI API 中转站
ailvaz.com,fofa_g1,fofa,confirmed,openai_compatible_unknown,登录 | AIPort,登录 | AIPort,False,,12,C_framework+content,True,fofa_g1,登录 | AIPort
airoute.vip,fofa_g1,fofa,confirmed,new-api/one-api系,airoute.vip,airoute.vip,True,new-api,4,A_api_status,False,fofa_g1,New API
airouter.work,fofa_g1,fofa,confirmed,one-api,,,False,one-api,5,C_framework+content,False,fofa_g1,AI Market - One API. Every AI Model.
aishuch.com,fofa_g1,fofa,confirmed,new-api/one-api系,APIMart,APIMart,True,,4,A_api_status,False,fofa_g1,"Discounted AI API Aggregator: GPT-5, Sora 2 | APIMart"
aitokenapi.cc,fofa_g1,fofa,confirmed,new-api/one-api系,胖虎AI,胖虎AI,True,,4,A_api_status,False,fofa_g1,胖虎AI - AI 模型与创作控制台
aitransx.com,fofa_g1,fofa,confirmed,one-api,,,False,one-api,4,C_framework+content,False,fofa_g1,AITransX AI API Gateway | Global and China Model Access
aiuxu.com,fofa_g1,fofa,confirmed,new-api/one-api系,APIMart,APIMart,True,,4,A_api_status,False,fofa_g1,"Discounted AI API Aggregator: GPT-5, Sora 2 | APIMart"
albagubra.art,fofa_g1,fofa,confirmed,new-api,,,False,new-api,0,C_framework+content,False,fofa_g1,@Yuxuan_Zhu | 个人主页
allmodel.co,fofa_g1,fofa,confirmed,new-api/one-api系,All Model,All Model,True,one-api,5,A_api_status,False,fofa_g1,"AllModel | One Unified API for OpenAI, Claude, Gemini, and DeepSeek"
alltkn.com,fofa_g1,fofa,confirmed,new-api/one-api系,ALLTKN,ALLTKN,True,new-api,6,A_api_status,False,fofa_g1,ALLTKN — AI API 聚合平台 | GPT、Claude、Gemini
amaranta.asia,fofa_g1,fofa,confirmed,openai_compatible_unknown,Amaranta 在线工具箱,Amaranta 在线工具箱,False,,0,C_framework+content,True,fofa_g1,Amaranta 在线工具箱
anyfast.ai,fofa_g1,fofa,confirmed,new-api/one-api系,Anyfast,Anyfast,True,one-api,5,A_api_status,False,fofa_g1,AnyFast — Unified AI API Platform | 200+ Models via One OpenAI-Compatible API
anyport.xyz,fofa_g1,fofa,confirmed,new-api/one-api系,AnyPort,AnyPort,True,,6,A_api_status,False,fofa_g1,AnyPort - 统一的AI模型聚合与分发网关
apexapi.vip,fofa_g1,fofa,confirmed,one-api,,,False,one-api,5,C_framework+content,False,fofa_g1,Apex API - 大模型统一接口
api260.com,fofa_g1,fofa,confirmed,new-api/one-api系,源创引擎,源创引擎,True,new-api,4,A_api_status,False,fofa_g1,New API
apib.ai,fofa_g1,fofa,confirmed,new-api/one-api系,APIMart,APIMart,True,,4,A_api_status,False,fofa_g1,"Discounted AI API Aggregator: GPT-5, Sora 2 | APIMart"
apibrg.com,fofa_g1,fofa,confirmed,new-api/one-api系,硅基算力,硅基算力,True,,5,A_api_status,False,fofa_g1,硅基算力 · APIBRG AI
apiliangrekui.com,fofa_g1,fofa,confirmed,new-api/one-api系,Ai-Middle,Ai-Middle,True,new-api,4,A_api_status,False,fofa_g1,Ai-Middle
apilink.cc,fofa_g1,fofa,confirmed,new-api/one-api系,APILINK,APILINK,True,one-api,9,A_api_status,False,fofa_g1,ApiLink — 统一 AI 模型网关
apimarket.top,fofa_g1,fofa,confirmed,new-api/one-api系,星光API,星光API,True,,2,A_api_status,False,fofa_g1,首页 - 中转API
apipod.ai,fofa_g1,fofa,confirmed,one-api,,,False,one-api,4,C_framework+content,False,fofa_g1,"APIPod - One API, Access All Top AI Models, High-Performance &amp; Price-Performance"
apispk.com,fofa_g1,fofa,confirmed,new-api/one-api系,AI-Spark,AI-Spark,True,new-api,6,A_api_status,False,fofa_g1,New API
axis.fan,fofa_g1,fofa,confirmed,one-api,,,False,one-api,9,C_framework+content,False,fofa_g1,元流 - 企业级 AI token 分发与生产平台
axis.yoga,fofa_g1,fofa,confirmed,one-api,,,False,one-api,9,C_framework+content,False,fofa_g1,元流 - 企业级 AI token 分发与生产平台
base-url.cn,fofa_g1,fofa,confirmed,new-api/one-api系,接JieAPI,接JieAPI,True,new-api,4,A_api_status,False,fofa_g1,New API
baziapi.site,fofa_g1,fofa,confirmed,openai_compatible_unknown,,,False,,0,C_framework+content,True,fofa_g1,
bcapi.top,fofa_g1,fofa,confirmed,sub2api,,,False,sub2api,5,C_framework+content,False,fofa_g1,Sub2API · AI API 中转网关
beehears.com,fofa_g1,fofa,confirmed,one-api,,,False,one-api,5,C_framework+content,False,fofa_g1,BeeHears - Unified AI Model Access Platform for Enterprise
bestroute.center,fofa_g1,fofa,confirmed,openai_compatible_unknown,BestRoute - AI 路由网关,BestRoute - AI 路由网关,False,,4,C_framework+content,True,fofa_g1,BestRoute - AI 路由网关
bgremoval.xyz,fofa_g1,fofa,confirmed,new-api,,,False,new-api,10,C_framework+content,False,fofa_g1,AI API Proxy - 国内 AI API 中转服务 | 支付宝充值
blueshirtmap.com,fofa_g1,fofa,confirmed,new-api/one-api系,GPTMeta API,GPTMeta API,True,,5,A_api_status,False,fofa_g1,
bm-tokenai.com,fofa_g1,fofa,confirmed,openai_compatible_unknown,登录 | 不鸣AI,登录 | 不鸣AI,False,,12,C_framework+content,True,fofa_g1,登录 | 不鸣AI
buzzai.cc,fofa_g1,fofa,confirmed,new-api/one-api系,Buzz · AI,Buzz · AI,True,one-api,4,A_api_status,False,fofa_g1,"BUZZ - AI Gateway for Developers | Unified API for Claude, GPT, Gemini"
c9api.cn,fofa_g1,fofa,confirmed,new-api/one-api系,C9API,C9API,True,,5,A_api_status,False,fofa_g1,C9API - AI 聚合模型
callflow.top,fofa_g1,fofa,confirmed,new-api/one-api系,Callflow API,Callflow API,True,new-api,2,A_api_status,False,fofa_g1,Callflow API
cc2.cx,fofa_g1,fofa,confirmed,new-api/one-api系,cc2cx,cc2cx,True,new-api,4,A_api_status,False,fofa_g1,New API
ccg-cli.online,fofa_g1,fofa,confirmed,new-api/one-api系,New API,New API,True,,1,A_api_status,False,fofa_g1,CCG AI · 服务中心
chaophone.top,fofa_g1,fofa,confirmed,openai_compatible_unknown,Atelier,Atelier,False,,1,C_framework+content,True,fofa_g1,Atelier
cheapvideo.cc,fofa_g1,fofa,confirmed,new-api,,,False,new-api,4,C_framework+content,False,fofa_g1,VideoApi 用户控制台
check-in.tech,fofa_g1,fofa,confirmed,openai_compatible_unknown,,,False,,3,C_framework+content,True,fofa_g1,
chuizi.ai,fofa_g1,fofa,confirmed,one-api,,,False,one-api,6,C_framework+content,False,fofa_g1,Chuizi AI | One API for 200+ AI Models
clauden.ai,fofa_g1,fofa,confirmed,openai_compatible_unknown,Claude、GPT、Gemini 多模型 API 聚合平台 · ClaudeN AI,Claude、GPT、Gemini 多模型 API 聚合平台 · ClaudeN AI,False,,8,C_framework+content,True,fofa_g1,Claude、GPT、Gemini 多模型 API 聚合平台 · ClaudeN AI
clawskills.shop,fofa_g1,fofa,confirmed,new-api,,,False,new-api,8,C_framework+content,False,fofa_g1,ClawSkills｜AI API 中转与技能商店
cllmgate.com,fofa_g1,fofa,confirmed,one-api,,,False,one-api,2,C_framework+content,False,fofa_g1,CLG — China LLM Gate
corelightai.com,fofa_g1,fofa,confirmed,openai_compatible_unknown,,,False,,13,C_framework+content,True,fofa_g1,
corenode.best,fofa_g1,fofa,confirmed,new-api/one-api系,源点算力API,源点算力API,True,,0,A_api_status,False,fofa_g1,源点算力API
cowcode.top,fofa_g1,fofa,confirmed,openai_compatible_unknown,Cow Code,Cow Code,False,,7,C_framework+content,True,fofa_g1,Cow Code
creatraai.cn,fofa_g1,fofa,confirmed,openai_compatible_unknown,CreatrA AI 中转站管理,CreatrA AI 中转站管理,False,,5,C_framework+content,True,fofa_g1,CreatrA AI 中转站管理
d2capi.com,fofa_g1,fofa,confirmed,new-api/one-api系,D2CAPI,D2CAPI,True,new-api,4,A_api_status,False,fofa_g1,D2CAPI
dailytokencloud.top,fofa_g1,fofa,confirmed,new-api/one-api系,DailyToken,DailyToken,True,,5,A_api_status,False,fofa_g1,DailyToken - AI 模型接入网关，统一接入全球前沿大模型
damiai.pro,fofa_g1,fofa,confirmed,one-api,,,False,one-api,5,C_framework+content,False,fofa_g1,DAMI TOKEN - AI API Gateway
dashupp.xin,fofa_g1,fofa,confirmed,new-api/one-api系,大树API,大树API,True,,2,A_api_status,False,fofa_g1,首页 - 大树API - 专业稳定的接口中转服务平台 | 高并发数据转发
dataeyes.ai,fofa_g1,fofa,confirmed,one-api,,,False,one-api,5,C_framework+content,False,fofa_g1,DataEyesAI - Run Better AI Models for Less
dawclaudecode.com,fofa_g1,fofa,confirmed,new-api/one-api系,DawCode,DawCode,True,new-api,0,A_api_status,False,fofa_g1,New API
dealise.xyz,fofa_g1,fofa,confirmed,sub2api,,,False,sub2api,0,C_framework+content,False,fofa_g1,Sub2API - AI API Gateway
dedicatedtoken.com,fofa_g1,fofa,confirmed,new-api/one-api系,专用Token,专用Token,True,new-api,4,A_api_status,False,fofa_g1,New API
deepestcode.com,fofa_g1,fofa,confirmed,one-api,,,False,one-api,2,C_framework+content,False,fofa_g1,AWSL One API 管理面板
deeprelayapi.cloud,fofa_g1,fofa,confirmed,new-api/one-api系,New API,New API,True,,4,A_api_status,False,fofa_g1,DeepRelay - Chinese AI Model API for Global Developers
deepseek-api.com.cn,fofa_g1,fofa,confirmed,openai_compatible_unknown,TokenAPI - 全球AI模型聚合平台,TokenAPI - 全球AI模型聚合平台,False,,3,C_framework+content,True,fofa_g1,TokenAPI - 全球AI模型聚合平台
deerapi.com,fofa_g1,fofa,confirmed,new-api/one-api系,DeerAPI,DeerAPI,True,,5,A_api_status,False,fofa_g1,
doroai.xyz,fofa_g1,fofa,confirmed,openai_compatible_unknown,Web2Img,Web2Img,False,,6,C_framework+content,True,fofa_g1,Web2Img
douke.chat,fofa_g1,fofa,confirmed,new-api,,,False,new-api,2,C_framework+content,False,fofa_g1,Douke AI API | 稳定的 AI 模型聚合与分发平台
dubhehub.com,fofa_g1,fofa,confirmed,one-api,,,False,one-api,1,C_framework+content,False,fofa_g1,Dubhe AI — Unified AI Infrastructure
dxnt.com,fofa_g1,fofa,confirmed,openai_compatible_unknown,DX Token Plan-coding plan|agent plan|生图套餐|生视频套餐,DX Token Plan-coding plan|agent plan|生图套餐|生视频套餐,False,,9,C_framework+content,True,fofa_g1,DX Token Plan-coding plan|agent plan|生图套餐|生视频套餐
echowynapi.xyz,fofa_g1,fofa,confirmed,new-api/one-api系,Echowyn API,Echowyn API,True,new-api,3,A_api_status,False,fofa_g1,New API
ecovai.cn,fofa_g1,fofa,confirmed,new-api/one-api系,Ecovai API,Ecovai API,True,,5,A_api_status,False,fofa_g1,
eronmind.com,fofa_g1,fofa,confirmed,new-api,,,False,new-api,9,C_framework+content,False,fofa_g1,eronmind — 一个网关，所有模型。
firstapi.top,fofa_g1,fofa,confirmed,one-api,,,False,one-api,6,C_framework+content,False,fofa_g1,FirstAPI - AI 模型聚合网关
fksuda.xyz,fofa_g1,fofa,confirmed,sub2api,,,False,sub2api,0,C_framework+content,False,fofa_g1,fksuda - AI API Gateway
flowapi.fun,fofa_g1,fofa,confirmed,new-api,,,False,new-api,11,C_framework+content,False,fofa_g1,FlowAPI 控制台
flowbar.xyz,fofa_g1,fofa,confirmed,new-api/one-api系,FlowBar AI,FlowBar AI,True,,5,A_api_status,False,fofa_g1,FlowBar - AI Model Gateway
flowbarai.com,fofa_g1,fofa,confirmed,new-api/one-api系,FlowBar AI,FlowBar AI,True,,5,A_api_status,False,fofa_g1,FlowBar AI - AI Model Gateway
freeairouter.com,fofa_g1,fofa,confirmed,new-api,,,False,new-api,12,C_framework+content,False,fofa_g1,FreeAIRouter · 免费大模型路由雷达 | Free AI Models & Relays
freetokenrouter.cn,fofa_g1,fofa,confirmed,one-api,,,False,one-api,6,C_framework+content,False,fofa_g1,Free Token Router - 免费获取 AI Token，畅享国内顶级大模型 - Free Token Router
fullrouter.com,fofa_g1,fofa,confirmed,one-api,,,False,one-api,3,C_framework+content,False,fofa_g1,"FullRouter — One API, All Models"
furryforum.com,fofa_g1,fofa,confirmed,new-api/one-api系,FURRY API,FURRY API,True,new-api,0,A_api_status,False,fofa_g1,New API
gantriq.cc,fofa_g1,fofa,confirmed,new-api,,,False,new-api,0,C_framework+content,False,fofa_g1,New API
gee-do.com,fofa_g1,fofa,confirmed,new-api/one-api系,GeeDo,GeeDo,True,new-api,0,A_api_status,False,fofa_g1,New API
gemini.wang,fofa_g1,fofa,confirmed,new-api/one-api系,ocoolAI,ocoolAI,True,,15,A_api_status,False,fofa_g1,AI Platform
getclawapi.top,fofa_g1,fofa,confirmed,new-api/one-api系,ClawAPI,ClawAPI,True,,1,A_api_status,False,fofa_g1,ClawAPI for Builders - API 中转与代理招商
getllm.ai,fofa_g1,fofa,confirmed,one-api,,,False,one-api,6,C_framework+content,False,fofa_g1,GetLLM — Unified AI gateway &amp; memory layer
give2u.xyz,fofa_g1,fofa,confirmed,sub2api,,,False,sub2api,7,C_framework+content,False,fofa_g1,GV2U - AI API Gateway
gpt.ge,fofa_g1,fofa,confirmed,new-api/one-api系,V-API,V-API,True,,16,A_api_status,False,fofa_g1,V-API
hajisong.top,fofa_g1,fofa,confirmed,sub2api,,,False,sub2api,0,C_framework+content,False,fofa_g1,Sub2API - AI API Gateway
haotokai.com,fofa_g1,fofa,confirmed,new-api/one-api系,Haotokai,Haotokai,True,one-api,2,A_api_status,False,fofa_g1,"Haotokai - One API Key for All Chinese AI Models | DeepSeek, Kimi, Qwen"
hehuole.fun,fofa_g1,fofa,confirmed,new-api/one-api系,Hehuole API,Hehuole API,True,new-api,4,A_api_status,False,fofa_g1,New API
hiapi.ai,fofa_g1,fofa,confirmed,new-api/one-api系,hiapi,hiapi,True,one-api,3,A_api_status,False,fofa_g1,"hiapi - One API, All AI Models"
holdzywoo.top,fofa_g1,fofa,confirmed,sub2api,,,False,sub2api,0,C_framework+content,False,fofa_g1,holdzywoo private console
hook.rs,fofa_g1,fofa,confirmed,openai_compatible_unknown,统一大模型网关,统一大模型网关,False,,2,C_framework+content,True,fofa_g1,统一大模型网关
huanyuai.net,fofa_g1,fofa,confirmed,one-api,,,False,one-api,4,C_framework+content,False,fofa_g1,HPC 解决方案 | 售前技术 FAQ
hubllm.cn,fofa_g1,fofa,confirmed,new-api/one-api系,Hubllm,Hubllm,True,,5,A_api_status,False,fofa_g1,Hubllm - 一站式 LLM 聚合 API 平台
huhuai.xyz,fofa_g1,fofa,confirmed,sub2api,,,False,sub2api,7,C_framework+content,False,fofa_g1,虎虎 - AI API Gateway
huoxingapi.com,fofa_g1,fofa,confirmed,new-api/one-api系,火星API,火星API,True,,4,A_api_status,False,fofa_g1,火星API | AI API 中转与模型聚合平台
hypereal.cloud,fofa_g1,fofa,confirmed,one-api,,,False,one-api,5,C_framework+content,False,fofa_g1,
iaigc.fun,fofa_g1,fofa,confirmed,new-api/one-api系,筑基 AI,筑基 AI,True,new-api,2,A_api_status,False,fofa_g1,New API
ikun666.xyz,fofa_g1,fofa,confirmed,new-api/one-api系,Ikun API,Ikun API,True,new-api,4,A_api_status,False,fofa_g1,New API
jmaivip.com,fofa_g1,fofa,confirmed,new-api,,,False,new-api,3,C_framework+content,False,fofa_g1,Video2Prompt
jmrai.net,fofa_g1,fofa,confirmed,new-api,,,False,new-api,3,C_framework+content,False,fofa_g1,JMR API · An Independent API Gateway
judianai.com,fofa_g1,fofa,confirmed,new-api/one-api系,New API,New API,True,one-api,10,A_api_status,False,fofa_g1,聚点AI | 一个API获取所有模型
juesiapi.top,fofa_g1,fofa,confirmed,new-api/one-api系,玦飔API,玦飔API,True,,10,A_api_status,False,fofa_g1,玦飔API - 大模型接口网关 | GPT Claude Gemini DeepSeek 统一接入
juhes.com,fofa_g1,fofa,confirmed,openai_compatible_unknown,登录 | 聚合引擎AIGC,登录 | 聚合引擎AIGC,False,,12,C_framework+content,True,fofa_g1,登录 | 聚合引擎AIGC
kelongde.com,fofa_g1,fofa,confirmed,new-api/one-api系,Kelongde AI API,Kelongde AI API,True,new-api,9,A_api_status,False,fofa_g1,Kelongde AI API
kittyapi.xyz,fofa_g1,fofa,confirmed,sub2api,,,False,sub2api,8,C_framework+content,False,fofa_g1,Kitty API - 高性价比 AI API 中转站
koozhan.com,fofa_g1,fofa,confirmed,openai_compatible_unknown,酷站AI · 你的全模型 API 中转站,酷站AI · 你的全模型 API 中转站,False,,13,C_framework+content,True,fofa_g1,酷站AI · 你的全模型 API 中转站
kopiaiagent.com,fofa_g1,fofa,confirmed,openai_compatible_unknown,KOPI Agent — Singapore AI Agent,KOPI Agent — Singapore AI Agent,False,,1,C_framework+content,True,fofa_g1,KOPI Agent — Singapore AI Agent
kove.cn,fofa_g1,fofa,confirmed,openai_compatible_unknown,Claude API - 全球顶级AI模型聚合平台,Claude API - 全球顶级AI模型聚合平台,False,,10,C_framework+content,True,fofa_g1,Claude API - 全球顶级AI模型聚合平台
kuaihuiai.com,fofa_g1,fofa,confirmed,new-api/one-api系,快绘,快绘,True,,14,A_api_status,False,fofa_g1,快绘AI
kunavo.com,fofa_g1,fofa,confirmed,openai_compatible_unknown,Kunavo · OpenAI-compatible AI API gateway · Stripe-native · Built for global devs,Kunavo · OpenAI-compatible AI API gateway · Stripe-native · Built for global devs,False,,6,C_framework+content,True,fofa_g1,Kunavo · OpenAI-compatible AI API gateway · Stripe-native · Built for global devs
li-token.com,fofa_g1,fofa,confirmed,new-api/one-api系,Li-Token,Li-Token,True,,2,A_api_status,False,fofa_g1,Li-Token — 统一 AI 模型接入平台
liandanxia.io,fofa_g1,fofa,confirmed,one-api,,,False,one-api,3,C_framework+content,False,fofa_g1,Liandanxia – Unified AI API Platform for LLMs &amp; Multimodal Models
lienoo.cn,fofa_g1,fofa,confirmed,new-api,,,False,new-api,0,C_framework+content,False,fofa_g1,lienoo.cn services
lingcoreai.com,fofa_g1,fofa,confirmed,openai_compatible_unknown,灵核 LingCore - 多模型 AI API网关、GPT/Claude/Gemini/Grok/Codex API 中转平台,灵核 LingCore - 多模型 AI API网关、GPT/Claude/Gemini/Grok/Codex API 中转平台,False,,7,C_framework+content,True,fofa_g1,灵核 LingCore - 多模型 AI API网关、GPT/Claude/Gemini/Grok/Codex API 中转平台
link-ai.cc,fofa_g1,fofa,confirmed,new-api/one-api系,Link-AI,Link-AI,True,new-api,4,A_api_status,False,fofa_g1,New API
linkapi.ai,fofa_g1,fofa,confirmed,new-api/one-api系,LinkAPI,LinkAPI,True,new-api,0,A_api_status,False,fofa_g1,New API
ljww.asia,fofa_g1,fofa,confirmed,new-api/one-api系,灵境API,灵境API,True,,3,A_api_status,False,fofa_g1,灵境API
lkyujun.cn,fofa_g1,fofa,confirmed,openai_compatible_unknown,想要照亮世界,想要照亮世界,False,,1,C_framework+content,True,fofa_g1,想要照亮世界
llm-agent.cc,fofa_g1,fofa,confirmed,new-api,,,False,new-api,6,C_framework+content,False,fofa_g1,"LLM Agent API Gateway | Claude Code, Codex CLI &amp; Chinese LLMs"
llm-token.cn,fofa_g1,fofa,confirmed,new-api,,,False,new-api,11,C_framework+content,False,fofa_g1,开通 GPT API、Claude API 的多模型 API 网关
llmgate.io,fofa_g1,fofa,confirmed,new-api/one-api系,LLM Gate,LLM Gate,True,new-api,4,A_api_status,False,fofa_g1,New API
llmhub.app,fofa_g1,fofa,confirmed,one-api,,,False,one-api,7,C_framework+content,False,fofa_g1,LLMHub - 支持微信支付和支付宝付款购买的 OpenAI ChatGPT&#x2F;GPT API 和 Claude API 转发代理 API 服务
llmoxy.com,fofa_g1,fofa,confirmed,new-api/one-api系,LLMoxy,LLMoxy,True,,5,A_api_status,False,fofa_g1,LLMoxy - 开箱即用的大模型接入层
llmroute.club,fofa_g1,fofa,confirmed,openai_compatible_unknown,"Silk Road AI · 一个 Key,接入 200+ AI 模型 | ChatGPT、Claude、Gemini 国内中转","Silk Road AI · 一个 Key,接入 200+ AI 模型 | ChatGPT、Claude、Gemini 国内中转",False,,12,C_framework+content,True,fofa_g1,"Silk Road AI · 一个 Key,接入 200+ AI 模型 | ChatGPT、Claude、Gemini 国内中转"
lowertoken.cn,fofa_g1,fofa,confirmed,new-api/one-api系,Lowertoken,Lowertoken,True,,5,A_api_status,False,fofa_g1,Lowertoken - 一个 Base URL，接入全球大模型
lqapi.cc,fofa_g1,fofa,confirmed,new-api/one-api系,速极 API,速极 API,True,new-api,0,A_api_status,False,fofa_g1,New API
ltvip.org,fofa_g1,fofa,confirmed,openai_compatible_unknown,登录 | 领拓AIGC,登录 | 领拓AIGC,False,,12,C_framework+content,True,fofa_g1,登录 | 领拓AIGC
lumiya.vip,fofa_g1,fofa,confirmed,new-api/one-api系,露米娅API,露米娅API,True,new-api,4,A_api_status,False,fofa_g1,New API
lyrid.cn,fofa_g1,fofa,confirmed,openai_compatible_unknown,Dewfall,Dewfall,False,,1,C_framework+content,True,fofa_g1,Dewfall
maiqilingai.com,fofa_g1,fofa,confirmed,openai_compatible_unknown,迈启灵AI — 跨境电商 AI 智能体工作台,迈启灵AI — 跨境电商 AI 智能体工作台,False,,2,C_framework+content,True,fofa_g1,迈启灵AI — 跨境电商 AI 智能体工作台
maxai.asia,fofa_g1,fofa,confirmed,new-api/one-api系,MaxAI API,MaxAI API,True,new-api,4,A_api_status,False,fofa_g1,MaxAI API 中转平台 | Claude Code、Codex、Gemini CLI 接口网关
maxapi.ai,fofa_g1,fofa,confirmed,one-api,,,False,one-api,5,C_framework+content,False,fofa_g1,
mayaa.com.cn,fofa_g1,fofa,confirmed,new-api,,,False,new-api,3,C_framework+content,False,fofa_g1,Video2Prompt
mbapi.top,fofa_g1,fofa,confirmed,new-api/one-api系,一站式Api,一站式Api,True,,4,A_api_status,False,fofa_g1,首页 - 中转API
miaolici.top,fofa_g1,fofa,confirmed,new-api/one-api系,MiaoLiCi,MiaoLiCi,True,,5,A_api_status,False,fofa_g1,
miaoma.ai,fofa_g1,fofa,confirmed,new-api/one-api系,秒码 Miaoma,秒码 Miaoma,True,,5,A_api_status,False,fofa_g1,秒码 Miaoma · 统一大模型接口网关
miaomiaocode.com,fofa_g1,fofa,confirmed,one-api,,,False,one-api,8,C_framework+content,False,fofa_g1,免费 Claude API、免费 GPT API、免费 Gemini API | 稳定高性能中转 API | 喵喵code
middlekingdom.cc,fofa_g1,fofa,confirmed,one-api,,,False,one-api,2,C_framework+content,False,fofa_g1,TokenHub — AI Model Gateway
minicod.com,fofa_g1,fofa,confirmed,one-api,,,False,one-api,2,C_framework+content,False,fofa_g1,"Minicod — AI for research, with citations that actually exist"
minimaxi.com,fofa_g1,fofa,confirmed,openai_compatible_unknown,MiniMax,MiniMax,False,,4,C_framework+content,True,fofa_g1,MiniMax
mixroute.ai,fofa_g1,fofa,confirmed,one-api,,,False,one-api,5,C_framework+content,False,fofa_g1,MixRoute: One API for 200+ AI Models
modelhub.lat,fofa_g1,fofa,confirmed,new-api/one-api系,ModelHub,ModelHub,True,one-api,12,A_api_status,False,fofa_g1,ModelHub — 全球领先 AI API 聚合平台 | GPT / Claude / Gemini / DeepSeek 国内直连
moometalink.com,fofa_g1,fofa,confirmed,new-api/one-api系,沐元智联,沐元智联,True,,1,A_api_status,False,fofa_g1,沐元智联
moonlm.com,fofa_g1,fofa,confirmed,new-api/one-api系,MoonLM,MoonLM,True,,1,A_api_status,False,fofa_g1,MoonLM - 国内Ai大模型Api聚合调用专家
mr68ai.cn,fofa_g1,fofa,confirmed,new-api/one-api系,New API,New API,True,new-api,4,A_api_status,False,fofa_g1,敏锐 AI 开放平台
mstoken.vip,fofa_g1,fofa,confirmed,openai_compatible_unknown,Infinity API - API Gateway and Online Chat,Infinity API - API Gateway and Online Chat,False,,5,C_framework+content,True,fofa_g1,Infinity API - API Gateway and Online Chat
mvptk.top,fofa_g1,fofa,confirmed,new-api/one-api系,Mvptoken API,Mvptoken API,True,new-api,4,A_api_status,False,fofa_g1,New API
myaitoken.com.cn,fofa_g1,fofa,confirmed,new-api/one-api系,One API,One API,True,,3,A_api_status,False,fofa_g1,AI Token 中转站 - 稳定、快速、便宜
name1.ai,fofa_g1,fofa,confirmed,new-api/one-api系,New API,New API,True,,0,A_api_status,False,fofa_g1,Name1
nameyn.shop,fofa_g1,fofa,confirmed,new-api/one-api系,Nameyn,Nameyn,True,new-api,4,A_api_status,False,fofa_g1,New API
nbp.lol,fofa_g1,fofa,confirmed,one-api,,,False,one-api,8,C_framework+content,False,fofa_g1,Patina AI | API Gateway
neonartai.com,fofa_g1,fofa,confirmed,openai_compatible_unknown,NeonArt AI · 简洁清新版,NeonArt AI · 简洁清新版,False,,1,C_framework+content,True,fofa_g1,NeonArt AI · 简洁清新版
nexrouter.io,fofa_g1,fofa,confirmed,one-api,,,False,one-api,6,C_framework+content,False,fofa_g1,NexRouter — Design Preview
nicetoone.com,fofa_g1,fofa,confirmed,one-api,,,False,one-api,0,C_framework+content,False,fofa_g1,NiceToOne API
niubiai.net,fofa_g1,fofa,confirmed,new-api/one-api系,NBAI,NBAI,True,new-api,5,A_api_status,False,fofa_g1,niubiai - 统一的大模型接口网关
niucode.fun,fofa_g1,fofa,confirmed,new-api/one-api系,NiuCode,NiuCode,True,new-api,4,A_api_status,False,fofa_g1,New API
niudunbujige.cn,fofa_g1,fofa,confirmed,new-api/one-api系,allall.ai-全球AI聚合平台,allall.ai-全球AI聚合平台,True,new-api,4,A_api_status,False,fofa_g1,New API
noc.cy,fofa_g1,fofa,confirmed,sub2api,,,False,sub2api,0,C_framework+content,False,fofa_g1,Sub2API - AI API Gateway
nodebyt.com,fofa_g1,fofa,confirmed,one-api,,,False,one-api,8,C_framework+content,False,fofa_g1,"Nodebyt - One key, every leading model"
nqapi.cn,fofa_g1,fofa,confirmed,new-api/one-api系,Nq API,Nq API,True,new-api,4,A_api_status,False,fofa_g1,New API
octopusx.ai,fofa_g1,fofa,confirmed,new-api/one-api系,,,True,one-api,2,A_api_status,False,fofa_g1,OctopusX - One API to Access 400+ AI Models
oneai.cc,fofa_g1,fofa,confirmed,new-api/one-api系,OneAi,OneAi,True,new-api,0,A_api_status,False,fofa_g1,New API
oneapi.host,fofa_g1,fofa,confirmed,one-api,,,False,one-api,2,C_framework+content,False,fofa_g1,
onekeymodel.com,fofa_g1,fofa,confirmed,one-api,,,False,one-api,1,C_framework+content,False,fofa_g1,AI модели для работы через один API
onerouter.cn,fofa_g1,fofa,confirmed,openai_compatible_unknown,OneRouter · 一个密钥路由 DeepSeek · GLM · Kimi · Seedance · GPT Image,OneRouter · 一个密钥路由 DeepSeek · GLM · Kimi · Seedance · GPT Image,False,,10,C_framework+content,True,fofa_g1,OneRouter · 一个密钥路由 DeepSeek · GLM · Kimi · Seedance · GPT Image
onerouter1688.com,fofa_g1,fofa,confirmed,new-api/one-api系,Token1688国际站,Token1688国际站,True,new-api,0,A_api_status,False,fofa_g1,Token1688
onlyrouter.ai,fofa_g1,fofa,confirmed,openai_compatible_unknown,OnlyRouter,OnlyRouter,False,,6,C_framework+content,True,fofa_g1,OnlyRouter
openox.tech,fofa_g1,fofa,confirmed,openai_compatible_unknown,OpenOx - 企业级稳定满血低价官方 API,OpenOx - 企业级稳定满血低价官方 API,False,,9,C_framework+content,True,fofa_g1,OpenOx - 企业级稳定满血低价官方 API
openrouter.team,fofa_g1,fofa,confirmed,openai_compatible_unknown,OpenRouter Team - API 控制台,OpenRouter Team - API 控制台,False,,8,C_framework+content,True,fofa_g1,OpenRouter Team - API 控制台
oxandhorse.site,fofa_g1,fofa,confirmed,new-api,,,False,new-api,2,C_framework+content,False,fofa_g1,Ox & Horse API
pantao.asia,fofa_g1,fofa,confirmed,new-api/one-api系,蟠桃中转站,蟠桃中转站,True,,3,A_api_status,False,fofa_g1,蟠桃中转站 · AI API 服务平台
paopaoapi.com,fofa_g1,fofa,confirmed,new-api/one-api系,泡泡API,泡泡API,True,,8,A_api_status,False,fofa_g1,泡泡API · 一站式大模型 API 聚合分发网关
proxystacks.com,fofa_g1,fofa,confirmed,openai_compatible_unknown,ProxyStacks Relay - AI API Management Platform,ProxyStacks Relay - AI API Management Platform,False,,3,C_framework+content,True,fofa_g1,ProxyStacks Relay - AI API Management Platform
qilingai.net,fofa_g1,fofa,confirmed,openai_compatible_unknown,,,False,,0,C_framework+content,True,fofa_g1,
qingshanapi.com,fofa_g1,fofa,confirmed,new-api/one-api系,QingshanAPI,QingshanAPI,True,new-api,4,A_api_status,False,fofa_g1,New API
qingxumall.com,fofa_g1,fofa,confirmed,new-api,,,False,new-api,3,C_framework+content,False,fofa_g1,AI Platform
renrenai.chat,fofa_g1,fofa,confirmed,new-api/one-api系,RenRen API,RenRen API,True,,3,A_api_status,False,fofa_g1,RenRen API
rinnepro.tech,fofa_g1,fofa,confirmed,new-api/one-api系,RINNE,RINNE,True,new-api,4,A_api_status,False,fofa_g1,New API
route-agent.com,fofa_g1,fofa,confirmed,one-api,,,False,one-api,5,C_framework+content,False,fofa_g1,ROUTE AGENT
routeall.ai,fofa_g1,fofa,confirmed,one-api,,,False,one-api,4,C_framework+content,False,fofa_g1,RouteAll — Every model. One API.
ruapi.ai,fofa_g1,fofa,confirmed,new-api/one-api系,RuAPI,RuAPI,True,new-api,7,A_api_status,False,fofa_g1,"RuAPI.ai — API Claude, GPT, Gemini для России без VPN | USDT"
samyu15.com,fofa_g1,fofa,confirmed,openai_compatible_unknown,samyu15 · AI Gateway,samyu15 · AI Gateway,False,,12,C_framework+content,True,fofa_g1,samyu15 · AI Gateway
shheng.xyz,fofa_g1,fofa,confirmed,new-api/one-api系,Shheng API,Shheng API,True,,3,A_api_status,False,fofa_g1,shheng.xyz - 一站式 AI 模型 API 中转站
shisuanai.com,fofa_g1,fofa,confirmed,new-api/one-api系,石蒜智算,石蒜智算,True,,0,A_api_status,False,fofa_g1,MAX API
shxybar.com,fofa_g1,fofa,confirmed,new-api/one-api系,FlowBar,FlowBar,True,new-api,3,A_api_status,False,fofa_g1,FlowBar - 国内 AI 模型网关
silkroadai.io,fofa_g1,fofa,confirmed,openai_compatible_unknown,登录 — Silk Road AI,登录 — Silk Road AI,False,,0,C_framework+content,True,fofa_g1,登录 — Silk Road AI
sjapi.top,fofa_g1,fofa,confirmed,new-api/one-api系,New API,New API,True,new-api,4,A_api_status,False,fofa_g1,New API
starstartai.com,fofa_g1,fofa,confirmed,openai_compatible_unknown,星启AI - 面向未来的智能模型网关,星启AI - 面向未来的智能模型网关,False,,3,C_framework+content,True,fofa_g1,星启AI - 面向未来的智能模型网关
summerapi.com,fofa_g1,fofa,confirmed,new-api/one-api系,夏夏中转站,夏夏中转站,True,new-api,5,A_api_status,False,fofa_g1,夏夏中转站 - AI 模型接口中转服务
sunyears.com,fofa_g1,fofa,confirmed,new-api/one-api系,光年AI,光年AI,True,,12,A_api_status,False,fofa_g1,光年AI · 你的全模型 API 中转站
superaiapi.com,fofa_g1,fofa,confirmed,new-api/one-api系,SuperAI API,SuperAI API,True,new-api,8,A_api_status,False,fofa_g1,"SuperAI API — Unified AI API Gateway for Claude, GPT, Gemini | SuperAI API"
supermoxi.top,fofa_g1,fofa,confirmed,new-api/one-api系,MOXI-API,MOXI-API,True,,0,A_api_status,False,fofa_g1,MOXI-API
szjsai.cn,fofa_g1,fofa,confirmed,openai_compatible_unknown,Claude API - 全球顶级AI模型聚合平台,Claude API - 全球顶级AI模型聚合平台,False,,4,C_framework+content,True,fofa_g1,Claude API - 全球顶级AI模型聚合平台
szjsai.com,fofa_g1,fofa,confirmed,openai_compatible_unknown,Claude API - 全球顶级AI模型聚合平台,Claude API - 全球顶级AI模型聚合平台,False,,4,C_framework+content,True,fofa_g1,Claude API - 全球顶级AI模型聚合平台
t-hub.cc,fofa_g1,fofa,confirmed,new-api/one-api系,One API,One API,True,one-api,4,A_api_status,False,fofa_g1,TokenHub AI 大模型聚合平台 - Chat · Image · Video | 500+ Models
teai.io,fofa_g1,fofa,confirmed,openai_compatible_unknown,teai.io — 日本発LLM API Gateway | Claude 5・GPT-5.5・Gemini 3.5 85+モデルを1つのAPIで,teai.io — 日本発LLM API Gateway | Claude 5・GPT-5.5・Gemini 3.5 85+モデルを1つのAPIで,False,,5,C_framework+content,True,fofa_g1,teai.io — 日本発LLM API Gateway | Claude 5・GPT-5.5・Gemini 3.5 85+モデルを1つのAPIで
tengd.site,fofa_g1,fofa,confirmed,new-api/one-api系,tengd,tengd,True,new-api,4,A_api_status,False,fofa_g1,New API
tenwayclaw.com,fofa_g1,fofa,confirmed,new-api/one-api系,Tenway AI,Tenway AI,True,,10,A_api_status,False,fofa_g1,Tenway AI - AI API Gateway
to2dog.top,fofa_g1,fofa,confirmed,new-api/one-api系,Carpool,Carpool,True,new-api,4,A_api_status,False,fofa_g1,New API
toapis.com,fofa_g1,fofa,confirmed,new-api/one-api系,ToAPIs,ToAPIs,True,,9,A_api_status,False,fofa_g1,OpenAI 兼容 AI API 网关
toapis.xyz,fofa_g1,fofa,confirmed,new-api/one-api系,ToAPIs,ToAPIs,True,,9,A_api_status,False,fofa_g1,OpenAI 兼容 AI API 网关
token.mg,fofa_g1,fofa,confirmed,new-api/one-api系,智模引擎,智模引擎,True,new-api,0,A_api_status,False,fofa_g1,New API
tokencall.cn,fofa_g1,fofa,confirmed,openai_compatible_unknown,TokenCall — 全球 AI 模型 API 服务,TokenCall — 全球 AI 模型 API 服务,False,,5,C_framework+content,True,fofa_g1,TokenCall — 全球 AI 模型 API 服务
tokencheap.ai,fofa_g1,fofa,confirmed,openai_compatible_unknown,TokenCheap - 简洁的模型 API 中转,TokenCheap - 简洁的模型 API 中转,False,,5,C_framework+content,True,fofa_g1,TokenCheap - 简洁的模型 API 中转
tokencraft.cc,fofa_g1,fofa,confirmed,openai_compatible_unknown,企业可信 AI 接入平台 | TokenCraft,企业可信 AI 接入平台 | TokenCraft,False,,5,C_framework+content,True,fofa_g1,企业可信 AI 接入平台 | TokenCraft
tokendepot.vip,fofa_g1,fofa,confirmed,new-api,,,False,new-api,11,C_framework+content,False,fofa_g1,算力港 · TokenDepot — 闲置算力，进得来·出得去·囤得住
tokengo.love,fofa_g1,fofa,confirmed,openai_compatible_unknown,登录 | TokenGo,登录 | TokenGo,False,,12,C_framework+content,True,fofa_g1,登录 | TokenGo
tokenhai.com,fofa_g1,fofa,confirmed,new-api/one-api系,TokenHai · AI Token 之海,TokenHai · AI Token 之海,True,,10,A_api_status,False,fofa_g1,TokenHai · AI Token 之海 · TokenHai
tokenhot.cn,fofa_g1,fofa,confirmed,new-api/one-api系,Tokenhot,Tokenhot,True,,7,A_api_status,False,fofa_g1,Tokenhot – 聚合 LLM API 网关
tokenhub.com,fofa_g1,fofa,confirmed,one-api,,,False,one-api,5,C_framework+content,False,fofa_g1,TokenHub AI Model API Gateway &amp; Marketplace
tokenktv.com,fofa_g1,fofa,confirmed,new-api/one-api系,New API,New API,True,,13,A_api_status,False,fofa_g1,tokenKTV
tokennexus.vip,fofa_g1,fofa,confirmed,sub2api,,,False,sub2api,7,C_framework+content,False,fofa_g1,Sub2API Portal
tokensolo.com,fofa_g1,fofa,confirmed,new-api/one-api系,Token Solo,Token Solo,True,,4,A_api_status,False,fofa_g1,Token Solo
tokenzz.cc,fofa_g1,fofa,confirmed,new-api/one-api系,Tokenzz,Tokenzz,True,new-api,5,A_api_status,False,fofa_g1,AI中转站-Tokenzz
trustapi.app,fofa_g1,fofa,confirmed,new-api/one-api系,TrustAPI,TrustAPI,True,one-api,4,A_api_status,False,fofa_g1,TrustAPI | 让 AI 调用值得信赖
tryaiapi.com,fofa_g1,fofa,confirmed,new-api/one-api系,Try AI API,Try AI API,True,,4,A_api_status,False,fofa_g1,Try AI API — Unified AI Model Gateway
turiloop.com,fofa_g1,fofa,confirmed,one-api,,,False,one-api,4,C_framework+content,False,fofa_g1,Turiloop - A Unified Interface for AI Model APIs
vantapi.com,fofa_g1,fofa,confirmed,openai_compatible_unknown,VantAPI AI 开放平台,VantAPI AI 开放平台,False,,9,C_framework+content,True,fofa_g1,VantAPI AI 开放平台
velahub.ai,fofa_g1,fofa,confirmed,one-api,,,False,one-api,6,C_framework+content,False,fofa_g1,Velahub — Unified AI model gateway
veloraapi.com,fofa_g1,fofa,confirmed,sub2api,,,False,sub2api,4,C_framework+content,False,fofa_g1,高速API - AI API Gateway
voyageage.com,fofa_g1,fofa,confirmed,sub2api,,,False,sub2api,0,C_framework+content,False,fofa_g1,Sub2API - AI API Gateway
wagbrio.com,fofa_g1,fofa,confirmed,new-api/one-api系,Wagbrio,Wagbrio,True,,3,A_api_status,False,fofa_g1,Wagbrio
wanggan.eu.org,fofa_g1,fofa,confirmed,sub2api,,,False,sub2api,0,C_framework+content,False,fofa_g1,wanggan.eu.org
weimeta.ai,fofa_g1,fofa,confirmed,new-api/one-api系,WEIMETA.AI,WEIMETA.AI,True,,5,A_api_status,False,fofa_g1,Weimeta.ai - Global AI Model Aggregation Platform
weimeta.cn,fofa_g1,fofa,confirmed,new-api/one-api系,唯一网络,唯一网络,True,,2,A_api_status,False,fofa_g1,å¯åæºå - ä¸ç«å¼AIå¤§æ¨¡åå¹³å° | ææ¬å¯¹è¯ãå¾åçæãè§é¢åä½ä¸è¯­é³åæ
weisoft.chat,fofa_g1,fofa,confirmed,new-api,,,False,new-api,2,C_framework+content,False,fofa_g1,知识中台
wetoken.one,fofa_g1,fofa,confirmed,one-api,,,False,one-api,5,C_framework+content,False,fofa_g1,Wetoken
winrouter.ai,fofa_g1,fofa,confirmed,one-api,,,False,one-api,3,C_framework+content,False,fofa_g1,WinRouter - 访问前沿完整规格 Gpt/Claude 模型
wowcode.cc,fofa_g1,fofa,confirmed,new-api/one-api系,WoWCode,WoWCode,True,,3,A_api_status,False,fofa_g1,WoWCode - 企业级AI大模型统一API聚合网关平台
wox.lol,fofa_g1,fofa,confirmed,new-api/one-api系,WOX.LOL,WOX.LOL,True,new-api,0,A_api_status,False,fofa_g1,New API
wula.mom,fofa_g1,fofa,confirmed,new-api/one-api系,WuLa,WuLa,True,new-api,4,A_api_status,False,fofa_g1,New API
xbingo.xin,fofa_g1,fofa,confirmed,one-api,,,False,one-api,2,C_framework+content,False,fofa_g1,Token Relay Gateway
xezn.org,fofa_g1,fofa,confirmed,one-api,,,False,one-api,9,C_framework+content,False,fofa_g1,XEZ - 高端模型接口聚合平台
xiangjun.pw,fofa_g1,fofa,confirmed,new-api/one-api系,观澜 API,观澜 API,True,new-api,0,A_api_status,False,fofa_g1,New API
xiaoclaw.com,fofa_g1,fofa,confirmed,new-api/one-api系,New API,New API,True,,0,A_api_status,False,fofa_g1,HOME | XiaoClaw
xiaoyue9527.xyz,fofa_g1,fofa,confirmed,openai_compatible_unknown,LYTokens LLM Gateway,LYTokens LLM Gateway,False,,2,C_framework+content,True,fofa_g1,LYTokens LLM Gateway
xinyun.ai,fofa_g1,fofa,confirmed,new-api/one-api系,心云AI,心云AI,True,new-api,4,A_api_status,False,fofa_g1,New API
xmapi.com.cn,fofa_g1,fofa,confirmed,new-api/one-api系,星猫Ai,星猫Ai,True,,4,A_api_status,False,fofa_g1,星猫 AI - 链接未来
xuanduai.com,fofa_g1,fofa,confirmed,openai_compatible_unknown,玄渡AI · 在线 AI 对话 · OpenAI / Anthropic 兼容 API,玄渡AI · 在线 AI 对话 · OpenAI / Anthropic 兼容 API,False,,7,C_framework+content,True,fofa_g1,玄渡AI · 在线 AI 对话 · OpenAI / Anthropic 兼容 API
xwrip.top,fofa_g1,fofa,confirmed,new-api/one-api系,JiaYaoAPI,JiaYaoAPI,True,new-api,4,A_api_status,False,fofa_g1,New API
xxxxtoken.com,fofa_g1,fofa,confirmed,new-api/one-api系,X-API,X-API,True,new-api,4,A_api_status,False,fofa_g1,New API
xy-chat.xyz,fofa_g1,fofa,confirmed,sub2api,,,False,sub2api,8,C_framework+content,False,fofa_g1,星火API - AI API Gateway
xyapi.io,fofa_g1,fofa,confirmed,new-api/one-api系,XYAPI,XYAPI,True,new-api,0,A_api_status,False,fofa_g1,New API
yaogod.com,fofa_g1,fofa,confirmed,openai_compatible_unknown,登录 | TokenGo,登录 | TokenGo,False,,12,C_framework+content,True,fofa_g1,登录 | TokenGo
ybtech.cc,fofa_g1,fofa,confirmed,new-api/one-api系,云博API,云博API,True,new-api,10,A_api_status,False,fofa_g1,国内API中转站_Claude中转站_Codex中转站_稳定可用接口平台
ycvip.net,fofa_g1,fofa,confirmed,openai_compatible_unknown,登录 | 优创AIGC,登录 | 优创AIGC,False,,12,C_framework+content,True,fofa_g1,登录 | 优创AIGC
ycvvip.net,fofa_g1,fofa,confirmed,openai_compatible_unknown,登录 | 优创AI,登录 | 优创AI,False,,12,C_framework+content,True,fofa_g1,登录 | 优创AI
yhapiplatform.com,fofa_g1,fofa,confirmed,openai_compatible_unknown,YH API Platform,YH API Platform,False,,7,C_framework+content,True,fofa_g1,YH API Platform
yixintoken.com,fofa_g1,fofa,confirmed,new-api,,,False,new-api,3,C_framework+content,False,fofa_g1,AI Platform
youqi.ai,fofa_g1,fofa,confirmed,new-api/one-api系,New API,New API,True,,5,A_api_status,False,fofa_g1,nwai — 一站式 AI 模型接入平台
youqi.tech,fofa_g1,fofa,confirmed,openai_compatible_unknown,Youqi AI — AI Agents. Real-World Doers.,Youqi AI — AI Agents. Real-World Doers.,False,,0,C_framework+content,True,fofa_g1,Youqi AI — AI Agents. Real-World Doers.
yout.chat,fofa_g1,fofa,confirmed,openai_compatible_unknown,Yout.chat — Private AI chat with every model,Yout.chat — Private AI chat with every model,False,,6,C_framework+content,True,fofa_g1,Yout.chat — Private AI chat with every model
yuai.space,fofa_g1,fofa,confirmed,new-api/one-api系,悦云code,悦云code,True,new-api,4,A_api_status,False,fofa_g1,New API
yuanzhi.icu,fofa_g1,fofa,confirmed,voapi,,,False,voapi,1,C_framework+content,False,fofa_g1,源炙API - AI API Gateway
yun618.top,fofa_g1,fofa,confirmed,sub2api,,,False,sub2api,10,C_framework+content,False,fofa_g1,云桥API - AI API Gateway
yunshuaiapi.com,fofa_g1,fofa,confirmed,new-api/one-api系,云枢AI,云枢AI,True,new-api,4,A_api_status,False,fofa_g1,New API
yxai.chat,fofa_g1,fofa,confirmed,openai_compatible_unknown,,,False,,4,C_framework+content,True,fofa_g1,
yyc.lat,fofa_g1,fofa,confirmed,new-api/one-api系,YYC API,YYC API,True,,13,A_api_status,False,fofa_g1,YYC API · Claude / GPT / Gemini 中转网关 · 按 token 计费 · 公开诚信度评分
yysc.top,fofa_g1,fofa,confirmed,new-api,,,False,new-api,0,C_framework+content,False,fofa_g1,New API
zhinengfugu.cn,fofa_g1,fofa,confirmed,new-api/one-api系,智能富谷,智能富谷,True,,0,A_api_status,False,fofa_g1,智能富谷
zhumengwangluo.top,fofa_g1,fofa,confirmed,openai_compatible_unknown,筑梦工作台,筑梦工作台,False,,0,C_framework+content,True,fofa_g1,筑梦工作台
ziyeapi.com,fofa_g1,fofa,confirmed,new-api/one-api系,One API,One API,True,,4,A_api_status,False,fofa_g1,ZiYe API — Lightning-Fast AI API at 70% Less
zzhfwl.com,fofa_g1,fofa,confirmed,new-api/one-api系,蜘蛛API,蜘蛛API,True,,8,A_api_status,False,fofa_g1,Claude API 中转站收费标准 | Claude Code Token 计费 | 大模型 API 平台价格一览表 - 灵芽API
