domain,platform_name,rankPosition,siteName,siteDomain,verificationType,overallScore,avgOnlineRate,avgLatencyS,latencySuspicious,modelCount,rankedModelCount,averageRating,reviewCount,voteUpCount,voteDownCount,siteDescription,relaySiteId
right.codes,RightCode,1,RightCode,right.codes,enterprise,90.3,97.4,5.08,否,48,5,4.2,5,26,12,RightCode 致力于为开发者提供稳定、高质量的 AI 模型 API 中转服务。 我们覆盖 Claude、GPT、Gemini 等主流模型，价格透明、在线率,39848
worldbase.ai,WorldBase.ai,2,WorldBase.ai,worldbase.ai,enterprise,82.3,99.2,4.9,否,9,5,,0,2,0,2025年上线，支持大规模调用，GPT官价1折，Claude官价1.5折，缓存价格为输入价格的0.1，GPT缓存率99%，Claude缓存率90%左右，为开发者,40169
packyapi.com,PackyCode,3,PackyCode,packyapi.com,enterprise,80.4,99.5,5.28,否,49,5,,0,22,54,PackyCode 是一家可靠高效的 API 中转服务商，提供 Claude Code、Codex、Gemini 等多种服务的中转。 PackyCode 大约是,39842
uuapi.net,UU API,4,UU API,uuapi.net,enterprise,74.7,98.8,5.23,否,17,5,,0,11,7,UU API 是面向全球开发者与企业的 AI 模型聚合平台，一站式接入ChatGPT、Claude、Gemini等主流大模型。 秉持「渠道透明、绝不掺水、绝不映,39863
724codes.com,724codes,5,724codes,724codes.com,enterprise,74.3,94.6,5.26,否,147,5,3,2,0,0,提供稳定低延迟的 AI API 中转服务，支持多模型调用、适合开发测试和日常集成，我们越级价格比质量。对稳定性和质量非常有信心，欢迎各位体验。,40209
api.tallius.ai,tallius.ai,6,tallius.ai,api.tallius.ai,enterprise,71.2,97.9,5.56,否,9,4,,0,0,0,tallius.ai 定位于开发者与团队的多模型 API 网关，而非仅做价格中转。平台对外提供 OpenAI 兼容接口，用户无需为每家大模型单独维护 SDK 与,40206
linkai.shop,LinkAi,7,LinkAi,linkai.shop,enterprise,69.9,99.1,5.41,否,14,5,,0,0,0,LinkAi面向企业与开发者提供稳定透明的多模型API接入服务，支持高并发调用、灵活计费与持续运维保障，适合长期业务集成。,40225
sudocode.chat,SudoCode,8,SudoCode,sudocode.chat,enterprise,61.9,100,4.84,否,10,5,5,1,11,13,2026 全新上线，专注提供 GPT（Codex）与 Claude 两类 API 服务，接口稳定可靠。 价格如下： GPT-5.5 Codex-Plus分组为 ,40095
9527code.com,9527code,9,9527code,9527code.com,enterprise,61.8,98.9,6.01,否,141,5,4.7,6,877,35,企业级 满血 高速 私有线路 拒绝残血，拒绝套壳，只做满血官方模型。 我们的 AI 中转站专为追求稳定性和模型质量的用户打造，提供高速、稳定、可靠的 AI 模型,39937
juxingai.top,聚星AI,10,聚星AI,juxingai.top,enterprise,60.4,96.2,7.03,否,30,5,5,1,6,6,聚星AI--聚合了 OpenAI、Anthropic、Google、字节跳动等厂商的 50 + 主流大模型，解决了国内开发者面临的支付困难、网络不稳定、接口不统,40123
toolcode.top,ToolCode,11,ToolCode,toolcode.top,personal,59.8,100,5.69,否,7,5,,0,0,0,Tool Code 致力于打造一个专供 GPT 用户使用的优质中转站，核心宗旨是以稳定且具性价比的方式持续提供服务。我们关注的不只是可用，更是长期体验上的稳定、,40208
modcon.top,ModCon,12,ModCon,modcon.top,enterprise,57.4,99.1,11,否,7,4,,0,10,2,ModCon 专注提供 Codex，Claude Code一站式聚合中转服务。透明计费，价格有优势。稳定、充足、高性价比。只做有良心的中转站。,40106
unity2.ai,unity2,13,unity2,unity2.ai,enterprise,56.7,99.5,4.85,否,29,5,,0,0,0,**Unity2.ai** 是面向开发者、团队、企业和个人用户的 AI API 与组合套餐平台，长期服务国内头部企业，日均承载超 **300 亿 token**,39968
runapi.co,RunAPI,14,RunAPI,runapi.co,enterprise,56.1,72.5,4.41,否,200,5,,0,13,42,RunAPI 是高效稳定的 AI 模型 API 中转平台，一个 API Key 即可访问 OpenAI、Claude、Gemini、DeepSeek、Grok ,39850
lingsuan.top,灵算,15,灵算,lingsuan.top,enterprise,53.8,97.9,7.37,否,7,5,5,2,17,4,灵算依托官方正价 Pro 号池，提供稳定、充足、高性价比的中转服务。我们致力于打造普通人也用得起的 AI 资源平台，让更多用户以更低成本轻松体验优质模型能力。,39980
ccmax20.cc,baby,16,baby,ccmax20.cc,enterprise,51.7,100,4.01,否,6,3,,0,0,0,baby是一家纯自研max号池的团队 我们拥有稳定的订阅账号运行方式 专业做cc 域名好记 ccmax20.cc 未来baby在AI的道路与你们同行,40299
api.xpluse.plus,数智AI,17,数智AI,api.xpluse.plus,enterprise,50,95.6,6.26,否,209,5,4.6,10,15,1,数智 AI 是面向开发者、AI 工具用户和自动化场景的一站式 AI 模型 API 服务平台，提供 OpenAI、Claude、Gemini、GPT 图像生成等多,39973
autorouter.io,AutoRouter,18,AutoRouter,autorouter.io,personal,49.6,99.6,4.83,否,42,5,,0,1,0,AutoRouter 的核心价值在于帮助用户更高效地管理和调用多个 AI 模型或服务商。它通过智能路由、成本优化、故障切换和统一 API 接入，降低开发者的运维,40162
anpin.ai,AnPin AI,19,AnPin AI,anpin.ai,enterprise,49.6,99.1,4.84,否,7,5,5,1,5,3,ANPIN.AI 是一个技术与资源双核驱动的 AI 中转平台。技术方面具备多节点智能路由、1Gbps 海外专线、30TB 带宽、99.99% 稳定性和毫秒级流式,39783
claudecn.top,ClaudeCN,20,ClaudeCN,claudecn.top,,47.8,98.7,4.89,否,87,5,,0,8,8,ClaudeCN 由是一家实体企业运营的企业级AI中转平台。平台可提供高可用性的商用API服务，提供Claude、GPT、Deepseek等热门模型，支持企业采,39799
xyc.ai,XycAi(星道智能),21,XycAi(星道智能),xyc.ai,enterprise,47.8,97.9,5.09,否,9,4,5,1,0,0,企业级开放快速的wss接口，端点采用搬瓦工作为我们的cn2线路，和台湾一些线路作为163回程线路保证回程3网问题线路问题，我们是正规合规对外企业，我们与部分中转,40216
toknex.ai,Toknex,22,Toknex,toknex.ai,enterprise,46.5,99.6,4.99,否,11,5,5,1,4,0,# AI 聚合平台｜企业级大模型 API 服务 我们专注于 AI 大模型 API 聚合与企业级集群服务，为开发者、企业团队、工作室及 AI 创业项目提供稳定、高,40158
portal.gpteamservices.com,GPTEAM,23,GPTEAM,portal.gpteamservices.com,personal,41.7,95.8,4.53,否,35,5,,0,7,1,专注提供稳定可靠的GPT系列模型服务。底层采用纯Pro官方订阅号池，四、五月零故障，极致稳定。主打高性价比，GPT-5.5约 ￥1.3 / 1M Token。承,39923
dasuapi.com,DasuApi,24,DasuApi,dasuapi.com,personal,41.3,95.4,4.96,否,6,4,4,1,0,0,claude opus4.8 max号池 gpt plus号池 主打物美价廉 gpt大概0.04倍率，claude大概0.95倍率,40222
ccgoai.com,ccgo,25,ccgo,ccgoai.com,enterprise,40.7,98.7,5.42,否,7,4,,0,0,0,背景：维护团队是大厂背景的同学创建，有同学全职维护 支持模型：GPT为一手自营号池，全部账号为正价带账单的Pro20x订阅号池，倍率为0.35； Claude模,40281
api.muskapi.cc,MuskAI,26,MuskAI,api.muskapi.cc,enterprise,36.2,100,4.19,否,39,2,4.3,3,2,0,全新系统架构，针对大模型场景优化。团队成立于 2022 年 12 月 11 日，专注大模型 API 中间层建设与稳定交付。 您可以使用平台提供的 LLM API,39946
chiyicn.com,词易,27,词易,chiyicn.com,enterprise,35,97.9,5.63,否,15,3,5,4,12,4,本网站专注于 GPT 接口中转与 AI 能力聚合服务，提供稳定高速的对话、绘图、生图等功能，适合开发者接入和个人用户使用。平台响应快、兼容性强、线路稳定，支持多,40001
api.ykh.ai,YKH.AI,28,YKH.AI,api.ykh.ai,enterprise,34.5,93.9,5.52,否,6,4,5,2,3,0,YKH·AI You Know How. YKH 帮你理清想法、写出内容、做出判断，并把问题推进成行动。 我们是一家可靠高效的 API 中转服务商，自建Pro、,39975
aokapi.com,AOK,29,AOK,aokapi.com,enterprise,34.3,98.9,7.34,否,30,2,,0,6,1,AOKAPI｜深耕 AI 底层架构，自研 GPT Pro 20x 号池，兼具高稳定与低成本优势。技术团队来自一线云原生与大模型研发背景，精通 API 网关、负载,40009
yundu.lat,云渡,30,云渡,yundu.lat,personal,32.7,99.5,6.56,否,9,4,5,1,1,0,云渡 AI 中转平台专注于提供 AI 模型 API 接入服务，支持 OpenAI、Claude等主流模型，提供文本对话、代码生成、图像生成及多模态能力。兼容 O,40175
sevnx.one,SevnX,31,SevnX,sevnx.one,personal,25.2,94,5.04,否,7,5,5,1,1,0,Sevnx 是一家专注于 AI 模型接口聚合与加速的可靠、高效的 API 中转服务商。 它通过统一的网关，为开发者和企业提供 Claude、ChatGPT 等多,40174
claude-api.org,Claude-API,32,Claude-API,claude-api.org,,25,98.3,5.99,否,46,5,5,1,174,2,"claude-api.org 是 Claude / GPT / Gemini 三家模型的 API 中转服务, 一个 Key 调用全部模型,原生官方模型输出。主流",39955
api.rkai6.com,RK API,33,RK API,api.rkai6.com,enterprise,23.4,100,7.07,否,25,2,,0,1,0,按量计费，为 Claude Code 、 CodeX 用户提供的高质量 API 服务，主打稳定Codex-Pro号池,40178
chintao.cn,Chintao AI,34,Chintao AI,chintao.cn,enterprise,21.6,95.8,5.33,否,41,4,,0,4,1,最早一批以不掺水，不私改倍率为Slogan的中转站站点。运营上线两个月，平台累计服务用户已达 5000 人，日常稳定日活 120，订阅企业用户数十家。 平台采用,39795
coderelay.cn,CodeRelay,35,CodeRelay,coderelay.cn,enterprise,21.6,89.9,6.21,否,42,5,,0,4,1,2026 全新上线，专注提供 GPT（Codex）与 Claude 两类 API 服务，接口稳定可靠。 本站秉承三大原则，1.不开活动 2.不招代理 3.不开订,39801
qiuqiutoken.com,球球Token,36,球球Token,qiuqiutoken.com,enterprise,21.2,100,7.63,否,33,2,,0,10,0,我们的优势 支持异步生图 100%缓存命中，100%自建号池不接外部渠道，首字1秒响应，在线率99.99% Kubernetes高集群，弹性伸缩服务器，硬件软件,39921
api.whlemon.cn,橙芯算力,37,橙芯算力,api.whlemon.cn,enterprise,19,100,6.93,否,17,2,,0,0,0,橙芯算力专注于AI算力接入与数字服务，提供稳定接口、清晰计费和及时售后支持，适合 个人及团队日常使用。(服务器三网通+固定住宅ip),40239
hao.ai,hao.ai,38,hao.ai,hao.ai,,18.8,100,4.45,否,16,2,,0,0,0,hao.ai 是面向开发者和团队的大模型统一 API 网关，支持通过一个 API Key 接入 GPT、Claude、Gemini 等主流 AI 模型，并兼容 ,40235
api.api2cn.com,智惠API,39,智惠API,api.api2cn.com,,18.7,99.2,5.33,否,12,5,5,34,1,0,为专业开发者构建的高速 AI 枢纽，毫秒级流式响应。采用Cloudflare CDN弹性部署，为用户提供超高速、稳定的API服务。 站点覆盖 Claude、GP,40026
clauqe.ai,ClauqeAI,40,ClauqeAI,clauqe.ai,,18.6,98.3,6.06,否,6,4,5,1,8,0,专注 Claude 与 OpenAI 双模型 API 服务，多线路高速接入，价格透明按量计费，链路稳定低延迟，提供 7×24 小时技术与售后响应。,40126
ai.luminai.cc,Lumin AI,41,Lumin AI,ai.luminai.cc,,15.8,94.9,4.61,否,14,4,5,1,5,0,LuminAI 是面向企业与开发者的 AI 聚合网关。 统一接入 Claude、GPT、Gemini 及国产大模型 享受渠道优惠价，多通道冗余保障 99.9% ,39827
nekocode.ai,NekoCode,42,NekoCode,nekocode.ai,,15.5,98.6,3.8,否,12,3,,0,7,2,"Neko 成立于2026年初, 是一个 AI API 中继服务，兼容 OpenAI 和 Anthropic API 格式。",39832
daodunapi.com,我的刀盾,43,我的刀盾,daodunapi.com,enterprise,13.8,74.3,6.65,否,62,3,,0,4,8,我的刀盾 — 你的 AI 全能搭档 一把刀，斩断 API 访问的重重障碍；一面盾，守护你每一次稳定调用。 Claude、GPT、Gemini —— 当下最强的 ,40121
sub2api.luchikey.com,luchikey,44,luchikey,sub2api.luchikey.com,enterprise,11.6,91.5,4.89,否,25,2,5,2,11,1,luchikey官网，主要是ai相关服务，所有商品详情会说明质保，中转站全程质保，主打让用户用上便宜好用的token,40007
tokenmix.ai,TokenMix,45,TokenMix,tokenmix.ai,enterprise,9,99.5,5.02,否,128,4,,0,1,1,所有模型零门槛。用你的语言，用当前支持的支付方式，接入主流 AI 模型。兼容 OpenAI 风格 SDK，迁移成本低。 1.统一 API：通过一个 OpenAI,39956
poixe.com,Poixe AI,46,Poixe AI,poixe.com,,8.1,93.7,5.51,否,157,3,5,1,11,7,PoixeAI 是一个提供 AI 大模型 API 接口的平台，致力于为用户提供高效、稳定且可靠的 AI 服务。我们聚合了领先的 AI 大模型，如 ChatGPT,39845
sudocode.us,sudocode.us,47,sudocode.us,sudocode.us,enterprise,7.7,100,5.29,否,23,4,,0,2,1,,40133
xbhuiz.com,XMAPI,48,XMAPI,xbhuiz.com,enterprise,2.4,97.4,4.9,否,7,4,,0,0,0,XMAPI —— 高速稳定的AI模型中转平台。覆盖GPT、Claude 等主流模型，三网优化专线，在线率98%+。为开发者和企业提供高性价比、即开即用的API服,40248
claudeapi.com,Claude API,49,Claude API,claudeapi.com,,1.5,100,4.72,否,5,1,,0,0,0,Claude API国内直连，三分钟接入 Claude Code 与 Agent 应用 新用户可领取测试额度。一键配置，立即可用，支持检测，技术&客服7*24专,40010
5cookie.cc,5Cookie Code,50,5Cookie Code,5cookie.cc,enterprise,0.5,98.8,5.81,否,7,2,5,1,0,0,5cookie code是一家稳定高速的 API 中继服务提供商，为 Claude Code、Codex 等平台提供API中继服务。面向个人、团队和企业用户提供,40241
api.frontier-intelligence.tech,Frontier Intelligence,51,Frontier Intelligence,api.frontier-intelligence.tech,personal,0,100,10.2,否,18,1,5,4,9,2,Frontier Intelligence 前沿智能 是高效稳定的 AI 模型 API 中转平台，主要面向香港和新加坡科研相关客户。 一个 API Key 即可,39961
ai.kividas.com,KyberRouter,52,KyberRouter,ai.kividas.com,,0,97.9,12.04,否,33,1,,0,0,0,KyberRouter 是统一的 AI 模型聚合网关。一套接口、一个密钥，即可调用 GPT、Claude、Gemini、DeepSeek、Llama 等全球主流,40271
fishxcode.com,fishxcode,53,fishxcode,fishxcode.com,enterprise,0,70.8,6.64,否,48,2,,0,35,3,企业级 Claude API 官方通道中转 仅接 Anthropic 官方通道，不走逆向。智能缓存命中超 90%，比直连官方节省 60%+ Token 成本，兼,40064
api.ikuncode.cc,IKunCode,54,IKunCode,api.ikuncode.cc,,0,70.3,4.64,否,21,3,,0,5,5,IKunCode让 AI 编程更简单 专注于给编码人员生产提效的中转站 · 支持 Claude Code、CodeX、Gemini CLI 三大 AI 编程工具,39819
huiyun.asia,汇云AI,55,汇云AI,huiyun.asia,personal,0,67.2,9.15,否,18,1,,0,0,0,RightCode 致力于为开发者提供稳定、高质量的 AI 模型 API 中转服务。 我们覆盖 Claude、GPT、Gemini 等主流模型，价格透明、在线率,40184
cubence.com,Cubence,56,Cubence,cubence.com,,0,60,3.9,否,7,1,,0,1,1,CUBENCE是一个专业的 API 网关，提供对 Claude Code 和 Codex 模型的无缝访问，具备企业级可靠性、监控和分析功能。 1.定价如何计算：,39805
zz.aigm99.cn,Green Mountain青山,57,Green Mountain青山,zz.aigm99.cn,enterprise,0,49.7,3.94,否,7,2,,0,0,0,自营ccmax 可外接 不限制客户端 一家主做claude的AI中转站 经过多月的测试 我们站在4月底进行上线 我们号池纯自研 支持高并发 欢迎各位老板体验 备,40246
switchbase.vip,SwitchBase,58,SwitchBase,switchbase.vip,,0,39.3,6.41,否,16,2,5,2,3,2,重点:站长晚上喜欢熬夜 其他: . 三网优化，无需代理 . 长期99%以上可用性 . 用不完可以随时申请退款,39856
llmapi.pro,LLMAPI,59,LLMAPI,llmapi.pro,enterprise,0,100,4.85,否,26,0,5,1,19,2,Claude Code.十分之一的价格。 不限 Token 用量，完整工具支持，国内直连。两行环境变量配置，即刻开始编码。 最新模型 Claude Opus 4,39825
main-new.codesuc.top,CodeSuc Hub,60,CodeSuc Hub,main-new.codesuc.top,personal,0,100,5.78,否,24,0,,0,0,0,CodeSuc Hub 专注提供正版真实AI模型服务，主营Claude、Codex两大热门模型，全程采用原生模型，无套壳分流，使用体验贴近官方标准。平台架构成熟,39804
ergouapi.com,二狗 API,61,二狗 API,ergouapi.com,,0,98.3,4.25,否,7,0,5,1,0,0,全站 0.1x~0.2x 倍率，二狗 API 保证： 1. 全站均使用 纯血模型，绝不掺水降级。如若发现模型降级或注水，无条件退款。 2. 顶级 CN2 GIA,40285
cc.anyroute.io,AnyRoute,62,AnyRoute,cc.anyroute.io,personal,0,97.5,7.6,否,8,0,,0,0,0,AnyRoute是一家可靠高效的 API 中转服务商，专注提供 Claude Code、Codex一站式聚合中转服务。 Codex Pro纯血号池源头，可对接，,40080
token.baogutang.top,N1KO-API,63,N1KO-API,token.baogutang.top,personal,0,94.9,4.28,否,7,0,5,1,0,0,专注提供 OpenAI、Claude 等主流 AI 模型接入服务，主打模型保真、稳定可靠、支持检测，适合开发者、团队和 AI 工具用户快速调用高质量模型能力。,40224
sub2.congmingai.com,聪明AI,64,聪明AI,sub2.congmingai.com,enterprise,0,92.2,5.91,否,147,0,,0,86,9,主要对接散户，价格公道合理，稳定是第一要素。codex倍率0.1，延迟单独做过优化，负载做的很好，号池有冗余，专业做codex。可生图1k，2k，4 k。可使用,40109
dawclaudecode.com,DawCode,65,DawCode,dawclaudecode.com,,0,70.4,5.34,否,33,0,,0,2,0,Daw Code专注编程智能体，极致性能体验 1. 极低延迟 全球多节点部署，智能就近路由，确保每次 API 调用都以最短路径到达。 2. 纯净 IP 隔离 动,39807
codefwd.top,CodeFwd,66,CodeFwd,codefwd.top,personal,0,62,6.04,否,5,0,,0,0,0,1.本站主打稳定、模型真实、不套壳，不掺水，响应速度快、价格低 2.支持抓包，第三方测试，进群免费领额度，只有自己试用了才知道是不是真的 3.价格相对于其他中转,40213
safeapi.vip,SafeAPI,67,SafeAPI,safeapi.vip,,0,17.8,5.62,否,7,0,,0,1,0,SAFE API 是一家消费级倍率，企业级稳定，满血 AI 模型中转服务，拒绝残血、拒绝套壳、拒绝低质通道的api可靠伙伴 平台支持 GPT、Claude、Co,40079
zxai.work,ZX API,68,ZX API,zxai.work,,0,10.6,6.08,否,107,0,,0,5,0,ZX AI 是一家海外 AI API 聚合网关服务商，主打亚洲及欧洲市场，多区域节点部署，为海外开发者与企业提供统一、稳定、低延迟的大模型接入服务。,39932
api.vectorengine.ai,VectorEngine,69,VectorEngine,api.vectorengine.ai,,0,,,否,694,0,,0,0,4,,39865
api.gpt.ge,V-API,70,V-API,api.gpt.ge,,0,,,否,639,0,,0,0,0,V-API：使用标准的OpenAI接口协议访问500+模型，不限时间、按量计费、极速对话、明细透明，无隐藏消费，在线充值后即可使用所有模型，已服务数万用户。 —,39864
api.timebackward.com,FastCode,71,FastCode,api.timebackward.com,,0,,,否,524,0,,0,1,0,响应更快的中转站——企业首选。所有模型，直连官方源头，长期稳定！透明的按量计费，无月费无套餐，用多少付多少，价格透明公开。 1.极速响应：全球CDN加速，毫秒级,39815
infai.cc,无限API,72,无限API,infai.cc,,0,,,否,524,0,,0,0,0,,39893
openclaudecode.cn,米醋AI,73,米醋AI,openclaudecode.cn,,0,,,否,425,0,,0,0,0,"米醋AI提供MAX号池，标注稳定性达到100%，适合对连接成功率有较高要求的开发者。 前身是OpenClaudeCode, 之前的风波里表现还挺好. 现在重新开",39904
ephone.ai,ePhone AI,74,ePhone AI,ephone.ai,,0,,,否,253,0,,0,1,0,ePhone AI 介绍 ePhone AI 是一家专注于 AI 大模型 API 中转服务的专业平台，支持 ChatGPT、Claude、Gemini 等主流顶,39978
api.gemai.cc,哈基米,75,哈基米,api.gemai.cc,,0,,,否,183,0,,0,0,0,欢迎加入哈基米 (GemAI)！ 🔗 快速开始 ✅ 官网地址：https://api.gemai.cc ✅ API 端点：https://api.gemai.c,39881
api.dzzi.ai,大肘子,76,大肘子,api.dzzi.ai,,0,,,否,174,0,,0,1,0,,39883
ddshub.cc,DDShub,77,DDShub,ddshub.cc,,0,,,否,145,0,,0,2,0,呆呆兽: GPT & Claude开发者首选 专为全球开发者打造。解决区域限制、封号问题。支持支付宝/微信支付。低延迟直连 Anthropic 和 OpenAI,39808
api.vip.crond.dev,PRY,78,PRY,api.vip.crond.dev,,0,,,否,139,0,,0,0,0,,39846
az.zlapi.vip,宅恋,79,宅恋,az.zlapi.vip,,0,,,否,129,0,,0,0,0,新用户福利活动：注册领现金·邀请享返利·小红书推广额外赠 今天也要和喜欢的人一起快乐游戏哦,39885
api.tryallai.com,TryAllAI,80,TryAllAI,api.tryallai.com,,0,,,否,123,0,,0,0,0,,39862
traxnode.com,Traxnode,81,Traxnode,traxnode.com,,0,,,否,102,0,,0,0,0,,39861
aiberm.com,Aiberm,82,Aiberm,aiberm.com,,0,,,否,100,0,,0,0,0,Aiberm提供统一的API接口，通过单一端点访问数百个AI模型。通过简单的集成流程，几分钟即可开始使用。 教程文档：https://aiberm.com/do,39777
findcg.com,发现AI,83,发现AI,findcg.com,,0,,,否,100,0,,0,1,0,,39879
dataeyes.ai,DataEyes AI,84,DataEyes AI,dataeyes.ai,,0,,,否,89,0,,0,1,1,DataEyes（数眼智能） 是一家面向全球的企业级 AI 模型云服务商，致力于成为开发者和企业接入大模型的 统一入口。 我们整合 OpenAI、Anthrop,39806
easyrouter.io,EasyRouter,85,EasyRouter,easyrouter.io,,0,,,否,85,0,,0,0,0,摒弃传统中转的不可靠性。基于企业级云原生架构，为您提供可追溯、零延迟、永久合规的模型访问层。 我们不是那种传统意义上的中转站，我们是企业级大模型 API 网关。,39927
tokaify.com,Tokaify,86,Tokaify,tokaify.com,enterprise,0,,,否,85,0,,0,5,1,tokaify企业级 AI 模型聚合平台，一套接口调用全球大模型 输入/输出 Token 独立计费 · 实时账单 · 永久额度 60+ 上游冗余 · 智能路由 ,40003
linkapi.ai,LinkAPI,87,LinkAPI,linkapi.ai,,0,,,否,84,0,,0,0,0,LinkAPI：新一代 AI 大模型中转服务平台 稳定可靠、官方渠道保障、极速响应、生产级高可用、价格透明,39824
api.xaix.me,xAIx,88,xAIx,api.xaix.me,,0,,,否,75,0,,0,0,0,,40040
ogog.ai,OGOG.AI,89,OGOG.AI,ogog.ai,,0,,,否,61,0,,0,0,0,,39834
ai.centos.hk,星辰,90,星辰,ai.centos.hk,,0,,,否,57,0,,0,0,0,,39895
api.qiyiguo.uk,奇异果 API,91,奇异果 API,api.qiyiguo.uk,,0,,,否,54,0,,0,0,0,奇异果AI：让对话更有趣 💕 💝专业稳定的技术支持，服务正常运行，7×24小时稳定服务 为什么选择奇异果AI？：专业稳定的智能对话API服务 1.极速响应，毫秒,39884
ai.xlyun.pro,小流云,92,小流云,ai.xlyun.pro,,0,,,否,49,0,,0,0,0,,39888
claudeagent.com.cn,ClaudeAgent,93,ClaudeAgent,claudeagent.com.cn,,0,,,否,42,0,,0,0,0,,39797
superapi.buzz,SuperAPI,94,SuperAPI,superapi.buzz,,0,,,否,42,0,,0,0,0,,40054
api.discordtool.vip,巨硬AI,95,巨硬AI,api.discordtool.vip,,0,,,否,42,0,,0,1,0,专注官方直连，企业级稳定中转7*24h可用。 适用于Claude Code、Cursor、Chatbox、OpenAI 兼容客户端。一个接口接入 Claude、,39943
api.ekan8.com,Ekan8,96,Ekan8,api.ekan8.com,,0,,,否,39,0,,0,1,0,依托gemini架构构建的全球低时延分发网络，为大家提供高效稳定的全域接入。1:1充值比例，拒绝虚假额度，所见即所得，不搞文字游戏，纯粹透明。,39814
api.squarefaceicon.org,Square API,97,Square API,api.squarefaceicon.org,,0,,,否,37,0,,0,0,0,,39852
ai.17nas.com,镜核 AI,98,镜核 AI,ai.17nas.com,,0,,,否,37,0,,0,1,0,面向开发者与团队的稳定接入方案，支持 Claude、GPT-5.5 与主流国产模型生态，兼容 OpenAI 与 Claude 接口： 1.灵活计费：支持按量调用,39938
bobdong.cn,Bob API,99,Bob API,bobdong.cn,,0,,,否,35,0,,0,2,0,稳定运行半年，主营Claude Max，GPT Plus， Pro号池等，渠道齐全，专门对接中转站，量大实惠，高RPM，高稳定。,39788
gua.guagua.uk,SunnyPumpkinAPI,100,SunnyPumpkinAPI,gua.guagua.uk,,0,,,否,35,0,,0,1,0,"umpkinAPI provides premium large language model API proxy services, covering mai",39855
xcode.best,Xcode,101,Xcode,xcode.best,,0,,,否,35,0,,0,0,0,Claude Code · CodeX： 按量计费，专为 Claude Code 、 CodeX 用户提供的高质量API服务，让AI编程更高效，让开发更简单。 ,39866
xiaoruiapi.cc,小瑞API,102,小瑞API,xiaoruiapi.cc,,0,,,否,35,0,,0,3,0,,39915
sparkcode.top,SparkCode,103,SparkCode,sparkcode.top,,0,,,否,33,0,,0,0,0,无需多个账号，一站式访问三大AI模型。标准1:1倍率，GPT系列仅0.2倍率，为您节省80%成本。 灵活的付费方式，两种模式可叠加使用，优先消耗套餐额度： 1.,39851
uocode.com,UoCode,104,UoCode,uocode.com,,0,,,否,33,0,,0,6,0,"UoCode is an intelligent model service platform designed for general users, crea",39926
ai.flashapi.top,闪电API,105,闪电API,ai.flashapi.top,,0,,,否,30,0,,0,0,0,,39912
aaatoken.cn,3AToken,106,3AToken,aaatoken.cn,enterprise,0,,,否,29,0,,0,0,0,我们致力于打造一个高效的AI API聚合与运营平台。通过一个控制台，即可完成模型路由、配额管理、监控预警与多角色协作，彻底告别多套后台、重复对接的繁琐流程。 核,40254
api.rootflowai.com,RootFlow,107,RootFlow,api.rootflowai.com,,0,,,否,29,0,,0,0,0,,39849
code.b886.top,CCTQ,108,CCTQ,code.b886.top,,0,,,否,28,0,,0,0,0,统一的大模型接口网关，更好的价格，更好的稳定性。,39793
cooper-api.com,Cooper-API,109,Cooper-API,cooper-api.com,,0,,,否,26,0,,0,1,0,全球直连：无需科学上网即可调用。 安全无忧：纯净底层链路，无封号风险。 智能路由：多渠道接口智能跳接。 极致保障：24小时监控，99%可用性。 Openclaw,39929
timesniper.club,一元模型,110,一元模型,timesniper.club,,0,,,否,26,0,,0,1,0,一元模型 API 完美兼容所有主流 AI 编程助手 OpenAI 接口聚合管理，支持多种渠道，开箱即用,39870
api.shiyutv.cn,像素群岛,111,像素群岛,api.shiyutv.cn,,0,,,否,26,0,,0,0,0,正价渠道采购 坚持正规采购，不使用来路不明、低价异常或风险资源 满血版体验 保留完整能力与稳定表现，不做人为阉割或缩水配置 纯净中转 不混杂劣质节点，不偷换资源,39972
huanapi.com,换API,112,换API,huanapi.com,,0,,,否,25,0,,0,0,0,,39890
cca.maya.today,BMCCA,113,BMCCA,cca.maya.today,,0,,,否,22,0,,0,0,0,本站为原站点cc.maya.today 新开站点，稳定运行三个月✅ 目前支持 GPT 全系模型，所有号池均为付费订阅账号。注册联系客服即送 1 美金额度试用，无,39787
new.050602.xyz,LingxiCode,114,LingxiCode,new.050602.xyz,enterprise,0,,,否,22,0,,0,1,0,平价 AI 中转站，以稳定直连、透明低价、编程优化为核心，完美适配国内开发者接入 Claude、GPT 等顶级模型的需求，是个人与小团队的高性价比选择。,39823
user.tocodex.com,ToCodex,115,ToCodex,user.tocodex.com,,0,,,否,22,0,,0,0,0,,39860
free.learn-ai.top,learn-ai,116,learn-ai,free.learn-ai.top,,0,,,否,20,0,,0,0,0,,39821
nextoken.online,NexToken,117,NexToken,nextoken.online,,0,,,否,20,0,,0,0,0,"把多家厂商的订阅与 Key 统一接入,一个端点搞定调用、计费与配额： 1.通用 OpenAI 协议：任何兼容 OpenAI 的 SDK 与客户端,改 base_",39916
ai.xem8k5.top,xem中转站,118,xem中转站,ai.xem8k5.top,,0,,,否,20,0,,0,1,0,xem API 是面向开发者的 AI 模型接入平台，目前支持 GPT 全系模型，所有号池均为付费订阅账号。 不掺水、不限速、不限并发，所有计费均透明，支持发票。,39959
mzlone.top,AIMZ,119,AIMZ,mzlone.top,,0,,,否,19,0,,0,0,0,AIMZ 是一个用于自托管部署的开源 AI API 网关。接入多家上游服务，并集中管理模型、密钥、额度、日志与路由策略。 超低价格：比官网便宜 20 倍，低至 ,39944
buzzai.cc,BUZZ,120,BUZZ,buzzai.cc,,0,,,否,17,0,,0,2,1,BUZZ AI 提供 Claude API 中转网关服务，支持 Claude Opus 4.6、Sonnet 4.6、Haiku 4.5 全系列模型。透明转发、,39789
api.luccc.uk,Luccc,121,Luccc,api.luccc.uk,,0,,,否,17,0,,0,0,0,"api.luccc.uk, 2026 年 5 月新上线。站长自建自运维, 上游用的是ChatGPT Team / Pro 账号池, 没有二次嵌套中转。 主要模型",40006
fucheers.top,Fucheers,122,Fucheers,fucheers.top,,0,,,否,16,0,,0,1,0,,39817
api.aisz.mom,Token Nexus,123,Token Nexus,api.aisz.mom,,0,,,否,15,0,,0,0,0,,40196
chat.ekti.cc,AI Chat,124,AI Chat,chat.ekti.cc,,0,,,否,14,0,,0,0,0,,39774
mytokenpi.com,mytokenpi,125,mytokenpi,mytokenpi.com,,0,0,,否,14,0,,0,1,0,MyTokenPi 是一个面向个人开发者、AI 应用团队和企业用户的统一 AI 模型聚合与分发网关。站点核心定位是把不同来源、不同格式的大语言模型统一接入，并转,40136
api.sbbbbbbbbb.xyz,Neco Api,126,Neco Api,api.sbbbbbbbbb.xyz,,0,,,否,13,0,3,1,0,0,,39831
api.sunskii.com,Sunskii,127,Sunskii,api.sunskii.com,,0,,,否,12,0,,0,0,0,Sunskii专注于OpenAI的Plus、Pro号池，提供稳定、充足、高性价比的中转服务。我们致力于打造普通人也用得起的 AI 资源平台，让更多用户以更低成本,39992
manbouapi.com,曼波API,128,曼波API,manbouapi.com,,0,,,否,12,0,,0,0,0,,39896
derouter.ai,DeRouter,129,DeRouter,derouter.ai,,0,0,,否,9,0,,0,1,0,derouter.ai，一个连接 AI API 需求与闲置配额的去中心化路由网络 如果你有已经订阅但暂时闲置的 AI 账号，可以托管到平台，让其他用户按需使用你,39940
code.newcli.com,FoxCode,130,FoxCode,code.newcli.com,,0,,,否,9,0,,0,0,5,AI编程 新时代 为开发者提供强大的AI编程助手，提升开发效率，释放创意潜能,39816
1xm.ai,1XM,131,1XM,1xm.ai,,0,,,否,8,0,,0,1,0,🔗 OneXModel 是一个聚合 AI 算力平台，全球顶级模型算力无门槛接入，适合日常写作、编程、创意生成、图像生成等多种场景 我们团队长期投入在模型接入、稳,40004
aiapi.world,AiApi.World,132,AiApi.World,aiapi.world,enterprise,0,0,,否,8,0,,0,0,0,价格适中但稳定性极高，直连官方通道，模型更全面Claude、GPT、Gemini、Grok、Deepseek、Qwen、GLM、Kimi、Minimax、Mim,40257
api.aicodemirror.com,AICodeMirror,133,AICodeMirror,api.aicodemirror.com,,0,,,否,8,0,,0,0,0,我们是一支专注于为中国内地工程师提供Claude Code服务的技术团队。我们深知中国开发者在使用国际AI工具时面临的种种挑战。 通过技术创新和优质服务，我们成,39778
beecode.cc,BeeCode,134,BeeCode,beecode.cc,,0,,,否,8,0,,0,0,0,本站支持模型 GPT-5.4、GPT-5.4 mini 、GPT-5.3 Codex、GPT-5.2、GPT-5.2 Codex 无需魔法，无需信用卡。一把 K,39786
cc-vibe.com,CCVibe,135,CCVibe,cc-vibe.com,,0,,,否,8,0,,0,2,0,1.一键接入 获取一个 API 密钥，即可调用所有已接入的 AI 模型，无需分别申请。 2.稳定可靠 智能调度多个上游账号，自动切换和负载均衡，告别频繁报错。 ,39794
dragoncode.codes,Dragoncode,136,Dragoncode,dragoncode.codes,,0,,,否,8,0,,0,3,0,DragonCodes 专为日常编码而设计的一站式体验 更低的价格，更简单的配置，让每位开发者都能用上顶级 AI 编码模型。,39914
lucen.cc,lucen,137,lucen,lucen.cc,,0,,,否,8,0,,0,0,0,,40018
subrouter.ai,SubRouter,138,SubRouter,subrouter.ai,,0,,,否,8,0,5,1,0,0,【不只是中转，是公开市场】 SubRouter 构建了一个大模型公开交易市场，汇聚全球算力资源。智能路由引擎在你与模型之间自动选择最优供应商、实时故障转移、按价,39854
tcdmx.com,TCDMX,139,TCDMX,tcdmx.com,,0,,,否,8,0,,0,4,6,,39988
timicc.com,TimiCC,140,TimiCC,timicc.com,,0,,,否,8,0,,0,1,0,TiMi CC新手接入教程：https://timicc.com/tutorial 所有工具都先走一次共用准备，再分流到 Claude 或 Codex。页面按“,39859
timyai.com,Timy AI,141,Timy AI,timyai.com,,0,,,否,8,0,,0,0,0,在 TimyAI 之上，Claude、GPT、Gemini 与上百款大模型像粒子般汇聚。智能路由、毫秒级回退、跨域观测，让每一次推理都精准抵达。 兼容 Open,39933
co.yes.vg,YesCode,142,YesCode,co.yes.vg,,0,,,否,8,0,,0,0,0,YesCode运营一个面向专业开发者及技术团队的云资源整合与技术适配平台。我们通过集约化管理、技术封装和接口适配， 为您提供更稳定、高效的方式来调用您开发项目所,39868
api.tu-zi.com,兔子,143,兔子,api.tu-zi.com,,0,,,否,8,0,,0,1,1,统一的大模型接口，更优惠的价格，更稳定的服务，无需订阅。 成本节省：90%+ 无低消限制：0.7¥=1$ 模型数量：300+ 全球用户：30k+,39928
api.lingshuai.cc,灵枢AI,144,灵枢AI,api.lingshuai.cc,,0,,,否,8,0,,0,1,0,为客户提供低价优质的满血模型，由上海复旦软件工程学院的高材生提供后端支持，同等品质看价格，同等价格比品质，只做最好的不做最贵的。,40056
api.aigocode.com,AlGoCode,145,AlGoCode,api.aigocode.com,,0,,,否,7,0,,0,0,0,Ai Go Code 是面向开发者的 AI 编程工作台，提供代码辅助、智能问答、团队协作、订阅与按量购买等功能，帮助开发者更高效地完成日常研发工作。 我们把常用,39782
api.b.ai,B.AI,146,B.AI,api.b.ai,,0,,,否,7,0,,0,0,1,孙哥的站.,39939
api.aibinghe.xyz,BingHeAPI,147,BingHeAPI,api.aibinghe.xyz,personal,0,,,否,7,0,,0,0,0,GPTPLUS满血号池，速度很快+稳定，0.15倍率，1比1充值，小站新开，福利多多，进入QQ群还有更多惊喜,40260
thestocklist.site,Flux API,148,Flux API,thestocklist.site,,0,,,否,7,0,,0,1,0,平台核心优势 满血版输出：郑重承诺！所有上架模型均为官方原生满血版，绝不掺水，无任何降智处理，保证最高质量的上下文反馈。 支持模型检测：真金不怕火炼！平台完美兼,39958
freemodel.dev,FreeModel,149,FreeModel,freemodel.dev,,0,,,否,7,0,5,1,2,0,,39987
gpt.hslife.fun,H&SのToken食堂,150,H&SのToken食堂,gpt.hslife.fun,personal,0,,,否,7,0,,0,0,0,Token食堂｜AI Coding 额度补给站 量大管饱，稳定耐用，专为高频 Codex 用户准备。 Codex 支持按量使用，低至 0.18 倍率，用多少算多,40275
prismapi.site,Prism API,151,Prism API,prismapi.site,,0,,,否,7,0,,0,0,0,,40019
sssaicode.com,SSSAICode,152,SSSAICode,sssaicode.com,,0,,,否,7,0,,0,1,1,即刻体验官方最新版 Claude Code、CodeX、Gemini CLI；号池代理技术，降低封号风险，国内直连。 1.企业级号池代理技术，我们来解决网络访问,39853
api.clawopen.top,Sum API,153,Sum API,api.clawopen.top,,0,,,否,7,0,,0,0,0,SumAPI是专注于为个人开发者和中小团队提供高性价比 AI API 中转服务的平台。我们支持 GPT、Claude、Gemini、DeepSeek、Kimi ,40025
terminal.pub,Terminal.Pub,154,Terminal.Pub,terminal.pub,,0,,,否,7,0,,0,0,0,Terminal.Pub API 提供多模型 API 中转、国内访问加速、价格倍率说明和常用工具配置教程。按文档复制端点与密钥，即可在本地工具中使用。 -倍率计,39857
tokeness.cn,Tokeness,155,Tokeness,tokeness.cn,enterprise,0,,,否,7,0,,0,1,0,Tokeness专注于AI API接口中转与 AI 能力聚合，只需一个Key即可使用主流模型。我们以极速响应、高兼容性和稳定线路为核心，集成多模型统一调用与便捷,40118
zerocode.sbs,ZeroCode,156,ZeroCode,zerocode.sbs,,0,,,否,7,0,,0,0,0,,39869
zivv.pro,ZIVV API,157,ZIVV API,zivv.pro,,0,,,否,7,0,,0,0,0,一手Claude MAX 号池，Antigravity 号池，Gpt号池 自建站点，全协议自主开发，非套壳，非开源，百分百满血官方模型，主打稳定。,39970
xb1520.com,小白中转站,158,小白中转站,xb1520.com,,0,,,否,7,0,,0,0,0,小白中转站主要提供官方gpt pro转API服务，gpt-pro分组及其稳定，性价比极高。 当前价格: gpt-pro分组0.16x，保证稳定性可用性 gpt-,40295
tokenflux.dev,词元流动,159,词元流动,tokenflux.dev,,0,,,否,7,0,,0,1,0,,39910
tongapi.com,通API,160,通API,tongapi.com,,0,,,否,7,0,,0,0,0,,39964
api.aircode.xin,AirCode,161,AirCode,api.aircode.xin,,0,,,否,6,0,,0,0,0,本平台定位为开放优先的Codex生态中文API网关，专注提供OpenAI Codex全系模型的高性价比中转服务，是国内开发者和创业团队低成本接入GPT大模型及多,39990
allinai7.cloud,Allin-AI,162,Allin-AI,allinai7.cloud,,0,,,否,6,0,,0,0,0,,40020
hk.ccplus.site,ccfly,163,ccfly,hk.ccplus.site,,0,,,否,6,0,,0,0,0,CCFly 是专为国内用户打造的 Claude 等海外大模型 API 中转平台，本站点从去年11月28号上线开始，截止现在已经运行半年左右，客服积极响应，低延迟,39979
cialloapi.cn,Ciallo API,164,Ciallo API,cialloapi.cn,,0,,,否,6,0,,0,0,0,一分价钱一分货，本站模型 100% 保真 我们提供稳定、保真的 API 中转服务，坚持高服务质量下的性价比路线，适合 Coding Agent 与日常聊天场景使,39796
mx.free.codesonline.dev,codesonline,165,codesonline,mx.free.codesonline.dev,,0,,,否,6,0,,0,0,0,,39951
api.hack3rx.cn,Hack3rX-API,166,Hack3rX-API,api.hack3rx.cn,,0,,,否,6,0,,0,0,0,1.一键接入：获取一个 API 密钥，即可调用所有已接入的 AI 模型，无需分别申请。 2.稳定可靠：智能调度多个上游账号，自动切换和负载均衡，告别频繁报错。 ,39818
kelaiapi.cc,kelai,167,kelai,kelaiapi.cc,,0,,,否,6,0,,0,2,0,kelaiapi主打满血Max号池，内有普通和高并发max分组，有可外接max号池分组，在价格适当的同时提供满血max号池。除此之外还有codex可外接pro号,39966
llmgw.cn,Token API,168,Token API,llmgw.cn,personal,0,0,,否,6,0,,0,0,0,1:1汇率（人民币：美金） 我们是专业的研发团队，每天有大量的token需求。 由于高额的token费用和claude等各种封杀，故而小伙伴们大手一挥，自发并建,40277
tokenonly.ai,tokenonly,169,tokenonly,tokenonly.ai,,0,0,,否,6,0,,0,0,0,TokenOnly 解决的核心问题是：如何以最低摩擦、最低成本、最高可靠性使用多家 LLM 厂商的模型。 对于国内开发者而言，它额外解决了一个长期痛点——稳定的,40278
code.silkapi.com,丝绸API,170,丝绸API,code.silkapi.com,,0,,,否,6,0,,0,1,0,丝绸API-Code站是专为开发者打造的AI编程与API聚合服务平台，聚焦高效、低成本的AI开发赋能，一站式解决代码开发与大模型调用痛点，适配全场景开发需求。 ,39871
boya.one,伯牙中转,171,伯牙中转,boya.one,,0,,,否,6,0,,0,3,0,伯牙中转站｜纯净 GPT 中转・一手直供・低倍率无忧 专注GPT 全系模型中转，拒绝掺水、拒绝逆向流量、拒绝虚标倍率，一手官方企业级资源直供，满血输出不阉割，响,40030
bmai.kun8.vip,北妈AI,172,北妈AI,bmai.kun8.vip,,0,,,否,6,0,,0,0,0,,39876
loptu.net,垂耳兔,173,垂耳兔,loptu.net,,0,,,否,6,0,,0,0,0,垂耳兔API 全网最懂你的灵感捕手,39882
api.leleweb.cn,Ai乐,174,Ai乐,api.leleweb.cn,,0,,,否,5,0,,0,0,0,Ai乐：新一代智能AI聚合平台 一站式接入全球顶尖 AI 模型，兼容 OpenAI 标准接口格式。 极速响应、稳定可靠、按量计费，让 AI 触手可及。,39780
api.uniprep.world,Apex,175,Apex,api.uniprep.world,,0,,,否,5,0,,0,0,0,稳定满血Claude Max号池（选择Claude Max分组），GPT plus满血号池、以及Gemini GCP等渠道。,40286
api.baobu.xyz,BAO-API,176,BAO-API,api.baobu.xyz,,0,,,否,5,0,,0,0,0,BAO-API 是一个面向个人用户和开发者的Claude code API 中转服务平台，支持 Claude、OpenAI 等主流模型调用。平台坚持价格透明、计,40134
bossclaw.org,BossClaw,177,BossClaw,bossclaw.org,,0,,,否,5,0,,0,0,0,虾老板 API：稳定、高速的 LLM 接口分发网络。为全球开发者提供免梯子、抗封号的 OpenAI & Anthropic 直连服务。国区友好，支持微信/支付宝,39949
easy-token.com,EasyToken,178,EasyToken,easy-token.com,,0,,,否,5,0,,0,4,0,Easy Token 是面向开发者与企业的大模型 API 聚合平台，支持 GPT、Claude、Gemini、DeepSeek、Qwen 等主流模型一站接入。平,39950
api.euzhi.com,Euzhi,179,Euzhi,api.euzhi.com,,0,,,否,5,0,,0,0,0,,40048
langziapi.online,langziApi,180,langziApi,langziapi.online,,0,,,否,5,0,,0,0,0,,39917
mentoe.com,Mentoe,181,Mentoe,mentoe.com,,0,,,否,5,0,,0,1,0,Mentoe 是一个 AI API 中转服务平台，支持统一接入 Claude、Gemini、ChatGPT 等多类主流模型，为开发者和企业提供便捷、稳定的模型调,39985
mnapi.com,MNAPI,182,MNAPI,mnapi.com,,0,,,否,5,0,,0,0,0,MN API：All in One的中转站聚合平台 • 将M个中转站的API转发给N个用户 • 免去您选择中转站的烦恼，严选出市面上性价比最高、模型最全面的AI,39830
apinova.cc,Nova AI,183,Nova AI,apinova.cc,,0,,,否,5,0,,0,0,0,,39833
x.dogenet.win,OhMyGPT,184,OhMyGPT,x.dogenet.win,,0,,,否,5,0,,0,0,0,,39835
tieapi.com,TieAPI,185,TieAPI,tieapi.com,enterprise,0,,,否,5,0,,0,0,0,原版品质，不掺水，不套路。 低延迟，TTFT 快。 价格公道，童叟无欺。 各大模型实时同步最新官方模型，追求最新模型，最高品质，放心无忧。 尽在 tieapi.,40274
api.yunserver.cn,YunServer API,186,YunServer API,api.yunserver.cn,,0,,,否,5,0,,0,1,0,主打 GPT-5.4，输入仅 ¥0.66/1M Tokens，补全 ¥3.96，缓存读取低至 ¥0.22。兼容 OpenAI 接口格式，国内直连无需科学上网，9,39996
jiekou.ai,接口AI,187,接口AI,jiekou.ai,,0,,,否,5,0,,0,0,0,Anthropic 目前最强的正式可用模型，面向复杂推理与 Agentic Coding，全方位能力进一步增强，限时免费体验。 接口AI 是一个一站式的大模型 ,39891
yxaiapp.com,方舟,188,方舟,yxaiapp.com,,0,,,否,5,0,,0,0,0,,39892
hemaapi.cc,河马中转站,189,河马中转站,hemaapi.cc,,0,,,否,5,0,,0,0,0,claude code，gpt等全方位渠道，api稳定，纯血max渠道，可接 高并发，外接（open claw）等等分组，适合科研人员，企业人员等等接入。,39986
funnyskill.com,范尼API,190,范尼API,funnyskill.com,,0,,,否,5,0,,0,0,0,范尼API 是一个面向开发者和团队的 AI 接口聚合服务平台，专注于为 AI 应用开发提供统一、便捷的大模型 API 接入能力。平台支持多种主流 AI 模型相关,40022
zhangyuapi.com,章鱼中枢AI服务平台,191,章鱼中枢AI服务平台,zhangyuapi.com,,0,,,否,5,0,,0,0,0,章鱼中枢 AI 服务平台是新一代 AI 基座平台，为您的 AI 应用提供统一的基础设施。承载所有 AI 应用，管理您的数字资产，连接未来的统一接口平台。,40125
ccrouter.ai,CCRouter,192,CCRouter,ccrouter.ai,,0,,,否,4,0,,0,0,0,专注 Claude 全系模型中转。 纯血 Max 号池 + Anthropic 官方 API 双线 · 0.25× 倍率 · 余额扣费无套餐,40258
cckeys.top,Claude密钥,193,Claude密钥,cckeys.top,,0,,,否,4,0,,0,0,0,,39800
airouter.mxyhi.com,deepproxy,194,deepproxy,airouter.mxyhi.com,,0,,,否,4,0,,0,0,0,"主要做gpt套餐和次要claude,优势gpt价格低,稳定,但是限量发售套餐,避免超售,影响用户体验,售后快速",39991
iacc.cc,IACC,195,IACC,iacc.cc,,0,,,否,4,0,,0,2,0,GPT 20x Pro号池与Claude Max号池长期稳定供应，主打价格实惠、连接稳定、使用流畅，提供24小时在线售后支持，配套教程完善， 新手也能快速上手使,40028
newapi.junjun.site,junjuncc,196,junjuncc,newapi.junjun.site,,0,,,否,4,0,,0,0,0,,39820
callxyq.xyz,Ls.API,197,Ls.API,callxyq.xyz,,0,,,否,4,0,,0,0,0,,39826
platform.ope.ai,OPE AI,198,OPE AI,platform.ope.ai,,0,,,否,4,0,,0,0,0,OPE.AI为大型AI模型提供API服务。 您独特的原始API密钥可以稳定、安全地使用。,39836
pixelmuse.shop,PixelMuse,199,PixelMuse,pixelmuse.shop,,0,,,否,4,0,,0,0,0,🔥 御三家API全直连中转站 🌐 认准：pixelmuse.shop 💰 极致白菜价：1:1刀，Token消耗按官价1.5折！ 🛡️ 纯血原装：绝对不掺水、不降,39997
ppword.cn,ppword,200,ppword,ppword.cn,,0,,,否,4,0,,0,0,0,网站成立于2023年3月。 经历多轮浪潮，从未中断。 原因是坚持诚信经营，走官方渠道的API。 实现国外主流大模型的对话，画图和视频生成。 同时，纯血国外模型的,40297
enjoyapi.cc,安九API,201,安九API,enjoyapi.cc,enterprise,0,,,否,4,0,,0,0,0,"安九API 是一家可靠高效的 API 中转服务商，提供 Claude Code、Codex、Gemini 等多种服务的中转。 这个站点价格低,质量好 , 客服响",40093
api.getezclaw.com,API GetEzClaw,202,API GetEzClaw,api.getezclaw.com,,0,,,否,3,0,,0,0,0,API GetEzClaw 是一個面向開發者與 AI 產品團隊的高穩定模型 API 接入平台。 平台整合多種主流 AI 模型，提供統一的 OpenAI 格式 A,40033
apiclaude.cc,APIClaude,203,APIClaude,apiclaude.cc,enterprise,0,,,否,3,0,,0,0,0,专注Claude与Codex API，支持余额计费、Claude Code官方满血API Key，稳定透明，性价比高，服务到位。,40296
codesome.ai,CodeSome,204,CodeSome,codesome.ai,,0,,,否,3,0,,0,0,0,先进算力，也是一种投资。 小白友好型 Claude Code AI 社区，为您提供顶级模型接入与企业级交付方案。 欢迎自媒体用户与 KOL 加入 codesom,39802
us.usclaude.us,Flux AI,205,Flux AI,us.usclaude.us,,0,,,否,3,0,,0,1,0,连接全球 300+ AI 模型，企业级聚合平台。 一个 API，畅享 OpenAI、Anthropic、Google 等顶级模型。更低成本、更高可用、更快响应。,39947
api.hepingan.top,Guiwuli-Api,206,Guiwuli-Api,api.hepingan.top,,0,,,否,3,0,,0,0,0,支持GPT/Claude/Gemini，倍率低，每周有低价渠道福利，基于sub2api搭建，无模型偷换、模型参水、对话数据读取、token量篡改等正不当操作，诚,40289
huiliuapi.com,huiliuapi,207,huiliuapi,huiliuapi.com,,0,,,否,3,0,,0,0,0,本站主要提供 Claude 系列模型的官方满血 API 中转服务，面向开发者、AI 工具用户、编程用户和团队场景，支持 Claude Code、Claude D,40290
jmyr.net,JMYR,208,JMYR,jmyr.net,,0,,,否,3,0,,0,0,0,新站点，多服务器布局，国内用户直连香港服务器。 量大管饱，包月制，88元包200刀额度每天。 团队自用中转，控制用户数量。,40011
ai.cdn.ad,Lightning AI,209,Lightning AI,ai.cdn.ad,,0,,,否,3,0,,0,0,0,Lightning AI 企业级融合模型服务商,39822
nbapi.cc,NBAPI,210,NBAPI,nbapi.cc,,0,,,否,3,0,,0,0,0,NBAPI 是一家可靠高效的 API 中转服务商，提供 Claude Code、Codex、GPT等多种服务的中转，做最牛逼的 API 中转，纯血不掺水0.03,40261
api.openaeon.ai,openaeonAPI,211,openaeonAPI,api.openaeon.ai,,0,,,否,3,0,,0,0,0,,39837
opentk.ai,OpenToken,212,OpenToken,opentk.ai,,0,,,否,3,0,,0,1,0,OpenToken于 2026年4月27日正式上线，主打OpenAi系列的模型， 网站特点是真实倍率， 满血模型绝不掺水，运行稳定，绝不跑路。 客服响应及时， ,40038
zaimaai.cn,在吗 AI,213,在吗 AI,zaimaai.cn,,0,,,否,3,0,,0,0,0,在吗 AI主打国外模型，涵盖国外主流顶级模型 【安全稳定】从 23 年开始运营，企业经营，网站 ICP 备案 【价格优惠】官网价格 5 折，量多可联系单独优惠，,40043
ccfly.codes,CCFly,214,CCFly,ccfly.codes,,0,,,否,2,0,,0,0,0,让AI编程助手为你所用，稳定、快速、无限制的 Claude Code 体验。开发效率提升10倍，从这里开始。 三大承诺： 1.99.9%可用性：分布式架构确保服,39792
codexone.aieania.tech,CodexOne,215,CodexOne,codexone.aieania.tech,,0,,,否,2,0,,0,2,0,纯pro/plus号池，只做精品，0.25一刀，支持gpt5.5、gpt5.4、gpt5.3等模型，保证官转满血（如不是全额退款），缓存命中率高，有专门的售后群,39989
duckcode.cn,duckcode,216,duckcode,duckcode.cn,,0,,,否,2,0,,0,0,0,不惨水，目前只提供gpt系列，gpt-5.5等。 采用sub2api界面，无用户数据收集后门， 动态倍率，截止20260511，倍率为0.9， 价格，0.3-0,40000
hk.hhnto.top,hhnto的API中转,217,hhnto的API中转,hk.hhnto.top,,0,,,否,2,0,,0,1,1,有两个分流https://aiapi.hhnto.top和https://hk.hhnto.top 主要做GPT模型 目前有GPT-5.5 GPT-5.4 GP,40094
api.owlai.tech,Owl AI,218,Owl AI,api.owlai.tech,,0,,,否,2,0,,0,1,0,Owl AI 是面向开发者与企业团队的一站式 AI 编程服务平台，提供稳定、高效、统一的 API 接入能力，帮助用户快速调用 OpenAI Codex 等主流 ,39841
proxy2it.com,ProxyAI,219,ProxyAI,proxy2it.com,,0,,,否,2,0,,0,0,0,ProxyAI 专注于提供 Openai Codex 一站式聚合中转服务，计费透明、价格优势明显，性价比高，模型倍率低至 0.12 。,40124
api.satuo66.online,SaTuoAPI,220,SaTuoAPI,api.satuo66.online,,0,,,否,2,0,,0,0,0,价格稳定，首字速度快 已有部分企业在使用，倍率稳定，不掺水，支持各大平台检测，欢迎各大企业和个人使用！,40293
api.ejkoy.com,整点token,221,整点token,api.ejkoy.com,,0,,,否,2,0,,0,0,0,本站服务对中转质量要求高的人群， 采用官方正版pro账号，绝不掺水。 全链路网络优化，极大提升请求相应速度。 基本价格目前是0.3倍率,40031
api.feng.cx,Feng AI,222,Feng AI,api.feng.cx,,0,,,否,1,0,,0,0,0,Feng AI 是面向开发者，团队，个人，企业的一站式AI聚合平台，codex稳定0.1倍率，透明计费，满血不降智，高速高并发。售后稳定，故障可退款,40259
hiapi.store,hiapi,223,hiapi,hiapi.store,,0,,,否,1,0,,0,0,0,系统公告 🔥 低价混池已上线 · 价格透明 · 到账即用 💎 站内换算：1Yuan = 100刀 支持 gpt-5.4 / gpt-5.5 / Claude 等,40131
daidaibird.top,呆呆鸟,224,呆呆鸟,daidaibird.top,,0,,,否,1,0,,0,0,0,,39880
