domain,origin,discovery_methods,verdict,framework,platform_name,verified_site_name,api_status_hit,html_framework_hit,content_hits,signal_tier,v1models_hit,last_round
0api.qzz.io,round5,codesearch,confirmed,new-api/one-api系,Zero API,Zero API,True,True,4,A_api_status,False,17
147ai.com,round1,codesearch,confirmed,new-api/one-api系,147 AI,147 AI,True,True,4,A_api_status,False,17
180txt.cn,round6,codesearch,confirmed,new-api/one-api系,180txt,180txt,True,True,4,A_api_status,False,17
1xm.ai,round16,codesearch,confirmed,new-api/one-api系,OneXModel,OneXModel,True,False,4,A_api_status,False,17
35.aigcbest.top,round1,codesearch,confirmed,new-api/one-api系,钱多多 API Beta,钱多多 API Beta,True,True,0,A_api_status,False,17
4router.net,round4,codesearch,confirmed,new-api/one-api系,4Router,4Router,True,False,2,A_api_status,False,17
4sapi.com,round1,codesearch,confirmed,new-api/one-api系,4SAPI,4SAPI,True,True,7,A_api_status,False,17
4sapi.net,round9,codesearch,confirmed,new-api/one-api系,4SAPI,4SAPI,True,True,7,A_api_status,False,17
4zapi.com,round4,codesearch,confirmed,new-api/one-api系,4Z API,4Z API,True,False,5,A_api_status,False,17
52mx.net,round5,codesearch,confirmed,new-api/one-api系,52模型|52mx.net,52模型|52mx.net,True,True,0,A_api_status,False,17
66ai.ai,round14,codesearch,confirmed,new-api/one-api系,66AI.AI,66AI.AI,True,False,1,A_api_status,False,17
78code.cc,round11,codesearch,confirmed,new-api/one-api系,78 code,78 code,True,True,4,A_api_status,False,17
7x.hk,round11,codesearch,confirmed,new-api/one-api系,七倍算力,七倍算力,True,True,0,A_api_status,False,17
8yes.cc,round4,codesearch,confirmed,new-api/one-api系,New API,New API,True,True,0,A_api_status,False,17
91router.ai,round14,codesearch,confirmed,new-api/one-api系,91ROUTER,91ROUTER,True,True,4,A_api_status,False,17
9527code.com,round16,codesearch,confirmed,new-api/one-api系,9527CODE,9527CODE,True,True,6,A_api_status,False,17
992236.xyz,round7,codesearch,confirmed,new-api/one-api系,Meow Brother API Distribution Platform (New ),Meow Brother API Distribution Platform (New ),True,True,4,A_api_status,False,17
a6api.com,round16,codesearch,confirmed,new-api/one-api系,A6api-Token聚合站,A6api-Token聚合站,True,True,2,A_api_status,False,17
aaatoken.cn,round16,codesearch,confirmed,new-api/one-api系,3A API,3A API,True,False,0,A_api_status,False,17
abcrelay.com,round1,codesearch,confirmed,new-api/one-api系,ABC Relay,ABC Relay,True,True,4,A_api_status,False,17
admin.euzhi.com,round7,codesearch,confirmed,new-api/one-api系,Euzhi,Euzhi,True,True,4,A_api_status,False,17
affordableaiapi.com,round1,codesearch,confirmed,new-api/one-api系,AffordableAI API,AffordableAI API,True,True,3,A_api_status,False,17
agentrouter.org,round5,codesearch,confirmed,new-api/one-api系,Agent Router,Agent Router,True,False,2,A_api_status,False,17
ai-yyds.com,round2,codesearch,confirmed,new-api/one-api系,AI-YYDS   GPT 5 API接口,AI-YYDS   GPT 5 API接口,True,True,3,A_api_status,False,17
ai.112102.xyz,round10,codesearch,confirmed,new-api/one-api系,zifeiyu API,zifeiyu API,True,True,0,A_api_status,False,17
ai.121628.xyz,round9,codesearch,confirmed,new-api/one-api系,霸气公益平台,霸气公益平台,True,True,0,A_api_status,False,17
ai.17nas.com,round16,codesearch,confirmed,new-api/one-api系,镜核 AI,镜核 AI,True,True,3,A_api_status,False,17
ai.52ccl.cn,round11,codesearch,confirmed,new-api/one-api系,月城公益站,月城公益站,True,True,0,A_api_status,False,17
ai.burncloud.com,round2,codesearch,confirmed,new-api/one-api系,BurnCloud AI API,BurnCloud AI API,True,True,4,A_api_status,False,17
ai.centos.hk,round16,codesearch,confirmed,new-api/one-api系,君の星辰,君の星辰,True,True,4,A_api_status,False,17
ai.facai.cloudns.org,round11,codesearch,confirmed,new-api/one-api系,ai发财网,ai发财网,True,False,9,A_api_status,False,17
ai.flashapi.top,round16,codesearch,confirmed,new-api/one-api系,闪电API,闪电API,True,True,0,A_api_status,False,17
ai.hybgzs.com,round1,codesearch,confirmed,new-api/one-api系,黑与白公益站,黑与白公益站,True,False,3,A_api_status,False,17
ai.littlesheep.cc,round11,codesearch,confirmed,new-api/one-api系,LittleSheep API,LittleSheep API,True,True,0,A_api_status,False,17
ai.ll9e.cn,round7,codesearch,confirmed,new-api/one-api系,猫叔大模型,猫叔大模型,True,False,3,A_api_status,False,17
ai.ltcraft.cn,round15,codesearch,confirmed,new-api/one-api系,LTCraft AI,LTCraft AI,True,True,4,A_api_status,False,17
ai.luminai.cc,round16,codesearch,confirmed,new-api/one-api系,LuminAi,LuminAi,True,True,4,A_api_status,False,17
ai.soruxgpt.com,round2,codesearch,confirmed,new-api/one-api系,SoruxGPT,SoruxGPT,True,True,4,A_api_status,False,17
ai.tracup.com,round11,codesearch,confirmed,new-api/one-api系,蒲云 AI,蒲云 AI,True,False,8,A_api_status,False,17
ai.venlacy.com,round2,codesearch,confirmed,new-api/one-api系,Lanln,Lanln,True,True,4,A_api_status,False,17
ai.xem8k5.top,round16,codesearch,confirmed,new-api/one-api系,xem API,xem API,True,True,0,A_api_status,False,17
ai.yijiarj.cn,round17,codesearch,confirmed,new-api/one-api系,yijia API,yijia API,True,True,4,A_api_status,False,17
ai.zhansi.top,round1,codesearch,confirmed,new-api/one-api系,鱼汤公益站,鱼汤公益站,True,True,4,A_api_status,False,17
ai123.one,round11,codesearch,confirmed,new-api/one-api系,Ai123中转站,Ai123中转站,True,False,4,A_api_status,False,17
aiapi.exe.xyz,round11,codesearch,confirmed,new-api/one-api系,🤡公益站-人人都是别人眼中的🤡,🤡公益站-人人都是别人眼中的🤡,True,True,3,A_api_status,False,17
aiapify.com,round16,codesearch,confirmed,new-api/one-api系,AIApify,AIApify,True,False,0,A_api_status,False,17
aiartmirror.com,round11,codesearch,confirmed,new-api/one-api系,AIArtMirror,AIArtMirror,True,True,4,A_api_status,False,17
aiberm.com,round16,codesearch,confirmed,new-api/one-api系,Aiberm,Aiberm,True,False,3,A_api_status,False,17
aiflowhub.ai,round14,codesearch,confirmed,new-api/one-api系,One API,One API,True,True,2,A_api_status,False,17
aigc.x-see.cn,round2,codesearch,confirmed,new-api/one-api系,小鲸 AI 开放平台,小鲸 AI 开放平台,True,True,0,A_api_status,False,17
aigc456.top,round9,codesearch,confirmed,new-api/one-api系,钱多多 API,钱多多 API,True,True,0,A_api_status,False,17
aigcbest.top,round2,codesearch,confirmed,new-api/one-api系,钱多多 API,钱多多 API,True,True,0,A_api_status,False,17
aigo123.net,round10,codesearch,confirmed,new-api/one-api系,AiGo123.net,AiGo123.net,True,False,6,A_api_status,False,17
aiok.club,round4,codesearch,confirmed,new-api/one-api系,New API,New API,True,True,0,A_api_status,False,17
airouter.mxyhi.com,round16,codesearch,confirmed,new-api/one-api系,TP-TokenProxy,TP-TokenProxy,True,True,0,A_api_status,False,17
airouter.service.itstudio.club,round4,codesearch,confirmed,new-api/one-api系,Itstudio,Itstudio,True,True,4,A_api_status,False,17
aixor.org,round1,codesearch,confirmed,new-api/one-api系,AiXor 大模型云,AiXor 大模型云,True,True,0,A_api_status,False,17
aizex.top,round1,codesearch,confirmed,new-api/one-api系,Aizex API,Aizex API,True,True,4,A_api_status,False,17
anyaigc.com,round7,codesearch,confirmed,new-api/one-api系,AnyAIGC,AnyAIGC,True,False,4,A_api_status,False,17
anyone.ai,round1,codesearch,confirmed,new-api/one-api系,ANYONE.AI,ANYONE.AI,True,True,4,A_api_status,False,17
aokapi.com,round16,codesearch,confirmed,new-api/one-api系,AOK API,AOK API,True,True,0,A_api_status,False,17
api-public.proxy-gls.de5.net,round5,codesearch,confirmed,new-api/one-api系,分享奇点,分享奇点,True,True,0,A_api_status,False,17
api.123nhh.com,round1,codesearch,confirmed,new-api/one-api系,New API,New API,True,True,4,A_api_status,False,17
api.132999.xyz,round2,codesearch,confirmed,new-api/one-api系,加菲猫-API,加菲猫-API,True,True,0,A_api_status,False,17
api.147ai.cn,round4,codesearch,confirmed,new-api/one-api系,147 AI,147 AI,True,True,4,A_api_status,False,17
api.17nas.com,round2,codesearch,confirmed,new-api/one-api系,镜核 AI,镜核 AI,True,True,3,A_api_status,False,17
api.2020111.xyz,round1,codesearch,confirmed,new-api/one-api系,老魔公益站,老魔公益站,True,True,0,A_api_status,False,17
api.242243.xyz,round11,codesearch,confirmed,new-api/one-api系,小鸡农场,小鸡农场,True,True,4,A_api_status,False,17
api.361888.xyz,round1,codesearch,confirmed,new-api/one-api系,New API,New API,True,True,0,A_api_status,False,17
api.4399ai.cn,round13,codesearch,confirmed,new-api/one-api系,4399ai API,4399ai API,True,True,0,A_api_status,False,17
api.777114.xyz,round1,codesearch,confirmed,new-api/one-api系,LogosAPI,LogosAPI,True,True,0,A_api_status,False,17
api.88api.chat,round1,codesearch,confirmed,new-api/one-api系,88 API,88 API,True,False,4,A_api_status,False,17
api.9527code.com,round14,codesearch,confirmed,new-api/one-api系,9527CODE,9527CODE,True,True,6,A_api_status,False,17
api.996444.cn,round2,codesearch,confirmed,new-api/one-api系,清风阁 API,清风阁 API,True,False,5,A_api_status,False,17
api.a1r.cc,round9,codesearch,confirmed,new-api/one-api系,A1R&聚合Ai,A1R&聚合Ai,True,True,4,A_api_status,False,17
api.a8.hk,round2,codesearch,confirmed,new-api/one-api系,便携AI聚合API,便携AI聚合API,True,False,8,A_api_status,False,17
api.aabao.vip,round2,codesearch,confirmed,new-api/one-api系,主站_Aabao_API,主站_Aabao_API,True,True,4,A_api_status,False,17
api.abcrelay.com,round1,codesearch,confirmed,new-api/one-api系,ABC Relay,ABC Relay,True,True,4,A_api_status,False,17
api.ablai.top,round2,codesearch,confirmed,new-api/one-api系,1,1,True,False,8,A_api_status,False,17
api.ai-gaochao.cn,round2,codesearch,confirmed,new-api/one-api系,数标标API,数标标API,True,False,0,A_api_status,False,17
api.ai-yyds.com,round2,codesearch,confirmed,new-api/one-api系,AI-YYDS   GPT 5 API接口,AI-YYDS   GPT 5 API接口,True,True,3,A_api_status,False,17
api.aiearth.dev,round9,codesearch,confirmed,new-api/one-api系,AIO API,AIO API,True,False,0,A_api_status,False,17
api.aifoxspa.com,round2,codesearch,confirmed,new-api/one-api系,New API,New API,True,True,4,A_api_status,False,17
api.aigcbest.top,round2,codesearch,confirmed,new-api/one-api系,钱多多 API,钱多多 API,True,True,0,A_api_status,False,17
api.aikeji.vip,round2,codesearch,confirmed,new-api/one-api系,AI科技全模型API,AI科技全模型API,True,True,3,A_api_status,False,17
api.ainstant.pro,round2,codesearch,confirmed,new-api/one-api系,快稳稳 API,快稳稳 API,True,True,4,A_api_status,False,17
api.aisz.mom,round16,codesearch,confirmed,new-api,词元枢阁 Token Nexus,词元枢阁 Token Nexus,True,True,0,A_api_status,False,17
api.aiyahmm.com,round8,codesearch,confirmed,new-api/one-api系,AiYa,AiYa,True,False,0,A_api_status,False,17
api.amux.ai,round2,codesearch,confirmed,new-api/one-api系,Amux API,Amux API,True,False,4,A_api_status,False,17
api.antsk.cn,round11,codesearch,confirmed,new-api/one-api系,AntSK API,AntSK API,True,True,4,A_api_status,False,17
api.anyone.ai,round1,codesearch,confirmed,new-api/one-api系,ANYONE.AI,ANYONE.AI,True,True,4,A_api_status,False,17
api.apertis.ai,round5,codesearch,confirmed,new-api/one-api系,Apertis,Apertis,True,False,0,A_api_status,False,17
api.apimart.ai,round4,codesearch,confirmed,new-api/one-api系,APIMart,APIMart,True,False,0,A_api_status,False,17
api.apiwarrior.xyz,round2,codesearch,confirmed,new-api/one-api系,APIWarrior,APIWarrior,True,False,0,A_api_status,False,17
api.apiyi.com,round1,codesearch,confirmed,new-api/one-api系,APIYI,APIYI,True,False,6,A_api_status,False,17
api.ark717.com,round11,codesearch,confirmed,new-api/one-api系,小鸡毛的公益API站,小鸡毛的公益API站,True,True,0,A_api_status,False,17
api.bbww.top,round1,codesearch,confirmed,new-api/one-api系,旺旺中转站,旺旺中转站,True,True,4,A_api_status,False,17
api.bianxie.ai,round2,codesearch,confirmed,new-api/one-api系,便携AI聚合API,便携AI聚合API,True,False,8,A_api_status,False,17
api.bianxieai.com,round2,codesearch,confirmed,new-api/one-api系,便携AI聚合API,便携AI聚合API,True,False,8,A_api_status,False,17
api.bjxrouter.com,round2,codesearch,confirmed,new-api/one-api系,北极星,北极星,True,True,4,A_api_status,False,17
api.bltcy.ai,round1,codesearch,confirmed,new-api/one-api系,柏拉图AI,柏拉图AI,True,False,6,A_api_status,False,17
api.bltcy.top,round2,codesearch,confirmed,new-api/one-api系,柏拉图AI,柏拉图AI,True,False,6,A_api_status,False,17
api.bluesminds.com,round5,codesearch,confirmed,new-api/one-api系,Bluesminds,Bluesminds,True,True,4,A_api_status,False,17
api.botcf.com,round8,codesearch,confirmed,new-api/one-api系,Bot Compute Fabric,Bot Compute Fabric,True,True,2,A_api_status,False,17
api.bybing.cc,round5,codesearch,confirmed,new-api/one-api系,北极星,北极星,True,True,4,A_api_status,False,17
api.chatfire.cn,round1,codesearch,confirmed,new-api/one-api系,ChatfireAPI🔥,ChatfireAPI🔥,True,False,5,A_api_status,False,17
api.chatgptid.net,round7,codesearch,confirmed,new-api/one-api系,刀刀中转API,刀刀中转API,True,True,4,A_api_status,False,17
api.chrouter.com,round2,codesearch,confirmed,new-api/one-api系,QUNL API,QUNL API,True,False,3,A_api_status,False,17
api.chshapi.org,round1,codesearch,confirmed,new-api/one-api系,监控室大爷模拟器,监控室大爷模拟器,True,True,0,A_api_status,False,17
api.clawopen.top,round16,codesearch,confirmed,new-api/one-api系,Sum API,Sum API,True,True,4,A_api_status,False,17
api.cnlion.qzz.io,round11,codesearch,confirmed,new-api/one-api系,Cnlion,Cnlion,True,True,4,A_api_status,False,17
api.code-relay.com,round1,codesearch,confirmed,new-api/one-api系,Code Router,Code Router,True,True,4,A_api_status,False,17
api.codexzh.com,round10,codesearch,confirmed,new-api/one-api系,codex 中转站,codex 中转站,True,False,11,A_api_status,False,17
api.coee.ccwu.cc,round11,codesearch,confirmed,new-api/one-api系,CoeeApi,CoeeApi,True,True,4,A_api_status,False,17
api.cometapi.com,round7,codesearch,confirmed,new-api/one-api系,CometAPI,CometAPI,True,False,0,A_api_status,False,17
api.dawclaudecode.com,round1,codesearch,confirmed,new-api/one-api系,DawCode,DawCode,True,True,0,A_api_status,False,17
api.discordtool.vip,round16,codesearch,confirmed,new-api/one-api系,Safa API,Safa API,True,True,0,A_api_status,False,17
api.dongli.work,round1,codesearch,confirmed,new-api/one-api系,冻梨API,冻梨API,True,True,0,A_api_status,False,17
api.dstopology.com,round10,codesearch,confirmed,new-api/one-api系,妖怪杂货铺 (半公益) 自己加群防失联560177927,妖怪杂货铺 (半公益) 自己加群防失联560177927,True,True,0,A_api_status,False,17
api.duckcoding.ai,round1,codesearch,confirmed,new-api/one-api系,DuckCoding,DuckCoding,True,True,0,A_api_status,False,17
api.duou.ai,round1,codesearch,confirmed,new-api/one-api系,Duo API,Duo API,True,True,4,A_api_status,False,17
api.dx001.ggff.net,round1,codesearch,confirmed,new-api/one-api系,yx,yx,True,True,3,A_api_status,False,17
api.dzzi.ai,round1,codesearch,confirmed,new-api/one-api系,大肘子API,大肘子API,True,True,0,A_api_status,False,17
api.easyart.cc,round2,codesearch,confirmed,new-api/one-api系,ModelHub,ModelHub,True,False,4,A_api_status,False,17
api.ekan8.com,round1,codesearch,confirmed,new-api/one-api系,Ekan8 API,Ekan8 API,True,True,0,A_api_status,False,17
api.ephone.ai,round1,codesearch,confirmed,unknown,ePhone AI,ePhone AI,True,False,8,A_api_status,False,17
api.ephone.chat,round2,codesearch,confirmed,unknown,ePhone AI,ePhone AI,True,False,8,A_api_status,False,17
api.euzhi.com,round16,codesearch,confirmed,new-api/one-api系,Euzhi,Euzhi,True,True,4,A_api_status,False,17
api.evolink.ai,round11,codesearch,confirmed,new-api/one-api系,EvoLink,EvoLink,True,False,0,A_api_status,False,17
api.fishxcode.com,round7,codesearch,confirmed,new-api/one-api系,FishXCode,FishXCode,True,True,3,A_api_status,False,17
api.franklybuilds.com,round2,codesearch,confirmed,new-api/one-api系,FranklyBuildsAPI,FranklyBuildsAPI,True,True,0,A_api_status,False,17
api.frontier-intelligence.tech,round16,codesearch,confirmed,new-api/one-api系,Frontier Intelligence,Frontier Intelligence,True,False,0,A_api_status,False,17
api.geekai.pro,round13,codesearch,confirmed,new-api/one-api系,极客学长API-01,极客学长API-01,True,False,0,A_api_status,False,17
api.getezclaw.com,round16,codesearch,confirmed,new-api/one-api系,API GetEzClaw,API GetEzClaw,True,True,1,A_api_status,False,17
api.getgoapi.com,round11,codesearch,confirmed,new-api/one-api系,GetGoAPI,GetGoAPI,True,True,4,A_api_status,False,17
api.gpt.ge,round16,codesearch,confirmed,new-api/one-api系,V-API,V-API,True,False,5,A_api_status,False,17
api.gptoai.top,round13,codesearch,confirmed,new-api/one-api系,专业中转API,专业中转API,True,True,4,A_api_status,False,17
api.hcnsec.cn,round5,codesearch,confirmed,new-api/one-api系,新疆幻城网安科技公益大模型api,新疆幻城网安科技公益大模型api,True,True,8,A_api_status,False,17
api.hlool.top,round11,codesearch,confirmed,new-api/one-api系,Hlool API,Hlool API,True,False,0,A_api_status,False,17
api.holdai.top,round2,codesearch,confirmed,new-api/one-api系,毫秒API,毫秒API,True,False,5,A_api_status,False,17
api.howlife.cc,round9,codesearch,confirmed,new-api/one-api系,Howlife,Howlife,True,False,0,A_api_status,False,17
api.iamhc.cn,round4,codesearch,confirmed,new-api/one-api系,新疆幻城网安科技公益大模型api,新疆幻城网安科技公益大模型api,True,True,4,A_api_status,False,17
api.icreat.ai,round15,codesearch,confirmed,new-api/one-api系,iCreat Api,iCreat Api,True,True,0,A_api_status,False,17
api.ifopen.ai,round2,codesearch,confirmed,new-api/one-api系,钱多多 API,钱多多 API,True,True,0,A_api_status,False,17
api.ikuncode.cc,round16,codesearch,confirmed,new-api/one-api系,IKunCode,IKunCode,True,True,0,A_api_status,False,17
api.joyzhi.com,round9,codesearch,confirmed,new-api/one-api系,MiloCode,MiloCode,True,True,4,A_api_status,False,17
api.kissapi.ai,round2,codesearch,confirmed,new-api/one-api系,KissAPI,KissAPI,True,True,4,A_api_status,False,17
api.kksj.org,round2,codesearch,confirmed,new-api/one-api系,KKSJ AI模型中转API,KKSJ AI模型中转API,True,True,4,A_api_status,False,17
api.knox.chat,round5,codesearch,confirmed,new-api/one-api系,KnoxChat,KnoxChat,True,False,0,A_api_status,False,17
api.kuaiwenwen.top,round2,codesearch,confirmed,new-api/one-api系,快稳稳 API,快稳稳 API,True,False,0,A_api_status,False,17
api.kwwai.top,round2,codesearch,confirmed,new-api/one-api系,快稳稳 API,快稳稳 API,True,True,4,A_api_status,False,17
api.laozhang.ai,round1,codesearch,confirmed,new-api/one-api系,LaoZhang API,LaoZhang API,True,False,0,A_api_status,False,17
api.lingyaai.cn,round1,codesearch,confirmed,new-api/one-api系,灵芽API,灵芽API,True,False,0,A_api_status,False,17
api.linkapi.ai,round5,codesearch,confirmed,new-api/one-api系,LinkAPI,LinkAPI,True,True,0,A_api_status,False,17
api.linkapi.org,round2,codesearch,confirmed,new-api/one-api系,小豆包API,小豆包API,True,False,5,A_api_status,False,17
api.luccc.uk,round16,codesearch,confirmed,new-api/one-api系,Luccc API,Luccc API,True,True,0,A_api_status,False,17
api.lyjxka.top,round11,codesearch,confirmed,new-api/one-api系,午夜API,午夜API,True,True,0,A_api_status,False,17
api.maoleio.cn,round1,codesearch,confirmed,new-api/one-api系,Maoleio API,Maoleio API,True,True,4,A_api_status,False,17
api.mitchll.com,round11,codesearch,confirmed,new-api/one-api系,Mitchll  API,Mitchll  API,True,True,4,A_api_status,False,17
api.mkeai.com,round2,codesearch,confirmed,new-api/one-api系,MKEAI_AI中转站,MKEAI_AI中转站,True,True,0,A_api_status,False,17
api.mnapi.com,round2,codesearch,confirmed,new-api/one-api系,MN API,MN API,True,False,5,A_api_status,False,17
api.mooko.ai,round10,codesearch,confirmed,new-api/one-api系,木瓜AI-大模型中转平台,木瓜AI-大模型中转平台,True,True,4,A_api_status,False,17
api.mosshubs.com,round1,codesearch,confirmed,new-api/one-api系,Global Model API Transfer Station,Global Model API Transfer Station,True,True,0,A_api_status,False,17
api.n1n.ai,round1,codesearch,confirmed,new-api/one-api系,  ,  ,True,False,8,A_api_status,False,17
api.nbility.dev,round2,codesearch,confirmed,new-api/one-api系,Nbility,Nbility,True,False,1,A_api_status,False,17
api.nekoapi.com,round1,codesearch,confirmed,new-api/one-api系,NekoAPI,NekoAPI,True,True,0,A_api_status,False,17
api.nuwaapi.com,round1,codesearch,confirmed,new-api/one-api系,NUWA,NUWA,True,False,5,A_api_status,False,17
api.onechats.cn,round2,codesearch,confirmed,new-api/one-api系,OneChat API,OneChat API,True,True,3,A_api_status,False,17
api.onechats.top,round2,codesearch,confirmed,new-api/one-api系,OneChat API,OneChat API,True,True,4,A_api_status,False,17
api.openaeon.ai,round16,codesearch,confirmed,new-api/one-api系,openaeon-api,openaeon-api,True,True,4,A_api_status,False,17
api.openai-ch.top,round1,codesearch,confirmed,new-api/one-api系,Galaxy API,Galaxy API,True,True,4,A_api_status,False,17
api.openai-hub.com,round2,codesearch,confirmed,new-api/one-api系,OpenAI-Hub,OpenAI-Hub,True,False,4,A_api_status,False,17
api.openai-labs.com,round1,codesearch,confirmed,new-api/one-api系,Ai实验室,Ai实验室,True,False,1,A_api_status,False,17
api.openai-up.com,round2,codesearch,confirmed,new-api/one-api系,Ai-hub,Ai-hub,True,False,0,A_api_status,False,17
api.openxs.top,round10,codesearch,confirmed,new-api/one-api系,云智 API,云智 API,True,False,5,A_api_status,False,17
api.orcarouter.ai,round4,codesearch,confirmed,new-api/one-api系,OrcaRouter,OrcaRouter,True,False,3,A_api_status,False,17
api.penguinsaichat.dpdns.org,round1,codesearch,confirmed,new-api/one-api系,Penguin Api,Penguin Api,True,True,0,A_api_status,False,17
api.ppchat.vip,round10,codesearch,confirmed,new-api/one-api系,PPCHAT,PPCHAT,True,True,4,A_api_status,False,17
api.pro365.top,round9,codesearch,confirmed,new-api/one-api系,GPTW API,GPTW API,True,True,0,A_api_status,False,17
api.qingyuntop.top,round7,codesearch,confirmed,new-api/one-api系,青云聚合API,青云聚合API,True,False,7,A_api_status,False,17
api.qiuqiutoken.com,round1,codesearch,confirmed,new-api/one-api系,球球Token - AI中转服务站,球球Token - AI中转服务站,True,True,4,A_api_status,False,17
api.qiyiguo.uk,round16,codesearch,confirmed,new-api/one-api系,奇异果 API,奇异果 API,True,True,4,A_api_status,False,17
api.qlhazycoder.top,round5,codesearch,confirmed,new-api/one-api系,Coder API,Coder API,True,True,0,A_api_status,False,17
api.rcouyi.com,round2,codesearch,confirmed,new-api/one-api系,No.1 API-Pro,No.1 API-Pro,True,False,6,A_api_status,False,17
api.rootflowai.com,round16,codesearch,confirmed,new-api/one-api系,RootFlow AI,RootFlow AI,True,False,9,A_api_status,False,17
api.rpg8.cn,round16,codesearch,confirmed,new-api/one-api系,RPG8,RPG8,True,True,4,A_api_status,False,17
api.rtoc.cc,round2,codesearch,confirmed,new-api/one-api系,旋转智能｜Radius to Core,旋转智能｜Radius to Core,True,True,0,A_api_status,False,17
api.satuo66.online,round16,codesearch,confirmed,new-api/one-api系,SaTuoAPI,SaTuoAPI,True,True,0,A_api_status,False,17
api.sbbbbbbbbb.xyz,round16,codesearch,confirmed,new-api/one-api系,Neco Api,Neco Api,True,True,2,A_api_status,False,17
api.shubiaobiao.cn,round2,codesearch,confirmed,new-api/one-api系,数标标API,数标标API,True,False,0,A_api_status,False,17
api.shubiaobiao.com,round2,codesearch,confirmed,new-api/one-api系,,,True,True,4,A_api_status,False,17
api.skyapi.org,round9,codesearch,confirmed,new-api/one-api系,Sky API,Sky API,True,True,1,A_api_status,False,17
api.soruxgpt.com,round2,codesearch,confirmed,new-api/one-api系,SoruxGPT,SoruxGPT,True,True,4,A_api_status,False,17
api.ssopen.top,round2,codesearch,confirmed,new-api/one-api系,SSOPEN,SSOPEN,True,False,2,A_api_status,False,17
api.suchuang.vip,round1,codesearch,confirmed,new-api/one-api系,速创API-稳定可靠的 API 中转站,速创API-稳定可靠的 API 中转站,True,False,0,A_api_status,False,17
api.sunyears.com,round9,codesearch,confirmed,new-api/one-api系,光年AI,光年AI,True,True,4,A_api_status,False,17
api.sychatplus.cc,round2,codesearch,confirmed,new-api/one-api系,SY API,SY API,True,True,4,A_api_status,False,17
api.tallius.ai,round16,codesearch,confirmed,new-api/one-api系,tallius.ai,tallius.ai,True,True,4,A_api_status,False,17
api.timebackward.com,round16,codesearch,confirmed,new-api/one-api系,fast-code,fast-code,True,False,7,A_api_status,False,17
api.tmlab.store,round16,codesearch,confirmed,new-api/one-api系,Z-API,Z-API,True,True,0,A_api_status,False,17
api.tokenrouter.com,round5,codesearch,confirmed,new-api/one-api系,TokenRouter,TokenRouter,True,False,0,A_api_status,False,17
api.tokenshen.top,round10,codesearch,confirmed,new-api/one-api系,tokenShen    联系客服加群,tokenShen    联系客服加群,True,True,4,A_api_status,False,17
api.tsbys.com,round7,codesearch,confirmed,new-api/one-api系,北洋API-AI大模型统一聚合网站：免魔法模型(claude、gpt、gemini)，国内大模型，超低价折扣,北洋API-AI大模型统一聚合网站：免魔法模型(claude、gpt、gemini)，国内大模型，超低价折扣,True,True,4,A_api_status,False,17
api.tu-zi.com,round16,codesearch,confirmed,new-api/one-api系,兔子API,兔子API,True,True,4,A_api_status,False,17
api.twgom.com,round4,codesearch,confirmed,new-api/one-api系,token搬运工,token搬运工,True,True,0,A_api_status,False,17
api.uglycat.cc,round1,codesearch,confirmed,new-api/one-api系,uglycat,uglycat,True,True,4,A_api_status,False,17
api.uniapi.ai,round10,codesearch,confirmed,new-api/one-api系,UniAPI,UniAPI,True,False,5,A_api_status,False,17
api.uniprep.world,round16,codesearch,confirmed,new-api/one-api系,Apex,Apex,True,True,0,A_api_status,False,17
api.unorouter.ai,round9,codesearch,confirmed,new-api/one-api系,Uno Router,Uno Router,True,True,0,A_api_status,False,17
api.uu6.top,round4,codesearch,confirmed,new-api/one-api系,转转AI,转转AI,True,True,4,A_api_status,False,17
api.vbcode.io,round17,codesearch,confirmed,new-api/one-api系,VBCode.io,VBCode.io,True,True,0,A_api_status,False,17
api.vectorengine.ai,round1,codesearch,confirmed,new-api/one-api系,向量引擎,向量引擎,True,False,3,A_api_status,False,17
api.vip.crond.dev,round16,codesearch,confirmed,new-api/one-api系,PRY API,PRY API,True,True,0,A_api_status,False,17
api.vveai.com,round2,codesearch,confirmed,new-api/one-api系,V-API,V-API,True,False,5,A_api_status,False,17
api.whatai.cc,round1,codesearch,confirmed,new-api/one-api系,神马中转API,神马中转API,True,False,6,A_api_status,False,17
api.wlai.vip,round2,codesearch,confirmed,new-api/one-api系,云雾 API ,云雾 API ,True,False,3,A_api_status,False,17
api.wochirou.com,round9,codesearch,confirmed,new-api/one-api系,Chirou API,Chirou API,True,False,8,A_api_status,False,17
api.xaix.me,round16,codesearch,confirmed,new-api/one-api系,xAIx,xAIx,True,True,4,A_api_status,False,17
api.xeduapi.com,round1,codesearch,confirmed,new-api/one-api系,聚合api服务,聚合api服务,True,True,0,A_api_status,False,17
api.xi-ai.cn,round2,codesearch,confirmed,new-api/one-api系,Xi-Api,Xi-Api,True,True,1,A_api_status,False,17
api.xpluse.plus,round1,codesearch,confirmed,new-api/one-api系,数智AI,数智AI,True,True,8,A_api_status,False,17
api.xty.app,round2,codesearch,confirmed,new-api/one-api系,AiCore API,AiCore API,True,True,3,A_api_status,False,17
api.yixia.ai,round10,codesearch,confirmed,new-api/one-api系,ApiBest,ApiBest,True,True,4,A_api_status,False,17
api.ykh.ai,round16,codesearch,confirmed,new-api/one-api系,YKH.AI,YKH.AI,True,True,0,A_api_status,False,17
api.yuegle.com,round1,codesearch,confirmed,new-api/one-api系,yuegle API,yuegle API,True,False,6,A_api_status,False,17
api.yunserver.cn,round16,codesearch,confirmed,new-api/one-api系,YunServer API,YunServer API,True,True,4,A_api_status,False,17
api.yunwu.ai,round1,codesearch,confirmed,new-api/one-api系,云雾 API ,云雾 API ,True,False,3,A_api_status,False,17
api.zhenhaoji.qzz.io,round1,codesearch,confirmed,new-api/one-api系,真好记公益站,真好记公益站,True,True,4,A_api_status,False,17
api000.com,round11,codesearch,confirmed,new-api/one-api系,零度API,零度API,True,True,4,A_api_status,False,17
api1.uiuiapi.com,round9,codesearch,confirmed,new-api/one-api系,UiUi API聚合,UiUi API聚合,True,True,4,A_api_status,False,17
api1.zhtec.xyz,round1,codesearch,confirmed,new-api/one-api系,小海Chat,小海Chat,True,False,0,A_api_status,False,17
api2.aigcbest.top,round1,codesearch,confirmed,new-api/one-api系,钱多多 API,钱多多 API,True,True,0,A_api_status,False,17
api2.penguinsaichat.dpdns.org,round13,codesearch,confirmed,new-api/one-api系,Penguin Api,Penguin Api,True,True,0,A_api_status,False,17
api2.qiuqiutoken.com,round2,codesearch,confirmed,new-api/one-api系,球球Token - AI中转服务站,球球Token - AI中转服务站,True,True,4,A_api_status,False,17
api3.wlai.vip,round1,codesearch,confirmed,new-api/one-api系,云雾 API ,云雾 API ,True,False,1,A_api_status,False,17
api520.pro,round1,codesearch,confirmed,new-api/one-api系,熊猫API,熊猫API,True,True,4,A_api_status,False,17
apicdn.xyc.ai,round15,codesearch,confirmed,new-api/one-api系,XycAi Inc ,XycAi Inc ,True,False,0,A_api_status,False,17
apicn-platform.ope.ai,round1,codesearch,confirmed,new-api/one-api系,Platform Console,Platform Console,True,False,0,A_api_status,False,17
apiddt.com,round16,codesearch,confirmed,new-api/one-api系,DDTokens,DDTokens,True,False,0,A_api_status,False,17
apidock.ai,round14,codesearch,confirmed,new-api/one-api系,APIDOCK,APIDOCK,True,True,4,A_api_status,False,17
apihost.cn,round2,codesearch,confirmed,new-api/one-api系,APIHost AI,APIHost AI,True,True,5,A_api_status,False,17
apimart.ai,round2,codesearch,confirmed,new-api/one-api系,APIMart,APIMart,True,False,4,A_api_status,False,17
apinebula.com,round1,codesearch,confirmed,new-api/one-api系,Nebula API,Nebula API,True,False,2,A_api_status,False,17
apirouter.ai,round2,codesearch,confirmed,new-api/one-api系,接口通,接口通,True,True,4,A_api_status,False,17
arkvision.ai,round14,codesearch,confirmed,new-api/one-api系,Stellark,Stellark,True,True,4,A_api_status,False,17
arpanet.icu,round1,codesearch,confirmed,new-api/one-api系,ARPANET API,ARPANET API,True,True,0,A_api_status,False,17
atomflow.vip,round5,codesearch,confirmed,new-api/one-api系,原子流动,原子流动,True,True,4,A_api_status,False,17
autorouter.io,round16,codesearch,confirmed,new-api/one-api系,AutoRouter,AutoRouter,True,True,0,A_api_status,False,17
avoapi.com,round9,codesearch,confirmed,new-api/one-api系,New API,New API,True,True,0,A_api_status,False,17
axisapi.cn,round10,codesearch,confirmed,new-api/one-api系,Axis Api,Axis Api,True,False,0,A_api_status,False,17
az.zlapi.pro,round1,codesearch,confirmed,new-api/one-api系,zzzzzll API 💕,zzzzzll API 💕,True,True,4,A_api_status,False,17
az.zlapi.vip,round16,codesearch,confirmed,new-api/one-api系,zzzzzll API 💕,zzzzzll API 💕,True,True,4,A_api_status,False,17
azapi.com.cn,round1,codesearch,confirmed,new-api/one-api系,AZ,AZ,True,False,5,A_api_status,False,17
bdshmmkj3.cn,round7,codesearch,confirmed,new-api/one-api系,aicost API,aicost API,True,True,4,A_api_status,False,17
bearlab.ai,round14,codesearch,confirmed,new-api/one-api系,PRY API,PRY API,True,True,0,A_api_status,False,17
beefapi.com,round16,codesearch,confirmed,new-api/one-api系,BeefAPI,BeefAPI,True,True,2,A_api_status,False,17
biyuan.ai,round14,codesearch,confirmed,new-api/one-api系,彼源 AI,彼源 AI,True,False,3,A_api_status,False,17
bobdong.cn,round16,codesearch,confirmed,new-api/one-api系,Bob API,Bob API,True,True,4,A_api_status,False,17
botcf.com,round4,codesearch,confirmed,new-api/one-api系,Bot Compute Fabric,Bot Compute Fabric,True,True,2,A_api_status,False,17
business.newcli.com,round7,codesearch,confirmed,new-api/one-api系,企业专用Api,企业专用Api,True,True,0,A_api_status,False,17
buzzai.cc,round16,codesearch,confirmed,new-api/one-api系,Buzz · AI,Buzz · AI,True,True,4,A_api_status,False,17
buzzai.top,round10,codesearch,confirmed,new-api/one-api系,Buzz · AI,Buzz · AI,True,True,4,A_api_status,False,17
callxyq.xyz,round16,codesearch,confirmed,new-api/one-api系,Ls. API,Ls. API,True,True,0,A_api_status,False,17
camel.kr777.top,round5,codesearch,confirmed,new-api/one-api系,CaMeL AI,CaMeL AI,True,False,3,A_api_status,False,17
catapi.ai,round2,codesearch,confirmed,new-api/one-api系,Cat API,Cat API,True,True,4,A_api_status,False,17
cc-api.chat,round1,codesearch,confirmed,new-api/one-api系,New API,New API,True,True,4,A_api_status,False,17
cc.cwapi.vip,round1,codesearch,confirmed,new-api/one-api系,🦔,🦔,True,True,0,A_api_status,False,17
ccll.xyz,round11,codesearch,confirmed,new-api/one-api系,CCLL.xyz,CCLL.xyz,True,True,4,A_api_status,False,17
cdn.coderelay.cn,round2,codesearch,confirmed,new-api/one-api系,CodeRelay,CodeRelay,True,True,4,A_api_status,False,17
cdn.sta1n.cn,round1,codesearch,confirmed,new-api/one-api系,STA1N API,STA1N API,True,True,0,A_api_status,False,17
chat.innk.cc,round9,codesearch,confirmed,unknown,ePhone AI,ePhone AI,True,False,8,A_api_status,False,17
chatapi.onechats.ai,round9,codesearch,confirmed,new-api/one-api系,OneChat API,OneChat API,True,True,0,A_api_status,False,17
chatapi.onechats.top,round1,codesearch,confirmed,new-api/one-api系,OneChat API,OneChat API,True,True,0,A_api_status,False,17
chatapi.zjt66.top,round13,codesearch,confirmed,new-api/one-api系,熵流 EntroFlux API,熵流 EntroFlux API,True,True,0,A_api_status,False,17
chatfire.cn,round2,codesearch,confirmed,new-api/one-api系,接JieAPI,接JieAPI,True,True,4,A_api_status,False,17
cheapai.ai,round14,codesearch,confirmed,new-api/one-api系,New API,New API,True,True,5,A_api_status,False,17
chiangma.com,round5,codesearch,confirmed,new-api/one-api系,茳吢AI商城『关闭注册®』,茳吢AI商城『关闭注册®』,True,True,0,A_api_status,False,17
chintao.cn,round16,codesearch,confirmed,new-api/one-api系,Chintao AI Hub,Chintao AI Hub,True,True,2,A_api_status,False,17
chongcodex.cn,round14,codesearch,confirmed,new-api/one-api系,HaHaHa-API,HaHaHa-API,True,True,0,A_api_status,False,17
chunxueapi.com,round16,codesearch,confirmed,new-api/one-api系,ChunXue API,ChunXue API,True,True,0,A_api_status,False,17
chybenzun.top,round4,codesearch,confirmed,new-api/one-api系,CHY公益站,CHY公益站,True,True,0,A_api_status,False,17
ciyuan-token.com,round10,codesearch,confirmed,new-api/one-api系,词元token,词元token,True,True,0,A_api_status,False,17
ciyuanshen.top,round6,codesearch,confirmed,new-api/one-api系,词元神 - 全球AI聚合平台,词元神 - 全球AI聚合平台,True,True,0,A_api_status,False,17
clauddy.com,round7,codesearch,confirmed,new-api/one-api系,Clauddy,Clauddy,True,True,4,A_api_status,False,17
claude.bestswifter.com,round1,codesearch,confirmed,new-api/one-api系,ByteClaude,ByteClaude,True,True,4,A_api_status,False,17
claude.buzz7.top,round10,codesearch,confirmed,new-api/one-api系,Buzz · AI,Buzz · AI,True,True,4,A_api_status,False,17
claude360.xyz,round2,codesearch,confirmed,new-api/one-api系,Claude 360,Claude 360,True,True,4,A_api_status,False,17
claudeagent.com.cn,round16,codesearch,confirmed,new-api/one-api系,Claude Agent,Claude Agent,True,False,5,A_api_status,False,17
claudeapi.ai,round10,codesearch,confirmed,new-api/one-api系,AI API Hub,AI API Hub,True,False,4,A_api_status,False,17
claudeapi.io,round2,codesearch,confirmed,new-api/one-api系,ClaudeApi,ClaudeApi,True,True,0,A_api_status,False,17
claudecn.top,round16,codesearch,confirmed,new-api/one-api系,ClaudeCN,ClaudeCN,True,False,2,A_api_status,False,17
claudeforcheap.com,round10,codesearch,confirmed,new-api/one-api系,Cheap Claude Api,Cheap Claude Api,True,True,0,A_api_status,False,17
claudemain.com,round10,codesearch,confirmed,new-api/one-api系,Claudemain,Claudemain,True,True,4,A_api_status,False,17
cli.999554.xyz,round4,codesearch,confirmed,new-api/one-api系,云舟API,云舟API,True,True,4,A_api_status,False,17
cloud.dataeyes.ai,round1,codesearch,confirmed,new-api/one-api系,dataeyes API,dataeyes API,True,False,0,A_api_status,False,17
cloudapi.wdyu.eu.cc,round1,codesearch,confirmed,new-api/one-api系,云端API,云端API,True,True,4,A_api_status,False,17
cn.chrouter.com,round14,codesearch,confirmed,new-api/one-api系,QUNL API,QUNL API,True,False,3,A_api_status,False,17
cn.crazyrouter.com,round5,codesearch,confirmed,new-api/one-api系,Crazyrouter,Crazyrouter,True,False,0,A_api_status,False,17
cn.luckyapi.chat,round9,codesearch,confirmed,new-api/one-api系,Lucky Code,Lucky Code,True,True,4,A_api_status,False,17
cnapi.kksj.org,round1,codesearch,confirmed,new-api/one-api系,KKSJ AI模型中转API,KKSJ AI模型中转API,True,True,4,A_api_status,False,17
coaiwork.com,round2,codesearch,confirmed,new-api/one-api系,CoAI Work,CoAI Work,True,True,4,A_api_status,False,17
code-cli.cn,round4,codesearch,confirmed,new-api/one-api系,Code-CLI,Code-CLI,True,True,4,A_api_status,False,17
code.wenwen-ai.com,round2,codesearch,confirmed,new-api/one-api系,问问Code,问问Code,True,True,3,A_api_status,False,17
code0.ai,round1,codesearch,confirmed,new-api/one-api系,Code0.ai,Code0.ai,True,False,0,A_api_status,False,17
codecdn.bytecatcode.org,round2,codesearch,confirmed,new-api/one-api系,bytecat,bytecat,True,True,0,A_api_status,False,17
codefwd.top,round16,codesearch,confirmed,new-api/one-api系,CodeFwd,CodeFwd,True,True,4,A_api_status,False,17
coderelay.cn,round16,codesearch,confirmed,new-api/one-api系,CodeRelay,CodeRelay,True,True,4,A_api_status,False,17
codexapis.com,round1,codesearch,confirmed,new-api/one-api系,刀刀刀-天才程序员-自己进售后群,刀刀刀-天才程序员-自己进售后群,True,True,4,A_api_status,False,17
coding.trendsetting-ai.com,round2,codesearch,confirmed,new-api/one-api系,Ootvia API,Ootvia API,True,True,0,A_api_status,False,17
cometapi.com,round10,codesearch,confirmed,new-api/one-api系,CometAPI,CometAPI,True,True,5,A_api_status,False,17
computetoken.ai,round1,codesearch,confirmed,new-api/one-api系,Compute Token,Compute Token,True,True,0,A_api_status,False,17
console.claudeapi.com,round1,codesearch,confirmed,new-api/one-api系,Claude Api,Claude Api,True,False,0,A_api_status,False,17
conv.wangmin.xyz,round4,codesearch,confirmed,new-api/one-api系,WM,WM,True,True,4,A_api_status,False,17
cooper-api.com,round16,codesearch,confirmed,new-api/one-api系,Cooper-API,Cooper-API,True,True,1,A_api_status,False,17
crazyrouter.com,round5,codesearch,confirmed,new-api/one-api系,Crazyrouter,Crazyrouter,True,True,8,A_api_status,False,17
cuberouter.ai,round14,codesearch,confirmed,new-api/one-api系,Cube-Router,Cube-Router,True,False,4,A_api_status,False,17
cun.ai,round16,codesearch,confirmed,new-api/one-api系,CUN.AI,CUN.AI,True,True,0,A_api_status,False,17
cy.10dianai.com,round1,codesearch,confirmed,new-api/one-api系,10dian-API企业台,10dian-API企业台,True,True,4,A_api_status,False,17
daikuankm.cn,round2,codesearch,confirmed,new-api/one-api系,aicost API,aicost API,True,True,4,A_api_status,False,17
daodunapi.com,round16,codesearch,confirmed,new-api/one-api系,我的刀盾,我的刀盾,True,True,0,A_api_status,False,17
dapicloud.com,round4,codesearch,confirmed,new-api/one-api系,DAPI,DAPI,True,True,5,A_api_status,False,17
dasuapi.com,round16,codesearch,confirmed,new-api/one-api系,DasuAPI,DasuAPI,True,True,0,A_api_status,False,17
dawclaudecode.com,round16,codesearch,confirmed,new-api/one-api系,DawCode,DawCode,True,True,0,A_api_status,False,17
dddai.dev,round2,codesearch,confirmed,new-api/one-api系,嘀嘀嘀 AI,嘀嘀嘀 AI,True,False,0,A_api_status,False,17
deeprouter.top,round7,codesearch,confirmed,new-api/one-api系,DeepRouter,DeepRouter,True,True,0,A_api_status,False,17
deepseek.perfxlab.cn,round12,codesearch,confirmed,new-api/one-api系,PerfXAgent,PerfXAgent,True,False,0,A_api_status,False,17
dohoya.com,round17,codesearch,confirmed,new-api/one-api系,地板 AI Gateway,地板 AI Gateway,True,True,0,A_api_status,False,17
dongtoken.com,round5,codesearch,confirmed,new-api/one-api系,DongToken,DongToken,True,True,4,A_api_status,False,17
dpapi.cn,round4,codesearch,confirmed,new-api/one-api系,DP Api,DP Api,True,False,0,A_api_status,False,17
easyrouter.io,round6,codesearch,confirmed,new-api/one-api系,EasyRouter,EasyRouter,True,False,0,A_api_status,False,17
eirouter.com,round16,codesearch,confirmed,new-api/one-api系,ei-token,ei-token,True,True,0,A_api_status,False,17
elysiver.h-e.top,round4,codesearch,confirmed,new-api/one-api系,烁,烁,True,True,3,A_api_status,False,17
ephone.ai,round16,codesearch,confirmed,unknown,ePhone AI,ePhone AI,True,False,8,A_api_status,False,17
ergouapi.com,round16,codesearch,confirmed,new-api/one-api系,二狗 API,二狗 API,True,False,3,A_api_status,False,17
fast.poloai.top,round2,codesearch,confirmed,new-api/one-api系,PoloAPI,PoloAPI,True,True,4,A_api_status,False,17
fast.qianxing.pro,round13,codesearch,confirmed,new-api/one-api系,乾行AI,乾行AI,True,True,0,A_api_status,False,17
fast.smartaipro.cn,round2,codesearch,confirmed,new-api/one-api系,New API,New API,True,True,0,A_api_status,False,17
fast.xeduapi.com,round2,codesearch,confirmed,new-api/one-api系,聚合api服务,聚合api服务,True,True,0,A_api_status,False,17
fastcc.ai,round14,codesearch,confirmed,new-api/one-api系,fastcc.ai,fastcc.ai,True,True,4,A_api_status,False,17
ffir.cn,round7,codesearch,confirmed,new-api/one-api系,飞儿API中转站,飞儿API中转站,True,False,4,A_api_status,False,17
fishxcode.com,round16,codesearch,confirmed,new-api/one-api系,FishXCode,FishXCode,True,True,3,A_api_status,False,17
fkclaude.xyz,round10,codesearch,confirmed,new-api/one-api系,FK Claude,FK Claude,True,True,4,A_api_status,False,17
fluxnode.org,round7,codesearch,confirmed,new-api/one-api系,Fluxnode,Fluxnode,True,True,5,A_api_status,False,17
fluxtoken.ai,round14,codesearch,confirmed,new-api/one-api系,FluxToken,FluxToken,True,False,4,A_api_status,False,17
free.learn-ai.top,round16,codesearch,confirmed,new-api/one-api系,learn-ai 公益站,learn-ai 公益站,True,True,3,A_api_status,False,17
freeapi.dgbmc.top,round1,codesearch,confirmed,new-api/one-api系,DGB 公益站,DGB 公益站,True,True,4,A_api_status,False,17
fuhuacloud.ai,round14,codesearch,confirmed,new-api/one-api系,FuhuaCloud AI,FuhuaCloud AI,True,True,0,A_api_status,False,17
funnyskill.com,round16,codesearch,confirmed,new-api/one-api系,范尼API,范尼API,True,False,6,A_api_status,False,17
fushengyunsuan.cn,round5,codesearch,confirmed,new-api/one-api系,浮生云算,浮生云算,True,False,0,A_api_status,False,17
fushengyunsuan.com,round16,codesearch,confirmed,new-api/one-api系,浮生云算,浮生云算,True,False,0,A_api_status,False,17
futurmix.ai,round16,codesearch,confirmed,new-api/one-api系,FuturMix,FuturMix,True,False,6,A_api_status,False,17
gatewayapi.ai,round14,codesearch,confirmed,new-api/one-api系,GatewayApi,GatewayApi,True,True,4,A_api_status,False,17
geeknow.ai,round1,codesearch,confirmed,new-api/one-api系,GeekAI,GeekAI,True,True,4,A_api_status,False,17
geminiapi.ai,round10,codesearch,confirmed,new-api/one-api系,New API,New API,True,True,4,A_api_status,False,17
getunikey.ai,round14,codesearch,confirmed,new-api/one-api系,UNIKEY,UNIKEY,True,False,0,A_api_status,False,17
ggrokheavy.xyz,round6,codesearch,confirmed,new-api/one-api系,GGgrok,GGgrok,True,True,0,A_api_status,False,17
globalai.vip,round1,codesearch,confirmed,new-api/one-api系,Global AI,Global AI,True,True,4,A_api_status,False,17
goapi.gptnb.ai,round2,codesearch,confirmed,new-api/one-api系,GPTNB GOAPI,GPTNB GOAPI,True,False,1,A_api_status,False,17
goapis.vip,round2,codesearch,confirmed,new-api/one-api系,Go APIs,Go APIs,True,True,4,A_api_status,False,17
gogogotoken.ai,round14,codesearch,confirmed,new-api/one-api系,gogogoToken API,gogogoToken API,True,True,4,A_api_status,False,17
gongyi.subisle.cc,round11,codesearch,confirmed,new-api/one-api系,西瓜狗,西瓜狗,True,True,0,A_api_status,False,17
gpt-pool.com,round1,codesearch,confirmed,new-api/one-api系,GPT Pool,GPT Pool,True,True,0,A_api_status,False,17
gua.guagua.uk,round16,codesearch,confirmed,new-api/one-api系,☀️Sunny PumpkinAPI,☀️Sunny PumpkinAPI,True,True,0,A_api_status,False,17
gw.claudeapi.com,round2,codesearch,confirmed,new-api/one-api系,Claude Api,Claude Api,True,False,0,A_api_status,False,17
gyapi.zxiaoruan.cn,round1,codesearch,confirmed,new-api/one-api系,ThatAPI,ThatAPI,True,True,0,A_api_status,False,17
gzxsy.vip,round5,codesearch,confirmed,new-api/one-api系,星思研,星思研,True,False,4,A_api_status,False,17
hboom.ai,round9,codesearch,confirmed,new-api/one-api系,Hboom,Hboom,True,False,0,A_api_status,False,17
helpcoder.cc,round4,codesearch,confirmed,new-api/one-api系,帮帮程序员,帮帮程序员,True,True,4,A_api_status,False,17
heykey.ai,round14,codesearch,confirmed,new-api/one-api系,HeyKey,HeyKey,True,True,0,A_api_status,False,17
hiapi.store,round16,codesearch,confirmed,new-api/one-api系,hi-api,hi-api,True,True,4,A_api_status,False,17
hk.hhnto.top,round16,codesearch,confirmed,new-api/one-api系,hhnto的API中转,hhnto的API中转,True,True,4,A_api_status,False,17
hk.vbcode.io,round17,codesearch,confirmed,new-api/one-api系,VBCode.io,VBCode.io,True,True,0,A_api_status,False,17
hk.xty.app,round7,codesearch,confirmed,new-api/one-api系,AiCore API,AiCore API,True,True,3,A_api_status,False,17
hohoapi.com,round1,codesearch,confirmed,new-api/one-api系,HoHoApi,HoHoApi,True,True,5,A_api_status,False,17
holamexicali.com,round14,codesearch,confirmed,new-api/one-api系,New API,New API,True,True,0,A_api_status,False,17
home.moleapi.com,round7,codesearch,confirmed,new-api/one-api系,MoleAPI,MoleAPI,True,True,4,A_api_status,False,17
hottoken.ai,round14,codesearch,confirmed,new-api/one-api系,New API,New API,True,True,0,A_api_status,False,17
huaci.ai,round14,codesearch,confirmed,new-api/one-api系,华元 API,华元 API,True,False,7,A_api_status,False,17
huashang.dpdns.org,round5,codesearch,confirmed,new-api/one-api系,New API,New API,True,True,4,A_api_status,False,17
huasuan.ai,round14,codesearch,confirmed,new-api/one-api系,华算 API,华算 API,True,False,7,A_api_status,False,17
huiyun.asia,round16,codesearch,confirmed,new-api/one-api系,汇云AI,汇云AI,True,False,5,A_api_status,False,17
hyperapi.cc,round2,codesearch,confirmed,new-api/one-api系,Hyper API,Hyper API,True,True,0,A_api_status,False,17
image.fushengyunsuan.cn,round4,codesearch,confirmed,new-api/one-api系,浮生云算,浮生云算,True,True,0,A_api_status,False,17
indotoken.ai,round14,codesearch,confirmed,new-api/one-api系,Indo Token,Indo Token,True,False,1,A_api_status,False,17
infistar.ai,round1,codesearch,confirmed,new-api/one-api系,无限星河,无限星河,True,True,4,A_api_status,False,17
jarvis.ccwu.cc,round6,codesearch,confirmed,new-api/one-api系,Jarvis API,Jarvis API,True,True,0,A_api_status,False,17
jbbtoken.cn,round16,codesearch,confirmed,new-api/one-api系,jbb,jbb,True,True,3,A_api_status,False,17
jeniya.cn,round6,codesearch,confirmed,new-api/one-api系,简易-API中转站-专业的AI大模型API接口中转站平台API供应商,简易-API中转站-专业的AI大模型API接口中转站平台API供应商,True,False,6,A_api_status,False,17
jeniya.top,round5,codesearch,confirmed,new-api/one-api系,简易-API中转站-专业的AI大模型API接口中转站平台API供应商,简易-API中转站-专业的AI大模型API接口中转站平台API供应商,True,False,6,A_api_status,False,17
jianzhile.vip,round4,codesearch,confirmed,new-api/one-api系,简直了,简直了,True,True,4,A_api_status,False,17
jiuuij.de5.net,round4,codesearch,confirmed,new-api/one-api系,Joverna,Joverna,True,True,3,A_api_status,False,17
jmyr.net,round16,codesearch,confirmed,new-api/one-api系,JmyR,JmyR,True,False,5,A_api_status,False,17
jojocode.com,round5,codesearch,confirmed,new-api/one-api系,JOJO Code 聚合,JOJO Code 聚合,True,True,0,A_api_status,False,17
juxingai.top,round16,codesearch,confirmed,new-api/one-api系,聚星AI,聚星AI,True,False,5,A_api_status,False,17
key.wenwen-ai.com,round2,codesearch,confirmed,new-api/one-api系,APIPro,APIPro,True,False,0,A_api_status,False,17
kingflow.ai,round14,codesearch,confirmed,new-api/one-api系,KingFlow AI,KingFlow AI,True,False,7,A_api_status,False,17
koalaapi.com,round1,codesearch,confirmed,new-api/one-api系,koalaapi,koalaapi,True,True,7,A_api_status,False,17
krizai.ai,round14,codesearch,confirmed,new-api/one-api系,灵枢 AI,灵枢 AI,True,True,4,A_api_status,False,17
kunpengyr.xyz,round14,codesearch,confirmed,new-api/one-api系,鲲鹏api,鲲鹏api,True,False,3,A_api_status,False,17
lanxiu.cc,round13,codesearch,confirmed,new-api/one-api系,哈基米 API,哈基米 API,True,True,0,A_api_status,False,17
learn-ai.top,round1,codesearch,confirmed,new-api/one-api系,Learn-AI,Learn-AI,True,True,4,A_api_status,False,17
linkapi.ai,round16,codesearch,confirmed,new-api/one-api系,LinkAPI,LinkAPI,True,True,0,A_api_status,False,17
linoapi.com.cn,round9,codesearch,confirmed,new-api/one-api系,Lino API,Lino API,True,False,2,A_api_status,False,17
llm.indrin.cn,round1,codesearch,confirmed,new-api/one-api系,LLM API,LLM API,True,True,0,A_api_status,False,17
llmgw.cn,round16,codesearch,confirmed,new-api/one-api系,,,True,False,1,A_api_status,False,17
longshang.pro,round4,codesearch,confirmed,new-api/one-api系,LONGSHANG 龍殤,LONGSHANG 龍殤,True,True,0,A_api_status,False,17
loyal-agent.ai,round14,codesearch,confirmed,new-api/one-api系,Loyal,Loyal,True,False,4,A_api_status,False,17
lulurouter.com,round1,codesearch,confirmed,new-api/one-api系,LuLuRouter,LuLuRouter,True,False,0,A_api_status,False,17
lumibest.cc,round4,codesearch,confirmed,new-api/one-api系,Lumi,Lumi,True,True,0,A_api_status,False,17
lxtech.icu,round6,codesearch,confirmed,new-api/one-api系,LXAPI,LXAPI,True,True,0,A_api_status,False,17
magic666.top,round4,codesearch,confirmed,new-api/one-api系,即刻AI - 即刻拥抱最新AI技术,即刻AI - 即刻拥抱最新AI技术,True,True,4,A_api_status,False,17
maoyulin.xyz,round11,codesearch,confirmed,new-api/one-api系,猫羽雫API,猫羽雫API,True,True,4,A_api_status,False,17
marting.pro,round6,codesearch,confirmed,new-api/one-api系,词元,词元,True,False,1,A_api_status,False,17
maryandthedot.com,round6,codesearch,confirmed,new-api/one-api系,New API,New API,True,True,0,A_api_status,False,17
max20.cn,round16,codesearch,confirmed,new-api/one-api系,Baby ,Baby ,True,True,0,A_api_status,False,17
metapi.lilililwan.xyz,round13,codesearch,confirmed,new-api/one-api系,liWAN LAB,liWAN LAB,True,True,0,A_api_status,False,17
metoken.ai,round14,codesearch,confirmed,new-api/one-api系,MeToken AI,MeToken AI,True,False,0,A_api_status,False,17
micuapi.ai,round2,codesearch,confirmed,new-api/one-api系,米醋API ,米醋API ,True,True,4,A_api_status,False,17
mikucode.xyz,round4,codesearch,confirmed,new-api/one-api系,MIKUCODE,MIKUCODE,True,True,4,A_api_status,False,17
mingyu.it.com,round6,codesearch,confirmed,new-api/one-api系,元启智科,元启智科,True,True,4,A_api_status,False,17
minitoken.top,round16,codesearch,confirmed,new-api/one-api系,云算 API,云算 API,True,False,6,A_api_status,False,17
mmaqq.top,round6,codesearch,confirmed,new-api/one-api系,银河AI,银河AI,True,True,0,A_api_status,False,17
mnapi.com,round16,codesearch,confirmed,new-api/one-api系,MN API,MN API,True,False,0,A_api_status,False,17
model.zhengshuyun.net,round1,codesearch,confirmed,new-api/one-api系,wocao.ai,wocao.ai,True,False,0,A_api_status,False,17
modelapi.co,round12,codesearch,confirmed,new-api/one-api系,Model API,Model API,True,False,4,A_api_status,False,17
modelcode.one,round5,codesearch,confirmed,new-api/one-api系,modelcode,modelcode,True,True,4,A_api_status,False,17
modelpier.ai,round14,codesearch,confirmed,new-api/one-api系,New API,New API,True,False,1,A_api_status,False,17
mofas.one,round13,codesearch,confirmed,new-api/one-api系,魔方公益站,魔方公益站,True,True,4,A_api_status,False,17
monking.ai,round1,codesearch,confirmed,new-api/one-api系,MonkingAI,MonkingAI,True,True,3,A_api_status,False,17
moyuu.cc,round4,codesearch,confirmed,new-api/one-api系,Moyuu AI,Moyuu AI,True,True,0,A_api_status,False,17
naitok.ai,round14,codesearch,confirmed,new-api/one-api系,Naitok API,Naitok API,True,False,0,A_api_status,False,17
nano.580ai.net,round2,codesearch,confirmed,new-api/one-api系,Nano banana,Nano banana,True,False,0,A_api_status,False,17
nbility.dev,round16,codesearch,confirmed,new-api/one-api系,Nbility,Nbility,True,True,6,A_api_status,False,17
nekoapi.com,round9,codesearch,confirmed,new-api/one-api系,NekoAPI,NekoAPI,True,True,0,A_api_status,False,17
new-api-bxhm.onrender.com,round1,codesearch,confirmed,new-api/one-api系,API分享站,API分享站,True,True,4,A_api_status,False,17
new-api-latest-1-eu26.onrender.com,round1,codesearch,confirmed,new-api/one-api系,New API,New API,True,True,3,A_api_status,False,17
new-api.koyeb.app,round1,codesearch,confirmed,new-api/one-api系,SWT-AI_API（Free）,SWT-AI_API（Free）,True,True,0,A_api_status,False,17
new-api.xt-url.com,round1,codesearch,confirmed,new-api/one-api系,小天公益站,小天公益站,True,True,4,A_api_status,False,17
new.123nhh.xyz,round6,codesearch,confirmed,new-api/one-api系,New API,New API,True,True,3,A_api_status,False,17
new.12ai.org,round7,codesearch,confirmed,new-api/one-api系,12API,12API,True,True,4,A_api_status,False,17
newapi.777358.xyz,round1,codesearch,confirmed,new-api/one-api系,三七中转,三七中转,True,True,0,A_api_status,False,17
newapi.imagic.eu.org,round13,codesearch,confirmed,new-api/one-api系,iMeagicAPI,iMeagicAPI,True,True,4,A_api_status,False,17
newapi.jianxiaozhi.chat,round1,codesearch,confirmed,new-api/one-api系,简小智API中转站,简小智API中转站,True,True,3,A_api_status,False,17
newapi.neokoaigc.com,round1,codesearch,confirmed,new-api/one-api系,New API,New API,True,True,4,A_api_status,False,17
newapi.prorisehub.com,round5,codesearch,confirmed,new-api/one-api系,Pro API,Pro API,True,True,0,A_api_status,False,17
newapi.qwqtao.one,round1,codesearch,confirmed,new-api/one-api系,Tao API,Tao API,True,True,0,A_api_status,False,17
newapi.youkies.space,round1,codesearch,confirmed,new-api/one-api系,Youkies API,Youkies API,True,False,0,A_api_status,False,17
nexaxis.ai,round16,codesearch,confirmed,new-api/one-api系,NEXAXIS ,NEXAXIS ,True,True,4,A_api_status,False,17
next.aigc2d.com,round7,codesearch,confirmed,new-api/one-api系,AIGC2D,AIGC2D,True,False,7,A_api_status,False,17
nexusapi.cn,round7,codesearch,confirmed,new-api/one-api系,nexus,nexus,True,False,1,A_api_status,False,17
nikoapi.xyz,round1,codesearch,confirmed,new-api/one-api系,NikoAPI,NikoAPI,True,True,0,A_api_status,False,17
niubiai.ai,round14,codesearch,confirmed,new-api/one-api系,NBAI,NBAI,True,True,5,A_api_status,False,17
nodapi.com,round1,codesearch,confirmed,new-api/one-api系,NodAPI,NodAPI,True,False,7,A_api_status,False,17
oai2api.com,round9,codesearch,confirmed,new-api/one-api系,OAI2API,OAI2API,True,True,0,A_api_status,False,17
octoken.com.cn,round2,codesearch,confirmed,new-api/one-api系,Octoken,Octoken,True,False,2,A_api_status,False,17
officesai.top,round16,codesearch,confirmed,new-api/one-api系,Offices AI,Offices AI,True,True,0,A_api_status,False,17
ogog.ai,round16,codesearch,confirmed,new-api/one-api系,OGOG.AI,OGOG.AI,True,True,4,A_api_status,False,17
one-api.aiporters.com,round2,codesearch,confirmed,new-api/one-api系,One API,One API,True,True,4,A_api_status,False,17
one-api.bltcy.top,round2,codesearch,confirmed,new-api/one-api系,柏拉图AI,柏拉图AI,True,False,6,A_api_status,False,17
one.aiskt.com,round9,codesearch,confirmed,new-api/one-api系,AiSKT API,AiSKT API,True,False,1,A_api_status,False,17
one.ocoolai.com,round2,codesearch,confirmed,new-api/one-api系,ocoolAI,ocoolAI,True,False,15,A_api_status,False,17
oneapi.gptnb.ai,round2,codesearch,confirmed,new-api/one-api系,GPTNB ONEAPI,GPTNB ONEAPI,True,True,1,A_api_status,False,17
oneapi.paintbot.top,round1,codesearch,confirmed,new-api/one-api系,Pro API,Pro API,True,True,4,A_api_status,False,17
oneapi.xty.app,round7,codesearch,confirmed,new-api/one-api系,AiCore API,AiCore API,True,True,3,A_api_status,False,17
oneapi.zaiwen.top,round4,codesearch,confirmed,new-api/one-api系,ZaiwenOneAPI,ZaiwenOneAPI,True,True,3,A_api_status,False,17
onetoken.one,round2,codesearch,confirmed,new-api/one-api系,OneToken,OneToken,True,True,4,A_api_status,False,17
oogaming.cn,round7,codesearch,confirmed,new-api/one-api系,aicost API,aicost API,True,True,4,A_api_status,False,17
open.cherryin.ai,round2,codesearch,confirmed,new-api/one-api系,CherryIN,CherryIN,True,True,4,A_api_status,False,17
open.cherryin.net,round5,codesearch,confirmed,new-api/one-api系,CherryIN,CherryIN,True,True,4,A_api_status,False,17
open.xiaojingai.com,round1,codesearch,confirmed,new-api/one-api系,小鲸 AI 开放平台,小鲸 AI 开放平台,True,True,0,A_api_status,False,17
openai-labs.com,round1,codesearch,confirmed,new-api/one-api系,Ai实验室,Ai实验室,True,False,1,A_api_status,False,17
openclawroot.com,round5,codesearch,confirmed,new-api/one-api系,橘子的浮光AI智能,橘子的浮光AI智能,True,True,4,A_api_status,False,17
openiapi.com,round7,codesearch,confirmed,new-api/one-api系,OpenIAPI.com,OpenIAPI.com,True,False,5,A_api_status,False,17
orcarouter.ai,round5,codesearch,confirmed,new-api/one-api系,OrcaRouter,OrcaRouter,True,False,3,A_api_status,False,17
packyapi.com,round16,codesearch,confirmed,new-api/one-api系,PackyAPI,PackyAPI,True,False,4,A_api_status,False,17
panel.model-port.xyz,round10,codesearch,confirmed,new-api/one-api系,NovaMesh AI,NovaMesh AI,True,True,8,A_api_status,False,17
platform.ephone.ai,round2,codesearch,confirmed,unknown,ePhone AI,ePhone AI,True,False,8,A_api_status,False,17
playclaude.xyz,round5,codesearch,confirmed,new-api/one-api系,PlayClaude API,PlayClaude API,True,True,3,A_api_status,False,17
plushub.ai,round14,codesearch,confirmed,new-api/one-api系,PLUSHUB,PLUSHUB,True,False,4,A_api_status,False,17
poloai.top,round1,codesearch,confirmed,new-api/one-api系,PoloAPI,PoloAPI,True,True,4,A_api_status,False,17
poloapi.top,round2,codesearch,confirmed,new-api/one-api系,PoloAPI,PoloAPI,True,True,4,A_api_status,False,17
poooai.com,round7,codesearch,confirmed,new-api/one-api系,PoooAI,PoooAI,True,True,4,A_api_status,False,17
pro.aiskt.com,round2,codesearch,confirmed,new-api/one-api系,AiSKT API,AiSKT API,True,False,1,A_api_status,False,17
qinzhiai.com,round2,codesearch,confirmed,new-api/one-api系,ClaudeHub,ClaudeHub,True,False,6,A_api_status,False,17
qiuqiutoken.com,round16,codesearch,confirmed,new-api/one-api系,球球Token - AI中转服务站,球球Token - AI中转服务站,True,True,4,A_api_status,False,17
racetozero.org.cn,round7,codesearch,confirmed,new-api/one-api系,aicost API,aicost API,True,True,4,A_api_status,False,17
realmrouter.cn,round7,codesearch,confirmed,new-api/one-api系,RealmRouter,RealmRouter,True,True,4,A_api_status,False,17
relaydance.com,round9,codesearch,confirmed,new-api/one-api系,Relaydance,Relaydance,True,True,1,A_api_status,False,17
rinkoai.com,round5,codesearch,confirmed,new-api/one-api系,RinkoAI,RinkoAI,True,True,4,A_api_status,False,17
riserouter.ai,round14,codesearch,confirmed,new-api/one-api系,Rise Router,Rise Router,True,True,4,A_api_status,False,17
routeeasy.ai,round14,codesearch,confirmed,new-api/one-api系,RouteEasy,RouteEasy,True,True,0,A_api_status,False,17
router.8864k.com,round9,codesearch,confirmed,new-api/one-api系,8864k API,8864k API,True,False,10,A_api_status,False,17
runapi.co,round16,codesearch,confirmed,new-api/one-api系,Run API,Run API,True,True,5,A_api_status,False,17
s.lconai.com,round9,codesearch,confirmed,new-api/one-api系,智创聚合API,智创聚合API,True,True,4,A_api_status,False,17
sakuradori.dpdns.org,round6,codesearch,confirmed,new-api/one-api系,Old API,Old API,True,True,4,A_api_status,False,17
sg.uiuiapi.com,round2,codesearch,confirmed,new-api/one-api系,UiUiAPI聚合平台,UiUiAPI聚合平台,True,True,7,A_api_status,False,17
shareapi.ai,round14,codesearch,confirmed,new-api/one-api系,Share API,Share API,True,True,0,A_api_status,False,17
shen-ai-xie.ai,round14,codesearch,confirmed,new-api/one-api系,神爱写 AI Hub,神爱写 AI Hub,True,False,0,A_api_status,False,17
skillto.ai,round14,codesearch,confirmed,new-api/one-api系,New API,New API,True,True,0,A_api_status,False,17
skyapi.org,round12,codesearch,confirmed,new-api/one-api系,Sky API,Sky API,True,True,1,A_api_status,False,17
spritnest.com,round1,codesearch,confirmed,new-api/one-api系,Spritnest API,Spritnest API,True,True,4,A_api_status,False,17
subrouter.ai,round16,codesearch,confirmed,new-api/one-api系,SubRouter,SubRouter,True,False,0,A_api_status,False,17
sudobug.top,round16,codesearch,confirmed,new-api/one-api系,SudoBug,SudoBug,True,True,0,A_api_status,False,17
sudocode.us,round16,codesearch,confirmed,new-api/one-api系,SudoCode,SudoCode,True,False,3,A_api_status,False,17
superapi.buzz,round16,codesearch,confirmed,new-api/one-api系,SuperAPI,SuperAPI,True,True,0,A_api_status,False,17
svip.xty.app,round4,codesearch,confirmed,new-api/one-api系,AiCore,AiCore,True,True,4,A_api_status,False,17
switchbase.vip,round16,codesearch,confirmed,new-api/one-api系,SwitchBase,SwitchBase,True,True,0,A_api_status,False,17
taluna.ai,round14,codesearch,confirmed,new-api/one-api系,Taluna,Taluna,True,False,0,A_api_status,False,17
thestocklist.site,round16,codesearch,confirmed,new-api/one-api系,Flux API,Flux API,True,True,0,A_api_status,False,17
thousandengine.com,round7,codesearch,confirmed,new-api/one-api系,千算引擎,千算引擎,True,False,3,A_api_status,False,17
tian-shu.org,round16,codesearch,confirmed,new-api/one-api系,天枢,天枢,True,False,0,A_api_status,False,17
tiantianai.pro,round2,codesearch,confirmed,new-api/one-api系,TianTian API,TianTian API,True,True,0,A_api_status,False,17
tieapi.com,round16,codesearch,confirmed,new-api/one-api系,TieAPI,TieAPI,True,True,4,A_api_status,False,17
tiger.bookapi.cc,round1,codesearch,confirmed,new-api/one-api系,TigerApi,TigerApi,True,False,2,A_api_status,False,17
tokendodo.ai,round14,codesearch,confirmed,new-api/one-api系,TokenDoDo,TokenDoDo,True,False,4,A_api_status,False,17
tokeness.cn,round16,codesearch,confirmed,new-api/one-api系,Tokeness,Tokeness,True,False,0,A_api_status,False,17
tokeneum.ai,round15,codesearch,confirmed,new-api/one-api系,TokenEum,TokenEum,True,False,4,A_api_status,False,17
tokenget.ai,round14,codesearch,confirmed,new-api/one-api系,TokenGet,TokenGet,True,False,1,A_api_status,False,17
tokenlb.net,round13,codesearch,confirmed,new-api/one-api系,tokenlb,tokenlb,True,True,0,A_api_status,False,17
tokenopen.ai,round14,codesearch,confirmed,new-api/one-api系,TOKENOPEN,TOKENOPEN,True,False,2,A_api_status,False,17
tokenvalley.ai,round14,codesearch,confirmed,new-api/one-api系,TokenValley,TokenValley,True,False,0,A_api_status,False,17
tongapi.com,round16,codesearch,confirmed,new-api/one-api系,通API,通API,True,True,4,A_api_status,False,17
torchai.ai,round13,codesearch,confirmed,new-api/one-api系,Torch  AI,Torch  AI,True,True,0,A_api_status,False,17
traxnode.com,round16,codesearch,confirmed,new-api/one-api系,Traxnode,Traxnode,True,True,4,A_api_status,False,17
treerouter.com,round6,codesearch,confirmed,new-api/one-api系,TreeRouter,TreeRouter,True,True,7,A_api_status,False,17
trumpapi.ai,round14,codesearch,confirmed,new-api/one-api系,Trump API (川普API),Trump API (川普API),True,True,0,A_api_status,False,17
uniapi.ai,round2,codesearch,confirmed,new-api/one-api系,UniAPI,UniAPI,True,False,5,A_api_status,False,17
us.ifopen.ai,round16,codesearch,confirmed,new-api/one-api系,钱多多 API,钱多多 API,True,False,0,A_api_status,False,17
user.tocodex.com,round16,codesearch,confirmed,new-api/one-api系,ToCodex,ToCodex,True,True,4,A_api_status,False,17
v-api.de5.net,round10,codesearch,confirmed,new-api/one-api系,V - API ,V - API ,True,True,0,A_api_status,False,17
vbcode.io,round2,codesearch,confirmed,new-api/one-api系,VBCode.io,VBCode.io,True,True,0,A_api_status,False,17
vectorengine.ai,round7,codesearch,confirmed,new-api/one-api系,向量引擎,向量引擎,True,False,3,A_api_status,False,17
venlacy.com,round14,codesearch,confirmed,new-api/one-api系,莹のAPI,莹のAPI,True,True,4,A_api_status,False,17
vera-hub.ai,round14,codesearch,confirmed,new-api/one-api系,VeraHub,VeraHub,True,False,0,A_api_status,False,17
vibecodingapi.ai,round1,codesearch,confirmed,new-api/one-api系,lionCC狮子API,lionCC狮子API,True,True,4,A_api_status,False,17
vip.lcodex.cn,round1,codesearch,confirmed,new-api/one-api系,钧澈API,钧澈API,True,True,4,A_api_status,False,17
vip.undyingapi.com,round1,codesearch,confirmed,new-api/one-api系,Undy API,Undy API,True,True,4,A_api_status,False,17
vsllm.com,round4,codesearch,confirmed,new-api/one-api系,维云模型开放平台,维云模型开放平台,True,True,6,A_api_status,False,17
vvcode.top,round1,codesearch,confirmed,new-api/one-api系,VVCode,VVCode,True,False,4,A_api_status,False,17
web3router.ai,round14,codesearch,confirmed,new-api/one-api系,Web3Router,Web3Router,True,True,0,A_api_status,False,17
webchannel.ai,round14,codesearch,confirmed,new-api/one-api系,WebChannel,WebChannel,True,True,0,A_api_status,False,17
wellapi.ai,round11,codesearch,confirmed,new-api/one-api系,WellAPI,WellAPI,True,False,4,A_api_status,False,17
whyyapi.com,round5,codesearch,confirmed,new-api/one-api系,WhyymCode,WhyymCode,True,True,4,A_api_status,False,17
willapi.one,round5,codesearch,confirmed,new-api/one-api系,New API,New API,True,True,4,A_api_status,False,17
wintoken.dev,round16,codesearch,confirmed,new-api/one-api系,CUN.AI,CUN.AI,True,True,0,A_api_status,False,17
wkapi.club,round16,codesearch,confirmed,new-api/one-api系,悟空API,悟空API,True,True,1,A_api_status,False,17
wochirou.com,round9,codesearch,confirmed,new-api/one-api系,Chirou API,Chirou API,True,False,8,A_api_status,False,17
wolfai.top,round2,codesearch,confirmed,new-api/one-api系,WolfAI - 全球AI聚合平台,WolfAI - 全球AI聚合平台,True,True,0,A_api_status,False,17
www.5cookie.cc,round14,codesearch,confirmed,new-api/one-api系,5Cookie Code,5Cookie Code,True,True,0,A_api_status,False,17
www.78code.cc,round11,codesearch,confirmed,new-api/one-api系,78 code,78 code,True,True,4,A_api_status,False,17
www.ai-openclaw.one,round7,codesearch,confirmed,new-api/one-api系,CR.Ai,CR.Ai,True,True,4,A_api_status,False,17
www.ai-wave.org,round9,codesearch,confirmed,new-api/one-api系,AI Wave,AI Wave,True,False,3,A_api_status,False,17
www.aiartmirror.com,round7,codesearch,confirmed,new-api/one-api系,AIArtMirror,AIArtMirror,True,True,4,A_api_status,False,17
www.aladingapi.cc,round1,codesearch,confirmed,new-api/one-api系,阿拉丁 API,阿拉丁 API,True,True,4,A_api_status,False,17
www.amutes.com,round10,codesearch,confirmed,new-api/one-api系,阿姆特斯,阿姆特斯,True,True,0,A_api_status,False,17
www.ananapi.com,round1,codesearch,confirmed,new-api/one-api系,AnAnAPI,AnAnAPI,True,False,4,A_api_status,False,17
www.boxying.com,round11,codesearch,confirmed,new-api/one-api系,Boxying,Boxying,True,True,4,A_api_status,False,17
www.cctq.ai,round7,codesearch,confirmed,new-api/one-api系,CCTQ,CCTQ,True,True,4,A_api_status,False,17
www.code-cli.cn,round12,codesearch,confirmed,new-api/one-api系,Code-CLI,Code-CLI,True,True,4,A_api_status,False,17
www.codexapis.com,round17,codesearch,confirmed,new-api/one-api系,刀刀刀-天才程序员-自己进售后群,刀刀刀-天才程序员-自己进售后群,True,True,4,A_api_status,False,17
www.cometapi.com,round7,codesearch,confirmed,new-api/one-api系,CometAPI,CometAPI,True,True,5,A_api_status,False,17
www.crazyrouter.com,round5,codesearch,confirmed,new-api/one-api系,Crazyrouter,Crazyrouter,True,True,8,A_api_status,False,17
www.deerapi.com,round6,codesearch,confirmed,new-api/one-api系,DeerAPI ,DeerAPI ,True,False,5,A_api_status,False,17
www.dmxapi.cn,round1,codesearch,confirmed,new-api/one-api系,DMXAPI官网：中国多模态大模型API聚合平台,DMXAPI官网：中国多模态大模型API聚合平台,True,False,4,A_api_status,False,17
www.dmxapi.com,round7,codesearch,confirmed,new-api/one-api系,DMXAPI Global,DMXAPI Global,True,True,0,A_api_status,False,17
www.dohoya.com,round17,codesearch,confirmed,new-api/one-api系,地板 AI Gateway,地板 AI Gateway,True,True,0,A_api_status,False,17
www.duckcoding.ai,round1,codesearch,confirmed,new-api/one-api系,DuckCoding,DuckCoding,True,True,0,A_api_status,False,17
www.eirouter.com,round7,codesearch,confirmed,new-api/one-api系,ei-token,ei-token,True,True,0,A_api_status,False,17
www.freezapi.eu.cc,round1,codesearch,confirmed,new-api/one-api系,freez API,freez API,True,True,4,A_api_status,False,17
www.fucheers.top,round5,codesearch,confirmed,new-api/one-api系,Fucheers,Fucheers,True,True,4,A_api_status,False,17
www.fuxingapi.com,round13,codesearch,confirmed,new-api/one-api系,福星 API,福星 API,True,True,0,A_api_status,False,17
www.gogoapi.cloud,round1,codesearch,confirmed,new-api/one-api系,GOGOAPI,GOGOAPI,True,False,2,A_api_status,False,17
www.huanapi.com,round1,codesearch,confirmed,new-api/one-api系,换API,换API,True,True,5,A_api_status,False,17
www.kuaiaiapi.com,round10,codesearch,confirmed,new-api/one-api系,kuaiai,kuaiai,True,True,4,A_api_status,False,17
www.llmhub.com.cn,round7,codesearch,confirmed,new-api/one-api系,LLM Hub,LLM Hub,True,False,8,A_api_status,False,17
www.micuapi.ai,round1,codesearch,confirmed,new-api/one-api系,米醋API ,米醋API ,True,True,4,A_api_status,False,17
www.mnapi.com,round1,codesearch,confirmed,new-api/one-api系,MN API,MN API,True,False,0,A_api_status,False,17
www.mofas.one,round11,codesearch,confirmed,new-api/one-api系,魔方公益站,魔方公益站,True,True,4,A_api_status,False,17
www.monking.ai,round15,codesearch,confirmed,new-api/one-api系,MonkingAI,MonkingAI,True,True,3,A_api_status,False,17
www.openai-labs.com,round2,codesearch,confirmed,new-api/one-api系,Ai实验室,Ai实验室,True,False,1,A_api_status,False,17
www.orcarouter.ai,round5,codesearch,confirmed,new-api/one-api系,OrcaRouter,OrcaRouter,True,False,3,A_api_status,False,17
www.packyapi.com,round1,codesearch,confirmed,new-api/one-api系,PackyAPI,PackyAPI,True,False,4,A_api_status,False,17
www.qhaigc.net,round4,codesearch,confirmed,unknown,,,True,False,0,A_api_status,False,17
www.quickquickai.com,round10,codesearch,confirmed,new-api/one-api系,quickquickai,quickquickai,True,True,4,A_api_status,False,17
www.traxnode.com,round5,codesearch,confirmed,new-api/one-api系,Traxnode,Traxnode,True,True,4,A_api_status,False,17
www.uocode.com,round10,codesearch,confirmed,new-api/one-api系,𝓤𝓸𝓒𝓸𝓭𝓮,𝓤𝓸𝓒𝓸𝓭𝓮,True,True,0,A_api_status,False,17
www.vbcode.io,round17,codesearch,confirmed,new-api/one-api系,VBCode.io,VBCode.io,True,True,0,A_api_status,False,17
www.wasdxx.xyz,round5,codesearch,confirmed,new-api/one-api系,蓝天 API,蓝天 API,True,True,4,A_api_status,False,17
www.wushuangai.com,round9,codesearch,confirmed,new-api/one-api系,New API,New API,True,True,4,A_api_status,False,17
www.xiaoyo.cn,round6,codesearch,confirmed,new-api/one-api系,XiaoYo,XiaoYo,True,True,3,A_api_status,False,17
www.yxaiapp.com,round1,codesearch,confirmed,new-api/one-api系,方舟API,方舟API,True,False,5,A_api_status,False,17
x.api96.com,round14,codesearch,confirmed,new-api/one-api系,MG1 API,MG1 API,True,True,0,A_api_status,False,17
xeduapi.com,round1,codesearch,confirmed,new-api/one-api系,聚合api服务,聚合api服务,True,True,0,A_api_status,False,17
xinggangai.com,round1,codesearch,confirmed,new-api/one-api系,星港Ai,星港Ai,True,True,4,A_api_status,False,17
xinglianapi.com,round1,codesearch,confirmed,new-api/one-api系,星链引擎API,星链引擎API,True,True,7,A_api_status,False,17
xinyuanai666.com,round1,codesearch,confirmed,new-api/one-api系,鑫源API,鑫源API,True,False,10,A_api_status,False,17
xn--15q04w3tg4kio0a.com,round4,codesearch,confirmed,new-api/one-api系,已被BOTCF.COM收购😭,已被BOTCF.COM收购😭,True,True,4,A_api_status,False,17
xtoken.xin,round1,codesearch,confirmed,new-api/one-api系,Xtoken,Xtoken,True,False,8,A_api_status,False,17
xy.poloapi.com,round2,codesearch,confirmed,new-api/one-api系,PoloAPI,PoloAPI,True,True,4,A_api_status,False,17
xyc.ai,round16,codesearch,confirmed,new-api/one-api系,XycAi Inc ,XycAi Inc ,True,False,0,A_api_status,False,17
yansd666.com,round6,codesearch,confirmed,new-api/one-api系,烟神殿AI,烟神殿AI,True,False,1,A_api_status,False,17
yansd666.top,round7,codesearch,confirmed,new-api/one-api系,烟神殿AI,烟神殿AI,True,False,1,A_api_status,False,17
ycyapi.cn,round1,codesearch,confirmed,new-api/one-api系,YCY API,YCY API,True,True,0,A_api_status,False,17
yibuapi.com,round7,codesearch,confirmed,new-api/one-api系,一步API,一步API,True,True,4,A_api_status,False,17
yikoulian.cc,round7,codesearch,confirmed,new-api/one-api系,怡口莲Api,怡口莲Api,True,True,4,A_api_status,False,17
yooart.top,round12,codesearch,confirmed,new-api/one-api系,YOOART,YOOART,True,True,4,A_api_status,False,17
yunwu.ai,round1,codesearch,confirmed,new-api/one-api系,云雾 API ,云雾 API ,True,False,3,A_api_status,False,17
zapi.aicc0.com,round11,codesearch,confirmed,new-api/one-api系,Z API,Z API,True,True,0,A_api_status,False,17
zc-s.org.cn,round7,codesearch,confirmed,new-api/one-api系,aicost API,aicost API,True,True,4,A_api_status,False,17
zen-ai.top,round2,codesearch,confirmed,new-api/one-api系,ZEN-AI,ZEN-AI,True,True,3,A_api_status,False,17
zhangyuapi.com,round16,codesearch,confirmed,new-api/one-api系,章鱼中枢 AI 服务平台,章鱼中枢 AI 服务平台,True,True,0,A_api_status,False,17
zz.aigm99.cn,round16,codesearch,confirmed,new-api/one-api系,Green Mountain,Green Mountain,True,True,0,A_api_status,False,17
zzshu.cc,round6,codesearch,confirmed,new-api/one-api系,吱吱鼠AI,吱吱鼠AI,True,True,0,A_api_status,False,17
api.ant-ling.com,round17,codesearch,confirmed,openai_compatible_unknown,,,False,False,0,B_v1_models,True,17
api.router.tetrate.ai,round17,codesearch,confirmed,openai_compatible_unknown,,,False,False,0,B_v1_models,True,17
ctrl.maton.ai,round17,codesearch,confirmed,openai_compatible_unknown,,,False,False,0,B_v1_models,True,17
hk-api.gptbest.vip,round17,codesearch,confirmed,openai_compatible_unknown,,,False,False,0,B_v1_models,True,17
moark.ai,round17,codesearch,confirmed,openai_compatible_unknown,MoArk AI,MoArk AI,False,False,1,B_v1_models,True,17
status.trustedrouter.com,round17,codesearch,confirmed,openai_compatible_unknown,Status | TrustedRouter,Status | TrustedRouter,False,False,2,B_v1_models,True,17
tokenhub-intl.tencentcloudmaas.com,round17,codesearch,confirmed,openai_compatible_unknown,,,False,False,0,B_v1_models,True,17
tokenhub.tencentcloudmaas.com,round17,codesearch,confirmed,openai_compatible_unknown,,,False,False,0,B_v1_models,True,17
africarouter.ai,round14,codesearch,confirmed,one-api,,,False,True,6,C_framework+content,False,17
ai.cc,round10,codesearch,confirmed,one-api,,,False,True,4,C_framework+content,False,17
ai.hepingan.top,round8,codesearch,confirmed,sub2api,,,False,True,7,C_framework+content,False,17
ai.ugf.cc,round10,codesearch,confirmed,sub2api,,,False,True,2,C_framework+content,False,17
aiapidoctor.com,round9,codesearch,confirmed,new-api,,,False,True,3,C_framework+content,False,17
aimlapi.com,round2,codesearch,confirmed,one-api,,,False,True,5,C_framework+content,False,17
all-api-hub.qixing1217.top,round5,codesearch,confirmed,new-api,,,False,True,12,C_framework+content,False,17
antirez.com,round4,codesearch,confirmed,new-api,,,False,True,4,C_framework+content,False,17
api.starveri.net,round5,codesearch,confirmed,new-api,,,False,True,2,C_framework+content,False,17
api.teamorouter.com,round2,codesearch,confirmed,one-api,,,False,True,4,C_framework+content,False,17
api.xunhupay.com,round14,codesearch,confirmed,new-api,,,False,True,3,C_framework+content,False,17
apigator.ai,round14,codesearch,confirmed,one-api,,,False,True,4,C_framework+content,False,17
apirank.ttop5.cc,round2,codesearch,confirmed,new-api,,,False,True,4,C_framework+content,False,17
apixo.ai,round17,codesearch,confirmed,one-api,,,False,True,4,C_framework+content,False,17
atlascloud.ai,round10,codesearch,confirmed,one-api,,,False,True,4,C_framework+content,False,17
autocontentapi.com,round8,codesearch,confirmed,one-api,,,False,True,2,C_framework+content,False,17
bazaarlink.ai,round6,codesearch,confirmed,new-api,,,False,True,7,C_framework+content,False,17
blog.mongodb.org,round6,codesearch,confirmed,one-api,,,False,True,2,C_framework+content,False,17
blog.oiov.dev,round10,codesearch,confirmed,new-api,,,False,True,3,C_framework+content,False,17
buykey.ai,round14,codesearch,confirmed,new-api,,,False,True,5,C_framework+content,False,17
chat01.ai,round2,codesearch,confirmed,new-api,,,False,True,2,C_framework+content,False,17
chatgpt.top,round9,codesearch,confirmed,one-api,,,False,True,7,C_framework+content,False,17
claude-api.org,round16,codesearch,confirmed,sub2api,,,False,True,9,C_framework+content,False,17
cloud.fastgpt.cn,round17,codesearch,confirmed,new-api,,,False,True,2,C_framework+content,False,17
cloud.fastgpt.io,round10,codesearch,confirmed,new-api,,,False,True,2,C_framework+content,False,17
codeilab.com,round2,codesearch,confirmed,new-api,,,False,True,5,C_framework+content,False,17
cognilead.ai,round14,codesearch,confirmed,one-api,,,False,True,2,C_framework+content,False,17
console.sakana.ai,round4,codesearch,confirmed,new-api,,,False,True,4,C_framework+content,False,17
crossmodel.ai,round17,codesearch,confirmed,one-api,,,False,True,4,C_framework+content,False,17
d5wa.com,round8,codesearch,confirmed,new-api,,,False,True,3,C_framework+content,False,17
darkrouter.ai,round14,codesearch,confirmed,one-api,,,False,True,3,C_framework+content,False,17
dataeyes.ai,round16,codesearch,confirmed,one-api,,,False,True,5,C_framework+content,False,17
dbanalyst.ai,round14,codesearch,confirmed,one-api,,,False,True,3,C_framework+content,False,17
derouter.ai,round16,codesearch,confirmed,new-api,,,False,True,5,C_framework+content,False,17
developer.puter.com,round13,codesearch,confirmed,one-api,,,False,True,4,C_framework+content,False,17
dit.ai,round15,codesearch,confirmed,one-api,,,False,True,5,C_framework+content,False,17
doc.newapi.pro,round4,codesearch,confirmed,new-api,,,False,True,4,C_framework+content,False,17
docs.frogbot.ai,round4,codesearch,confirmed,one-api,,,False,True,5,C_framework+content,False,17
docs.helicone.ai,round17,codesearch,confirmed,one-api,,,False,True,2,C_framework+content,False,17
docs.orcarouter.ai,round4,codesearch,confirmed,one-api,,,False,True,4,C_framework+content,False,17
docs.vllm.ai,round5,codesearch,confirmed,new-api,,,False,True,2,C_framework+content,False,17
eccoapi.com,round4,codesearch,confirmed,one-api,,,False,True,2,C_framework+content,False,17
edenai.co,round10,codesearch,confirmed,one-api,,,False,True,3,C_framework+content,False,17
eu.trustedrouter.com,round17,codesearch,confirmed,one-api,,,False,True,2,C_framework+content,False,17
evolink.ai,round10,codesearch,confirmed,one-api,,,False,True,5,C_framework+content,False,17
fastapi.aabao.vip,round1,codesearch,confirmed,new-api,,,False,True,4,C_framework+content,False,17
fastrouter.ai,round4,codesearch,confirmed,one-api,,,False,True,4,C_framework+content,False,17
featherless.ai,round2,codesearch,confirmed,one-api,,,False,True,2,C_framework+content,False,17
fugu.sakana.ai,round15,codesearch,confirmed,new-api,,,False,True,4,C_framework+content,False,17
gateone.ai,round7,codesearch,confirmed,one-api,,,False,True,4,C_framework+content,False,17
getgoapi.com,round2,codesearch,confirmed,one-api,,,False,True,6,C_framework+content,False,17
guardentry.ai,round14,codesearch,confirmed,one-api,,,False,True,2,C_framework+content,False,17
hao.ai,round16,codesearch,confirmed,one-api,,,False,True,4,C_framework+content,False,17
hapuppy.com,round7,codesearch,confirmed,one-api,,,False,True,4,C_framework+content,False,17
hcnote.cn,round5,codesearch,confirmed,new-api,,,False,True,7,C_framework+content,False,17
huanapi.com,round16,codesearch,confirmed,new-api,,,False,True,5,C_framework+content,False,17
i4um.com,round9,codesearch,confirmed,voapi,,,False,True,2,C_framework+content,False,17
kie.ai,round5,codesearch,confirmed,one-api,,,False,True,4,C_framework+content,False,17
loopllama.ai,round14,codesearch,confirmed,one-api,,,False,True,2,C_framework+content,False,17
mail.chatgpt.org.uk,round1,codesearch,confirmed,one-api,,,False,True,2,C_framework+content,False,17
mdbox.ai,round14,codesearch,confirmed,one-api,,,False,True,4,C_framework+content,False,17
meeyo.org,round1,codesearch,confirmed,new-api,,,False,True,2,C_framework+content,False,17
megallm.io,round2,codesearch,confirmed,one-api,,,False,True,4,C_framework+content,False,17
modelbeat.ai,round14,codesearch,confirmed,one-api,,,False,True,5,C_framework+content,False,17
modernmt.com,round8,codesearch,confirmed,new-api,,,False,True,2,C_framework+content,False,17
mondon.ai,round14,codesearch,confirmed,one-api,,,False,True,2,C_framework+content,False,17
morphllm.com,round6,codesearch,confirmed,one-api,,,False,True,3,C_framework+content,False,17
n1n.ai,round1,codesearch,confirmed,one-api,,,False,True,5,C_framework+content,False,17
newzone.top,round9,codesearch,confirmed,new-api,,,False,True,2,C_framework+content,False,17
ofox.ai,round1,codesearch,confirmed,one-api,,,False,True,5,C_framework+content,False,17
oiov.dev,round8,codesearch,confirmed,new-api,,,False,True,3,C_framework+content,False,17
ominigate.ai,round2,codesearch,confirmed,one-api,,,False,True,5,C_framework+content,False,17
ominigate.com,round2,codesearch,confirmed,one-api,,,False,True,5,C_framework+content,False,17
onecheckout.ai,round14,codesearch,confirmed,one-api,,,False,True,2,C_framework+content,False,17
onehop.ai,round16,codesearch,confirmed,one-api,,,False,True,4,C_framework+content,False,17
open.onebound.cn,round7,codesearch,confirmed,one-api,,,False,True,2,C_framework+content,False,17
openminis.app,round5,codesearch,confirmed,one-api,,,False,True,8,C_framework+content,False,17
openrouter.ai,round1,codesearch,confirmed,one-api,,,False,True,5,C_framework+content,False,17
openrouter.com,round10,codesearch,confirmed,one-api,,,False,True,5,C_framework+content,False,17
opper.ai,round1,codesearch,confirmed,one-api,,,False,True,5,C_framework+content,False,17
pay.xunhuweb.com,round14,codesearch,confirmed,new-api,,,False,True,3,C_framework+content,False,17
poyo.ai,round10,codesearch,confirmed,one-api,,,False,True,5,C_framework+content,False,17
pptoken.org,round2,codesearch,confirmed,sub2api,,,False,True,7,C_framework+content,False,17
publora.com,round8,codesearch,confirmed,one-api,,,False,True,2,C_framework+content,False,17
rapidapi.com,round2,codesearch,confirmed,one-api,,,False,True,2,C_framework+content,False,17
releases.cherry-ai.com,round13,codesearch,confirmed,new-api,,,False,True,3,C_framework+content,False,17
rewind.ai,round4,codesearch,confirmed,one-api,,,False,True,5,C_framework+content,False,17
routellm.abacus.ai,round4,codesearch,confirmed,one-api,,,False,True,5,C_framework+content,False,17
routeplane.ai,round14,codesearch,confirmed,one-api,,,False,True,5,C_framework+content,False,17
router.teamolab.com,round8,codesearch,confirmed,one-api,,,False,True,4,C_framework+content,False,17
runapi.ai,round4,codesearch,confirmed,one-api,,,False,True,5,C_framework+content,False,17
runware.ai,round8,codesearch,confirmed,one-api,,,False,True,2,C_framework+content,False,17
safeapi.vip,round16,codesearch,confirmed,sub2api,,,False,True,4,C_framework+content,False,17
scam.ai,round13,codesearch,confirmed,one-api,,,False,True,2,C_framework+content,False,17
sourcesdata.com,round4,codesearch,confirmed,sub2api,,,False,True,10,C_framework+content,False,17
sub2api.luchikey.com,round16,codesearch,confirmed,sub2api,,,False,True,8,C_framework+content,False,17
sub2api.xybbz.xyz,round1,codesearch,confirmed,sub2api,,,False,True,9,C_framework+content,False,17
subtoken.vip,round2,codesearch,confirmed,sub2api,,,False,True,5,C_framework+content,False,17
supermemory.ai,round17,codesearch,confirmed,one-api,,,False,True,2,C_framework+content,False,17
svip.riyuexy.cc,round5,codesearch,confirmed,sub2api,,,False,True,11,C_framework+content,False,17
teamorouter.com,round5,codesearch,confirmed,one-api,,,False,True,4,C_framework+content,False,17
telenow.ai,round14,codesearch,confirmed,one-api,,,False,True,2,C_framework+content,False,17
therouter.ai,round2,codesearch,confirmed,one-api,,,False,True,5,C_framework+content,False,17
threadzy.ai,round14,codesearch,confirmed,one-api,,,False,True,3,C_framework+content,False,17
tokenmix.ai,round16,codesearch,confirmed,one-api,,,False,True,7,C_framework+content,False,17
tokenrouter.com,round15,codesearch,confirmed,new-api,,,False,True,2,C_framework+content,False,17
trustedrouter.com,round4,codesearch,confirmed,new-api,,,False,True,3,C_framework+content,False,17
twentytwohundred.ai,round14,codesearch,confirmed,one-api,,,False,True,3,C_framework+content,False,17
unorouter.ai,round9,codesearch,confirmed,one-api,,,False,True,3,C_framework+content,False,17
us.usclaude.us,round16,codesearch,confirmed,voapi,,,False,True,3,C_framework+content,False,17
uuroute.ai,round14,codesearch,confirmed,one-api,,,False,True,2,C_framework+content,False,17
velokey.ai,round14,codesearch,confirmed,one-api,,,False,True,5,C_framework+content,False,17
visionati.com,round8,codesearch,confirmed,one-api,,,False,True,2,C_framework+content,False,17
voltapi.ai,round16,codesearch,confirmed,sub2api,,,False,True,9,C_framework+content,False,17
vpszdm.com,round5,codesearch,confirmed,sub2api,,,False,True,4,C_framework+content,False,17
worldrouter.ai,round2,codesearch,confirmed,one-api,,,False,True,4,C_framework+content,False,17
www.0029.org,round5,codesearch,confirmed,sub2api,,,False,True,8,C_framework+content,False,17
www.ai.cc,round10,codesearch,confirmed,one-api,,,False,True,4,C_framework+content,False,17
www.aiapipk.com,round1,codesearch,confirmed,one-api,,,False,True,3,C_framework+content,False,17
www.aimlapi.com,round2,codesearch,confirmed,one-api,,,False,True,5,C_framework+content,False,17
www.atlascloud.ai,round2,codesearch,confirmed,one-api,,,False,True,4,C_framework+content,False,17
www.callgpt.co.uk,round8,codesearch,confirmed,one-api,,,False,True,4,C_framework+content,False,17
www.dataeyes.ai,round10,codesearch,confirmed,one-api,,,False,True,5,C_framework+content,False,17
www.dumplingai.com,round8,codesearch,confirmed,one-api,,,False,True,2,C_framework+content,False,17
www.edenai.co,round5,codesearch,confirmed,one-api,,,False,True,3,C_framework+content,False,17
www.electronhub.ai,round12,codesearch,confirmed,one-api,,,False,True,4,C_framework+content,False,17
www.eurouter.ai,round8,codesearch,confirmed,one-api,,,False,True,5,C_framework+content,False,17
www.gateone.ai,round7,codesearch,confirmed,one-api,,,False,True,4,C_framework+content,False,17
www.gpt-load.com,round8,codesearch,confirmed,new-api,,,False,True,4,C_framework+content,False,17
www.modernmt.com,round17,codesearch,confirmed,new-api,,,False,True,2,C_framework+content,False,17
www.morphllm.com,round4,codesearch,confirmed,one-api,,,False,True,3,C_framework+content,False,17
www.oiov.dev,round8,codesearch,confirmed,new-api,,,False,True,3,C_framework+content,False,17
www.rewind.ai,round14,codesearch,confirmed,one-api,,,False,True,5,C_framework+content,False,17
www.trustedrouter.com,round17,codesearch,confirmed,new-api,,,False,True,3,C_framework+content,False,17
www.uucode.org,round1,codesearch,confirmed,new-api,,,False,True,12,C_framework+content,False,17
www.xfyun.cn,round6,codesearch,confirmed,one-api,,,False,True,4,C_framework+content,False,17
www.xunhupay.com,round7,codesearch,confirmed,new-api,,,False,True,3,C_framework+content,False,17
xpoz.ai,round4,codesearch,confirmed,one-api,,,False,True,4,C_framework+content,False,17
xunhupay.com,round14,codesearch,confirmed,new-api,,,False,True,3,C_framework+content,False,17
yunzhiapi.cn,round1,codesearch,confirmed,new-api,,,False,True,8,C_framework+content,False,17
zernio.com,round4,codesearch,confirmed,one-api,,,False,True,2,C_framework+content,False,17
zetaapi.ai,round2,codesearch,confirmed,new-api,,,False,True,5,C_framework+content,False,17
zxj-2023.github.io,round15,codesearch,confirmed,sub2api,,,False,True,4,C_framework+content,False,17
