domain,payment_methods,has_faka,trust_claims,telegram,qq,discord,email,checked_pages,last_checked
right.codes,,,,,,,,1,2026-07-10T23:23:59Z
unity2.ai,epay,,,,,,,5,2026-07-10T23:23:59Z
toknex.ai,,,no_log|privacy_first|stability|refund,,,,support@toknex.ai,5,2026-07-10T23:23:59Z
wintoken.dev,,,,,,,,5,2026-07-10T23:23:59Z
api.tallius.ai,,,,,,,,5,2026-07-10T23:23:59Z
uuapi.net,,Y,stability|refund,,,,,5,2026-07-10T23:23:59Z
linkai.shop,,,stability,,,,,5,2026-07-10T23:23:59Z
9527code.com,,,stability,,,,,5,2026-07-10T23:23:59Z
sudocode.chat,,,,,,,,0,2026-07-10T23:23:59Z
juxingai.top,,,,,,,,5,2026-07-10T23:23:59Z
nexaxis.ai,,,,,,,,5,2026-07-10T23:23:59Z
anpin.ai,usdt_crypto,,no_log|privacy_first|refund,,,,,5,2026-07-10T23:23:59Z
runapi.co,,,stability,,,,,5,2026-07-10T23:23:59Z
worldbase.ai,,,,,,,,5,2026-07-10T23:23:59Z
chintao.cn,,,,,,,,5,2026-07-10T23:23:59Z
toolcode.top,,,refund,,,,,5,2026-07-10T23:23:59Z
api.xpluse.plus,usdt_crypto,,no_log|stability|refund,t.me/shuzhiAI123,,discord.gg/wjqXaV8p,,5,2026-07-10T23:23:59Z
5cookie.cc,,,,,,,,0,2026-07-10T23:23:59Z
portal.gpteamservices.com,,,,,,,,5,2026-07-10T23:23:59Z
packyapi.com,,,stability,,,,,5,2026-07-10T23:23:59Z
claudecn.top,,,,,,,,2,2026-07-11T19:58:27Z
sudobug.top,,,,,,,,2,2026-07-11T19:58:27Z
coderelay.cn,,,,,,,,2,2026-07-11T19:58:27Z
lingsuan.top,epay,,stability,,,,,2,2026-07-11T19:58:27Z
ccgoai.com,alipay|wechat_pay,,no_dilution|stability|refund,,,,,2,2026-07-11T19:58:27Z
apiporter.com,,,,,,,,2,2026-07-11T19:58:27Z
chiyicn.com,,,stability,,,,,2,2026-07-11T19:58:27Z
modcon.top,,,privacy_first|stability|refund,,,,,2,2026-07-11T19:58:27Z
aokapi.com,,,,,,,,2,2026-07-11T19:58:27Z
api.aijws.com,,,,,,,,0,2026-07-11T19:58:27Z
api.api2cn.com,,,stability,,,,,2,2026-07-11T19:58:27Z
sevnx.one,,,,,,,,0,2026-07-11T19:58:27Z
ccmax20.cc,,,,,,,,2,2026-07-11T19:58:27Z
api.hangzhale.com,,,stability,,,,,2,2026-07-11T19:58:27Z
api.muskapi.cc,,,,t.me/muskapi,,,,2,2026-07-11T19:58:27Z
yundu.lat,alipay,,no_log|refund,,,,,2,2026-07-11T19:58:27Z
api.rkai6.com,,,,,,,,2,2026-07-11T19:58:27Z
limiao.net,,,,,,,,2,2026-07-11T19:58:27Z
sub2api.luchikey.com,,,stability,,,,,2,2026-07-11T19:58:27Z
claude-api.org,,,privacy_first|no_dilution|stability|refund,t.me/+Lfq1A_3e6BRhNjE5,,,support@voltapi.ai,2,2026-07-11T19:58:27Z
nekocode.ai,,,,,,,,2,2026-07-11T19:58:27Z
xyc.ai,,,,,,,,2,2026-07-11T19:58:27Z
724codes.com,,,stability,,,,tshanholtzer@hawkmail.hccfl.edu,2,2026-07-11T19:58:27Z
xcode.best,,,,,,,,2,2026-07-11T19:58:27Z
ai.luminai.cc,,,,,,,,2,2026-07-11T19:58:27Z
api.whlemon.cn,,,stability,t.me/+8UMrLUJQrogzZDE1,,,,2,2026-07-11T19:58:27Z
sudocode.us,,,,,,,,2,2026-07-11T19:58:27Z
dawclaudecode.com,,,,,,,,2,2026-07-11T19:58:27Z
qiuqiutoken.com,,,,,,,,2,2026-07-11T19:58:27Z
mytokenpi.com,,,,,,,,2,2026-07-11T19:58:27Z
jbbtoken.cn,,,,,,,,2,2026-07-11T19:58:27Z
ergouapi.com,,,no_dilution|stability,,,,,2,2026-07-11T19:58:27Z
daodunapi.com,,,,,,,,2,2026-07-11T19:58:27Z
main-new.codesuc.top,,,,,,,,2,2026-07-11T19:58:27Z
poixe.com,,,,,,,,2,2026-07-11T19:58:27Z
fishxcode.com,,,stability,,,,,2,2026-07-11T19:58:27Z
api.tmlab.store,,,,,,,,2,2026-07-11T19:58:27Z
officesai.top,,,,,,,,2,2026-07-11T19:58:27Z
api.ykh.ai,,,,,,,,2,2026-07-11T19:58:27Z
llmapi.pro,alipay,,no_dilution|stability|refund,,,,,2,2026-07-11T19:58:27Z
huiyun.asia,,,,,,,,2,2026-07-11T19:58:27Z
zz.aigm99.cn,,,,,,,,2,2026-07-11T19:58:27Z
switchbase.vip,,,,,,,,2,2026-07-11T19:58:27Z
tokenmix.ai,alipay|stripe,,,t.me/tokenmixai,,discord.gg/xj7ETnk4VA,support@tokenmix.ai,2,2026-07-11T19:58:27Z
xbhuiz.com,,,stability|refund,,,,yion874@gmail.com,2,2026-07-11T19:58:27Z
sadai.top,,,,,,,,2,2026-07-11T19:58:27Z
claudeapi.com,,,,,,,"support@claudeapi.com, u003esupport@claudeapi.com",1,2026-07-11T19:58:27Z
autorouter.io,,,,,,,,2,2026-07-11T19:58:27Z
tieapi.com,,,,,,,,2,2026-07-11T19:58:27Z
api.frontier-intelligence.tech,,,,,,,,2,2026-07-11T19:58:27Z
token.baogutang.top,,,stability,,1105937029,,,2,2026-07-11T19:58:27Z
api.ikuncode.cc,,,,,,,,2,2026-07-11T19:58:27Z
cubence.com,,,stability,,,,,1,2026-07-11T19:58:27Z
safeapi.vip,,,no_log|privacy_first|stability,,,,admin@safeapi.vip,2,2026-07-11T19:58:27Z
api.vectorengine.ai,,,stability,,,,,2,2026-07-11T19:58:27Z
minitoken.top,,,,,,,,2,2026-07-11T19:58:27Z
api.gpt.ge,,,no_dilution|stability,,,,,2,2026-07-11T19:58:27Z
api.timebackward.com,,,stability,,,,,2,2026-07-11T19:58:27Z
infai.cc,,,,,,,,2,2026-07-11T19:58:27Z
ephone.ai,,,no_log|no_dilution,,,,,2,2026-07-11T19:58:27Z
api.vip.crond.dev,,,,,,,,2,2026-07-11T19:58:27Z
ddshub.cc,,,,,,,,2,2026-07-11T19:58:27Z
sub2.congmingai.com,,,stability,t.me/congmingxiayou1,,,,2,2026-07-11T19:58:27Z
api.tryallai.com,,,,,,,,2,2026-07-11T19:58:27Z
findcg.com,,,,,,,,0,2026-07-11T19:58:27Z
aiberm.com,,,stability,,,,support@aiberm.com,2,2026-07-11T19:58:27Z
traxnode.com,,,,,,,,2,2026-07-11T19:58:27Z
az.zlapi.vip,,,,,,,,2,2026-07-11T19:58:27Z
api.xaix.me,,,,,,,,2,2026-07-11T19:58:27Z
tokaify.com,,,,,,,,2,2026-07-11T19:58:27Z
linkapi.ai,,,,,,,,2,2026-07-11T19:58:27Z
dataeyes.ai,,,no_log|no_dilution|stability,,,,,2,2026-07-11T19:58:27Z
ai.centos.hk,,,,,,,,2,2026-07-11T19:58:27Z
api.qiyiguo.uk,,,,,,,,2,2026-07-11T19:58:27Z
ai.xlyun.pro,,,,,,,,2,2026-07-11T19:58:27Z
api.ekan8.com,,,,,,,,2,2026-07-11T19:58:27Z
api.discordtool.vip,,,,,,,,2,2026-07-11T19:58:27Z
superapi.buzz,,,,,,,,2,2026-07-11T19:58:27Z
ogog.ai,,,,,,,,2,2026-07-11T19:58:27Z
bobdong.cn,,,,,,,,2,2026-07-11T19:58:27Z
sparkcode.top,,,,,,,,2,2026-07-11T19:58:27Z
ai.17nas.com,,,,,,,,2,2026-07-11T19:58:27Z
xiaoruiapi.cc,,,,,,,,2,2026-07-11T19:58:27Z
codefwd.top,,,,,,,,2,2026-07-11T19:58:27Z
ai.kividas.com,,,,,,,,2,2026-07-11T19:58:27Z
uocode.com,,,,,,,,2,2026-07-11T19:58:27Z
api.rpg8.cn,,,,,,,,2,2026-07-11T19:58:27Z
gua.guagua.uk,,,,,,,,2,2026-07-11T19:58:27Z
ai.xem8k5.top,,,,,,,,2,2026-07-11T19:58:27Z
ai.flashapi.top,,,,,,,,2,2026-07-11T19:58:27Z
api.rootflowai.com,,,no_dilution|stability|refund,,,,,2,2026-07-11T19:58:27Z
api.squarefaceicon.org,,,,,,,,2,2026-07-11T19:58:27Z
code.b886.top,,,,,,,,0,2026-07-11T19:58:27Z
claudeagent.com.cn,,,no_dilution,,,,,2,2026-07-11T19:58:27Z
cooper-api.com,,,stability,,,,,2,2026-07-11T19:58:27Z
timesniper.club,,,,,,,,0,2026-07-11T19:58:27Z
api.shiyutv.cn,,Y,privacy_first|stability|refund,,,,,2,2026-07-11T19:58:27Z
huanapi.com,,,,,,,,2,2026-07-11T19:58:27Z
cca.maya.today,,,,,,,,2,2026-07-11T19:58:27Z
new.050602.xyz,,,,,,,,2,2026-07-11T19:58:27Z
callxyq.xyz,,,,,,,,2,2026-07-11T19:58:27Z
free.learn-ai.top,,,,,,,,2,2026-07-11T19:58:27Z
nextoken.online,,,no_log|privacy_first|no_dilution|stability|refund,,,,,2,2026-07-11T19:58:27Z
ai.anxidc.com,,,,,,,,0,2026-07-11T19:58:27Z
mzlone.top,,,,,,,,2,2026-07-11T19:58:27Z
buzzai.cc,,,,,,,,0,2026-07-11T19:58:27Z
api.luccc.uk,,,,,,,,2,2026-07-11T19:58:27Z
fucheers.top,,,,,,,,0,2026-07-11T19:58:27Z
user.tocodex.com,,,,,,,,2,2026-07-11T19:58:27Z
api.aisz.mom,,,,,,,,2,2026-07-11T19:58:27Z
chat.ekti.cc,,,,,,,,0,2026-07-11T19:58:27Z
chunxueapi.com,,,,,,,,2,2026-07-11T19:58:27Z
manbouapi.com,,,,,,,,0,2026-07-11T19:58:27Z
aaatoken.cn,,,,,,,,2,2026-07-11T19:58:27Z
llmgw.cn,,,,,,,,2,2026-07-11T19:58:27Z
api.sbbbbbbbbb.xyz,,,,,,,,2,2026-07-11T19:58:27Z
api.sunskii.com,,,stability,,753378823,,,2,2026-07-11T19:58:27Z
derouter.ai,usdt_crypto|epay,,privacy_first|no_dilution|stability|refund,t.me/derouter_ai,,,support@derouter.ai,2,2026-07-11T19:58:27Z
code.newcli.com,,,,,,,,0,2026-07-11T19:58:27Z
api.schyler.top,,,no_log|privacy_first|no_dilution|stability|refund,,,,,2,2026-07-11T19:58:27Z
1xm.ai,,,,,,,,2,2026-07-11T19:58:27Z
aiapi.world,,,stability,,,,support@aiapi.world,2,2026-07-11T19:58:27Z
api.aicodemirror.com,alipay,,stability,,,,furbox@126.com,1,2026-07-11T19:58:27Z
cc.anyroute.io,,,,,,,support@anyroute.io,2,2026-07-11T19:58:27Z
beecode.cc,,,,,,,,2,2026-07-11T19:58:27Z
cc-vibe.com,alipay|stripe|paypal|usdt_crypto,,no_log|privacy_first|stability|refund,t.me/+_QKy,,,support@ccvibe.com,2,2026-07-11T19:58:27Z
dragoncode.codes,,,,,,,,2,2026-07-11T19:58:27Z
lucen.cc,,,,,1084482327,,,2,2026-07-11T19:58:27Z
subrouter.ai,,,,,,,,2,2026-07-11T19:58:27Z
sui-xiang.com,,,no_log|no_dilution|stability|refund,,,,,1,2026-07-11T19:58:27Z
tcdmx.com,,,,,,,,0,2026-07-11T19:58:27Z
timicc.com,,,,,1078510185,,,2,2026-07-11T19:58:27Z
timyai.com,,,,,,,,0,2026-07-11T19:58:27Z
co.yes.vg,,,,,,,,2,2026-07-11T19:58:27Z
ai.chaozhi.chat,,,privacy_first|stability,,,,,2,2026-07-11T19:58:27Z
api.tu-zi.com,,,,,,,,2,2026-07-11T19:58:27Z
api.lingshuai.cc,,,,,,,,2,2026-07-11T19:58:27Z
api.aigocode.com,,,stability|refund,t.me/+DjOEPVxszZw2NjRh,,,support@aigocode.com,2,2026-07-11T19:58:27Z
api.b.ai,,,,,,,,0,2026-07-11T19:58:27Z
api.aibinghe.xyz,,,,,,,,2,2026-07-11T19:58:27Z
hk.ccplus.site,,,stability|refund,,,,service.ccfly@outlook.com,2,2026-07-11T19:58:27Z
mx.free.codesonline.dev,,,,,,,,2,2026-07-11T19:58:27Z
thestocklist.site,,,,,,,,2,2026-07-11T19:58:27Z
freemodel.dev,,,,,,,,2,2026-07-11T19:58:27Z
gpt.hslife.fun,,,,,,,,2,2026-07-11T19:58:27Z
hao.ai,alipay|wechat_pay|stripe|usdt_crypto|epay,,no_log,t.me/haoai_official,,,support@hao.ai,2,2026-07-11T19:58:27Z
x.dogenet.win,alipay|wechat_pay|stripe|paypal,,stability,t.me/omg_pub,,discord.gg/rzMZGwuxpZ,,2,2026-07-11T19:58:27Z
prismapi.site,,Y,no_dilution|stability,,,,,1,2026-07-11T19:58:27Z
sssaicode.com,,,,,,,,2,2026-07-11T19:58:27Z
api.clawopen.top,,,,,,,,2,2026-07-11T19:58:27Z
terminal.pub,,,,,,,,2,2026-07-11T19:58:27Z
tokeness.cn,,,,,,,,2,2026-07-11T19:58:27Z
zerocode.sbs,,,,,,,,2,2026-07-11T19:58:27Z
zivv.pro,,,no_log|privacy_first|no_dilution|stability,t.me/+6yWiVBQsV1IyZjEx,,,,2,2026-07-11T19:58:27Z
xb1520.com,,,no_log|privacy_first|stability|refund,,,,,2,2026-07-11T19:58:27Z
tokenflux.dev,,,,t.me/+OjE,,,,2,2026-07-11T19:58:27Z
tongapi.com,,,,,,,,2,2026-07-11T19:58:27Z
aiapify.com,,,,,,,,2,2026-07-11T19:58:27Z
api.aircode.xin,,,stability|refund,,,,,2,2026-07-11T19:58:27Z
allinai7.cloud,,,,,,,,0,2026-07-11T19:58:27Z
api.uniprep.world,,,,,,,,2,2026-07-11T19:58:27Z
apiclaude.cc,,,,,,,,2,2026-07-11T19:58:27Z
api.baobu.xyz,,,privacy_first|stability,,,,,2,2026-07-11T19:58:27Z
beefapi.com,,,stability,,,,,2,2026-07-11T19:58:27Z
cialloapi.cn,,,,,,,,2,2026-07-11T19:58:27Z
api.hack3rx.cn,,,,,,,,2,2026-07-11T19:58:27Z
kelaiapi.cc,,,,,,,,2,2026-07-11T19:58:27Z
tokenonly.ai,,,,,,,,2,2026-07-11T19:58:27Z
api.yunserver.cn,,,,,,,,2,2026-07-11T19:58:27Z
code.silkapi.com,,,stability|refund,,,,support@pincc.ai,2,2026-07-11T19:58:27Z
boya.one,,,,,,,,0,2026-07-11T19:58:27Z
bmai.kun8.vip,,,,,,,,2,2026-07-11T19:58:27Z
loptu.net,,,,,,,,2,2026-07-11T19:58:27Z
jiekou.ai,alipay|stripe|usdt_crypto|epay,,privacy_first|no_dilution|stability|refund,,,,,2,2026-07-11T19:58:27Z
hemaapi.cc,,,,,,,,2,2026-07-11T19:58:27Z
aiapis.io,,,,,,,,2,2026-07-11T19:58:27Z
api.leleweb.cn,,,,,,,,2,2026-07-11T19:58:27Z
bossclaw.org,alipay,,no_dilution|stability,,,,,2,2026-07-11T19:58:27Z
easy-token.com,wechat_pay,,stability|refund,,,,,2,2026-07-11T19:58:27Z
api.euzhi.com,,,,,,,,2,2026-07-11T19:58:27Z
langziapi.online,,,no_dilution,,,,langzi0028@gmail.com,2,2026-07-11T19:58:27Z
mentoe.com,,,,,,,,0,2026-07-11T19:58:27Z
mnapi.com,,,,,,,,0,2026-07-11T19:58:27Z
nbility.dev,,,stability,,,,support@nbility.dev,2,2026-07-11T19:58:27Z
apinova.cc,,,,,,,,2,2026-07-11T19:58:27Z
oxycode.net,,,,,,,,0,2026-07-11T19:58:27Z
ai.ssgoo.net,,,,,,,,2,2026-07-11T19:58:27Z
yxaiapp.com,,,,,,,,0,2026-07-11T19:58:27Z
funnyskill.com,,,,,,,,2,2026-07-11T19:58:27Z
zhangyuapi.com,,,,,,,,2,2026-07-11T19:58:27Z
ccode.dev,,,,,,,,2,2026-07-11T19:58:27Z
ccrouter.ai,,,no_dilution,t.me/ccrouterAI,,,,2,2026-07-11T19:58:27Z
cckeys.top,,,,,,,,0,2026-07-11T19:58:27Z
code.deepask.chat,,,,,,,,0,2026-07-11T19:58:27Z
airouter.mxyhi.com,,,,,,,,2,2026-07-11T19:58:27Z
codexopenai.cloud,,,,,,,,2,2026-07-11T19:58:27Z
api.feng.cx,,,,,,,,2,2026-07-11T19:58:27Z
iacc.cc,,,,,,,,2,2026-07-11T19:58:27Z
newapi.junjun.site,,,,,,,,0,2026-07-11T19:58:27Z
nbapi.cc,,,,,,,,2,2026-07-11T19:58:27Z
platform.ope.ai,,,,,,,,2,2026-07-11T19:58:27Z
pixelmuse.shop,,,,,,,,2,2026-07-11T19:58:27Z
ppword.cn,,,,,,,,1,2026-07-11T19:58:27Z
enjoyapi.cc,,,,,,,,2,2026-07-11T19:58:27Z
api.getezclaw.com,,,,,,,,2,2026-07-11T19:58:27Z
codesome.ai,,,,,,,,1,2026-07-11T19:58:27Z
us.usclaude.us,,,,,,,,2,2026-07-11T19:58:27Z
api.hepingan.top,,,privacy_first|stability|refund,,799128896,,n1973016127@qq.com,2,2026-07-11T19:58:27Z
huiliuapi.com,,,,,,,,0,2026-07-11T19:58:27Z
jmyr.net,,,,,,,,2,2026-07-11T19:58:27Z
ai.cdn.ad,,,,,,,,2,2026-07-11T19:58:27Z
api.openaeon.ai,,,,,,,,2,2026-07-11T19:58:27Z
opentk.ai,epay,,no_log|privacy_first,,,,1161431181@qq.com,2,2026-07-11T19:58:27Z
wangxiangai.org,,,,,,,,0,2026-07-11T19:58:27Z
zaimaai.cn,,,,,,,,0,2026-07-11T19:58:27Z
ccfly.codes,,,no_dilution|stability,,,,,2,2026-07-11T19:58:27Z
codexone.aieania.tech,,,stability,,,,eaniahuui@gmail.com,2,2026-07-11T19:58:27Z
duckcode.cn,,,,,,,,2,2026-07-11T19:58:27Z
growupapi.ltd,,,,,,,,2,2026-07-11T19:58:27Z
hk.hhnto.top,,,,,,,,2,2026-07-11T19:58:27Z
hiapi.store,,,,,,,,2,2026-07-11T19:58:27Z
api.owlai.tech,,,,,,,,2,2026-07-11T19:58:27Z
proxy2it.com,,,stability|refund,,965070056,,support@ProxyAI.ai,2,2026-07-11T19:58:27Z
api.satuo66.online,,,,,,,,2,2026-07-11T19:58:27Z
api.ejkoy.com,,,,,,,,0,2026-07-11T19:58:27Z
daidaibird.top,,,,,,,,1,2026-07-11T19:58:27Z
codex.dakeai.cc,,,,,,,,2,2026-07-11T19:58:27Z
api.laozhang.ai,,,,,,,,2,2026-07-11T19:58:27Z
hos.chatopens.vip,,,,,,,,0,2026-07-11T19:58:27Z
api.whatai.cc,,,no_dilution,,,,,2,2026-07-11T19:58:27Z
www.metachat.work,,,no_log,,,,support@metacompass.co,1,2026-07-11T19:58:27Z
claude.hk.cn,,,,,,,,1,2026-07-11T19:58:27Z
web.mmw.ink,,,,,,,,2,2026-07-11T19:58:27Z
chat.chesspnt.com,,,,,,,,1,2026-07-11T19:58:27Z
infistar.ai,,,,,,,,2,2026-07-11T19:58:27Z
newapi.qwqtao.one,,,,,,,,2,2026-07-11T19:58:27Z
open.xiaojingai.com,,,,,,,,2,2026-07-11T19:58:27Z
newapi.youkies.space,,,,,,,,2,2026-07-11T19:58:27Z
www.freezapi.eu.cc,,,,,,,,2,2026-07-11T19:58:27Z
meeyo.org,,,,,,,,2,2026-07-11T19:58:27Z
arpanet.icu,,,,,,,,2,2026-07-11T19:58:27Z
api.ebutterfly.cc,,,,,,,,2,2026-07-11T19:58:27Z
xinggangai.com,,,,,,,,2,2026-07-11T19:58:27Z
spritnest.com,,,,,,,,2,2026-07-11T19:58:27Z
api.dzzi.ai,,,,,,,,2,2026-07-11T19:58:27Z
api.dongli.work,,,,,,,,2,2026-07-11T19:58:27Z
api.uglycat.cc,,,,,,,,2,2026-07-11T19:58:27Z
www.aladingapi.cc,,,,,,,,2,2026-07-11T19:58:27Z
cdn.sta1n.cn,,,,,,,,2,2026-07-11T19:58:27Z
hohoapi.com,,,no_dilution|stability,,,,,2,2026-07-11T19:58:27Z
www.gogoapi.cloud,,,stability,,,,,2,2026-07-11T19:58:27Z
shitang359.space,,,,,,,,0,2026-07-11T19:58:27Z
ai-szzx.online,wechat_pay,,,,,,,2,2026-07-11T19:58:27Z
hvoy_removed,,,,,,,,0,2026-07-11T19:58:27Z
www.micuapi.ai,,,,,,,,2,2026-07-11T19:58:27Z
dd.mfate.cn,,,,,,,,2,2026-07-11T19:58:27Z
dashboard.uibeai.com,,,,,,,,2,2026-07-11T19:58:27Z
www.yooyai.cc,,,,,,,,2,2026-07-11T19:58:27Z
xtoken.xin,,,stability,,,,,2,2026-07-11T19:58:27Z
yuedongapi.top,,,,,,,,0,2026-07-11T19:58:27Z
openmux.ai,alipay|stripe,,no_dilution|stability,,,,support@openmux.ai,2,2026-07-11T19:58:27Z
api.chshapi.org,,,,,,,,2,2026-07-11T19:58:27Z
lulurouter.com,,,,,,,,2,2026-07-11T19:58:27Z
subgate.io,,,,,,,,2,2026-07-11T19:58:27Z
0api.qzz.io,,,,,,,,2,2026-07-11T19:58:27Z
147ai.com,,,,,,,,2,2026-07-11T19:58:27Z
180txt.cn,,,,,,,,0,2026-07-11T19:58:27Z
35.aigcbest.top,,,,,,,,2,2026-07-11T19:58:27Z
4router.net,,,stability,,,,,2,2026-07-11T19:58:27Z
4sapi.com,,,,,,,,2,2026-07-11T19:58:27Z
4sapi.net,,,,,,,,2,2026-07-11T19:58:27Z
4zapi.com,,,no_dilution|stability,,,,,2,2026-07-11T19:58:27Z
52mx.net,,,,,,,,2,2026-07-11T19:58:27Z
66ai.ai,,,,,,,,2,2026-07-11T19:58:27Z
78code.cc,,,,,,,,2,2026-07-11T19:58:27Z
7x.hk,,,,,,,,2,2026-07-11T19:58:27Z
8yes.cc,,,,,,,,2,2026-07-11T19:58:27Z
91router.ai,,,,,,,,2,2026-07-11T19:58:27Z
992236.xyz,,,,,,,,2,2026-07-11T19:58:27Z
a6api.com,,,stability,,,,,2,2026-07-11T19:58:27Z
abcrelay.com,,,,,,,,2,2026-07-11T19:58:27Z
admin.euzhi.com,,,,,,,,2,2026-07-11T19:58:27Z
affordableaiapi.com,,,,,,,,2,2026-07-11T19:58:27Z
agentrouter.org,,,,,,,,2,2026-07-11T19:58:27Z
ai-yyds.com,,,,,,,,2,2026-07-11T19:58:27Z
ai.112102.xyz,,,,,,,,2,2026-07-11T19:58:27Z
ai.121628.xyz,,,,,,,,2,2026-07-11T19:58:27Z
ai.52ccl.cn,,,,,,,,2,2026-07-11T19:58:27Z
ai.burncloud.com,,,,,,,,2,2026-07-11T19:58:27Z
ai.facai.cloudns.org,,,,,,,,2,2026-07-11T19:58:27Z
ai.hybgzs.com,,,,,,,,2,2026-07-11T19:58:27Z
ai.littlesheep.cc,,,,,,,,2,2026-07-11T19:58:27Z
ai.ll9e.cn,,,,,,,,2,2026-07-11T19:58:27Z
ai.ltcraft.cn,,,,,,,,2,2026-07-11T19:58:27Z
ai.soruxgpt.com,,,,,,,,2,2026-07-11T19:58:27Z
ai.tracup.com,,,stability,,,,,2,2026-07-11T19:58:27Z
ai.venlacy.com,,,,,,,,2,2026-07-11T19:58:27Z
ai.yijiarj.cn,,,,,,,,2,2026-07-11T19:58:27Z
ai.zhansi.top,,,,,,,,2,2026-07-11T19:58:27Z
ai123.one,,,stability,,,,,2,2026-07-11T19:58:27Z
aiapi.exe.xyz,,,stability,,,,,2,2026-07-11T19:58:27Z
aiartmirror.com,,,,,,,,2,2026-07-11T19:58:27Z
aiflowhub.ai,usdt_crypto,,,,,,,2,2026-07-11T19:58:27Z
aigc.x-see.cn,,,,,,,,2,2026-07-11T19:58:27Z
aigc456.top,,,,,,,,2,2026-07-11T19:58:27Z
aigcbest.top,,,,,,,,2,2026-07-11T19:58:27Z
aigo123.net,alipay|wechat_pay,,,,,,,2,2026-07-11T19:58:27Z
aiok.club,,,,,,,,0,2026-07-11T19:58:27Z
airouter.service.itstudio.club,,,,,,,,2,2026-07-11T19:58:27Z
aixor.org,,,,,,,,2,2026-07-11T19:58:27Z
aizex.top,,,,,,,,2,2026-07-11T19:58:27Z
anyaigc.com,,,stability,,,,,2,2026-07-11T19:58:27Z
anyone.ai,,,,,,,support@anyone.ai,2,2026-07-11T19:58:27Z
api-public.proxy-gls.de5.net,,,,,,,,2,2026-07-11T19:58:27Z
api.123nhh.com,,,,,,,,2,2026-07-11T19:58:27Z
api.132999.xyz,,,,,,,,2,2026-07-11T19:58:27Z
api.147ai.cn,,,,,,,,2,2026-07-11T19:58:27Z
api.17nas.com,,,,,,,,2,2026-07-11T19:58:27Z
api.2020111.xyz,,,,,,,,2,2026-07-11T19:58:27Z
api.242243.xyz,,,,,,,,2,2026-07-11T19:58:27Z
api.361888.xyz,,,,,,,,2,2026-07-11T19:58:27Z
api.4399ai.cn,,,,,,,,2,2026-07-11T19:58:27Z
api.777114.xyz,,,,,,,,2,2026-07-11T19:58:27Z
api.88api.chat,,,stability,,,,,2,2026-07-11T19:58:27Z
api.9527code.com,,,stability,,,,,2,2026-07-11T19:58:27Z
api.996444.cn,,,,,,,,2,2026-07-11T19:58:27Z
api.a1r.cc,,,,,,,,2,2026-07-11T19:58:27Z
api.a8.hk,,,,,,,,2,2026-07-11T19:58:27Z
api.aabao.vip,,,,,,,,2,2026-07-11T19:58:27Z
api.abcrelay.com,,,,,,,,2,2026-07-11T19:58:27Z
api.ablai.top,,,stability,,,,,2,2026-07-11T19:58:27Z
api.ai-gaochao.cn,,,,,,,,2,2026-07-11T19:58:27Z
api.ai-yyds.com,,,,,,,,2,2026-07-11T19:58:27Z
api.aiearth.dev,,,,,,,,2,2026-07-11T19:58:27Z
api.aifoxspa.com,,,,,,,,2,2026-07-11T19:58:27Z
api.aigcbest.top,,,,,,,,2,2026-07-11T19:58:27Z
api.aikeji.vip,,,,,,,,2,2026-07-11T19:58:27Z
api.ainstant.pro,,,,,,,,2,2026-07-11T19:58:27Z
api.aiyahmm.com,,,,,,,,2,2026-07-11T19:58:27Z
api.amux.ai,,,,,,,,2,2026-07-11T19:58:27Z
api.antsk.cn,,,,,,,,2,2026-07-11T19:58:27Z
api.anyone.ai,,,,,,,support@anyone.ai,2,2026-07-11T19:58:27Z
api.apertis.ai,,,,,,,,1,2026-07-11T19:58:27Z
api.apimart.ai,,,,,,,,0,2026-07-11T19:58:27Z
api.apiwarrior.xyz,,,,,,,,2,2026-07-11T19:58:27Z
api.apiyi.com,,,stability,,,,,2,2026-07-11T19:58:27Z
api.ark717.com,,,,,,,,2,2026-07-11T19:58:27Z
api.bbww.top,,,,,,,,2,2026-07-11T19:58:27Z
api.bianxie.ai,,,,,,,,2,2026-07-11T19:58:27Z
api.bianxieai.com,,,,,,,,2,2026-07-11T19:58:27Z
api.bjxrouter.com,,,,,,,,2,2026-07-11T19:58:27Z
api.bltcy.ai,,,,,,,,2,2026-07-11T19:58:27Z
api.bltcy.top,,,,,,,,2,2026-07-11T19:58:27Z
api.bluesminds.com,,,,,,,,0,2026-07-11T19:58:27Z
api.botcf.com,,,,,,,,2,2026-07-11T19:58:27Z
api.bybing.cc,,,,,,,,2,2026-07-11T19:58:27Z
api.chatfire.cn,,,,,,,,2,2026-07-11T19:58:27Z
api.chatgptid.net,,,,,,,,2,2026-07-11T19:58:27Z
api.chrouter.com,,,,,,,,2,2026-07-11T19:58:27Z
api.cnlion.qzz.io,,,,,,,,2,2026-07-11T19:58:27Z
api.code-relay.com,,,,,,,,2,2026-07-11T19:58:27Z
api.codexzh.com,alipay|wechat_pay|epay,,privacy_first|stability|refund,,1014742674,,support@codexzh.com,2,2026-07-11T19:58:27Z
api.coee.ccwu.cc,,,,,,,,2,2026-07-11T19:58:27Z
api.cometapi.com,,,,,,,,0,2026-07-11T19:58:27Z
api.dawclaudecode.com,,,,,,,,2,2026-07-11T19:58:27Z
api.dstopology.com,,,,,,,,2,2026-07-11T19:58:27Z
api.duckcoding.ai,,,,,,,,2,2026-07-11T19:58:27Z
api.duou.ai,,,,,,,,2,2026-07-11T19:58:27Z
api.dx001.ggff.net,,,,,,,,2,2026-07-11T19:58:27Z
api.easyart.cc,,,,,,,,2,2026-07-11T19:58:27Z
api.ephone.ai,,,no_log|no_dilution,,,,,2,2026-07-11T19:58:27Z
api.ephone.chat,,,no_log|no_dilution,,,,,2,2026-07-11T19:58:27Z
api.evolink.ai,,,,,,,,0,2026-07-11T19:58:27Z
api.fishxcode.com,,,stability,,,,,2,2026-07-11T19:58:27Z
api.franklybuilds.com,,,,,,,,2,2026-07-11T19:58:27Z
api.geekai.pro,,,,,,,,2,2026-07-11T19:58:27Z
api.getgoapi.com,,,,,,,,2,2026-07-11T19:58:27Z
api.gptoai.top,,,,,,,,2,2026-07-11T19:58:27Z
api.hcnsec.cn,,,stability,,943554225,,yangyuqi@xjhcit.cn,2,2026-07-11T19:58:27Z
api.hlool.top,,,,,,,,2,2026-07-11T19:58:27Z
api.holdai.top,,,,,,,,2,2026-07-11T19:58:27Z
api.howlife.cc,,,,,,,,2,2026-07-11T19:58:27Z
api.iamhc.cn,,,,,,,,2,2026-07-11T19:58:27Z
api.icreat.ai,,,,,,,,2,2026-07-11T19:58:27Z
api.ifopen.ai,,,,,,,,2,2026-07-11T19:58:27Z
api.joyzhi.com,,,,,,,,2,2026-07-11T19:58:27Z
api.kissapi.ai,,,,,,,,2,2026-07-11T19:58:27Z
api.kksj.org,,,,,,,,2,2026-07-11T19:58:27Z
api.knox.chat,,,,,,,,0,2026-07-11T19:58:27Z
api.kuaiwenwen.top,,,,,,,,2,2026-07-11T19:58:27Z
api.kwwai.top,,,,,,,,2,2026-07-11T19:58:27Z
api.lingyaai.cn,,,no_dilution|stability,,,,,2,2026-07-11T19:58:27Z
api.linkapi.ai,,,,,,,,0,2026-07-11T19:58:27Z
api.linkapi.org,,,stability,,,,,2,2026-07-11T19:58:27Z
api.lyjxka.top,,,,,,,,2,2026-07-11T19:58:27Z
api.maoleio.cn,,,,,,,,0,2026-07-11T19:58:27Z
api.mitchll.com,,,,,,,,2,2026-07-11T19:58:27Z
api.mkeai.com,,,,,,,,2,2026-07-11T19:58:27Z
api.mnapi.com,,,,,,,,2,2026-07-11T19:58:27Z
api.mooko.ai,,,,,,,,2,2026-07-11T19:58:27Z
api.mosshubs.com,,,,,,,,2,2026-07-11T19:58:27Z
api.n1n.ai,,,no_dilution|stability,,,,,2,2026-07-11T19:58:27Z
api.nbility.dev,,,,,,,,2,2026-07-11T19:58:27Z
api.nekoapi.com,,,,,,,,2,2026-07-11T19:58:27Z
api.nuwaapi.com,,,,,,,,2,2026-07-11T19:58:27Z
api.onechats.cn,,,,,,,,2,2026-07-11T19:58:27Z
api.onechats.top,,,,,,,,2,2026-07-11T19:58:27Z
api.openai-ch.top,,,,,,,,2,2026-07-11T19:58:27Z
api.openai-hub.com,,,,,,,,2,2026-07-11T19:58:27Z
api.openai-labs.com,,,,,,,,2,2026-07-11T19:58:27Z
api.openai-up.com,,,,,,,,2,2026-07-11T19:58:27Z
api.openxs.top,,,,,,,,2,2026-07-11T19:58:27Z
api.orcarouter.ai,stripe|epay,,no_dilution|stability|refund,,,discord.gg/yAh6Tex6kx,support@orcarouter.ai,2,2026-07-11T19:58:27Z
api.penguinsaichat.dpdns.org,,,,,,,,2,2026-07-11T19:58:27Z
api.ppchat.vip,,,,,,,,2,2026-07-11T19:58:27Z
api.pro365.top,,,,,,,,2,2026-07-11T19:58:27Z
api.qingyuntop.top,,,stability,,,,,2,2026-07-11T19:58:27Z
api.qiuqiutoken.com,,,,,,,,2,2026-07-11T19:58:27Z
api.qlhazycoder.top,,,,,,,,2,2026-07-11T19:58:27Z
api.rcouyi.com,,,stability,,,,,2,2026-07-11T19:58:27Z
api.rtoc.cc,,,,,,,,2,2026-07-11T19:58:27Z
api.shubiaobiao.cn,,,,,,,,2,2026-07-11T19:58:27Z
api.shubiaobiao.com,,,,,,,,2,2026-07-11T19:58:27Z
api.skyapi.org,,,,,,,,2,2026-07-11T19:58:27Z
api.soruxgpt.com,,,,,,,,2,2026-07-11T19:58:27Z
api.ssopen.top,,,stability,,,,,2,2026-07-11T19:58:27Z
api.suchuang.vip,,,,,,,,2,2026-07-11T19:58:27Z
api.sunyears.com,,,,,,,,2,2026-07-11T19:58:27Z
api.sychatplus.cc,,,,,,,,2,2026-07-11T19:58:27Z
api.tokenrouter.com,,,,,,,,0,2026-07-11T19:58:27Z
api.tokenshen.top,,,,,,,,2,2026-07-11T19:58:27Z
api.tsbys.com,,,,,,,,2,2026-07-11T19:58:27Z
api.twgom.com,,,,,,,,2,2026-07-11T19:58:27Z
api.uniapi.ai,,,,,,,,2,2026-07-11T19:58:27Z
api.unorouter.ai,,,,,,,,2,2026-07-11T19:58:27Z
api.uu6.top,,,,,,,,2,2026-07-11T19:58:27Z
api.vbcode.io,,,,,,,,2,2026-07-11T19:58:27Z
api.vveai.com,,,no_dilution|stability,,,,,2,2026-07-11T19:58:27Z
api.wlai.vip,,,stability,,,,,2,2026-07-11T19:58:27Z
api.wochirou.com,,,,,,,,2,2026-07-11T19:58:27Z
api.xeduapi.com,,,,,,,,2,2026-07-11T19:58:27Z
api.xi-ai.cn,,,,,,,,2,2026-07-11T19:58:27Z
api.xty.app,,,,,,,,2,2026-07-11T19:58:27Z
api.yixia.ai,,,,,,,,2,2026-07-11T19:58:27Z
api.yuegle.com,,,,,,,,2,2026-07-11T19:58:27Z
api.yunwu.ai,,,stability,,,,,2,2026-07-11T19:58:27Z
api.zhenhaoji.qzz.io,,,,,,,,2,2026-07-11T19:58:27Z
api000.com,,,,,,,,2,2026-07-11T19:58:27Z
api1.uiuiapi.com,,,stability,,,,,2,2026-07-11T19:58:27Z
api1.zhtec.xyz,,,,,,,,2,2026-07-11T19:58:27Z
api2.aigcbest.top,,,,,,,,2,2026-07-11T19:58:27Z
api2.penguinsaichat.dpdns.org,,,,,,,,2,2026-07-11T19:58:27Z
api2.qiuqiutoken.com,,,,,,,,2,2026-07-11T19:58:27Z
api3.wlai.vip,,,,,,,,2,2026-07-11T19:58:27Z
api520.pro,,,,,,,,2,2026-07-11T19:58:27Z
apicdn.xyc.ai,,,,,,,,2,2026-07-11T19:58:27Z
apicn-platform.ope.ai,,,,,,,,0,2026-07-11T19:58:27Z
apiddt.com,,,,,,,,2,2026-07-11T19:58:27Z
apidock.ai,,,,,,,,2,2026-07-11T19:58:27Z
apihost.cn,,,,,,,,2,2026-07-11T19:58:27Z
apimart.ai,alipay|paypal|usdt_crypto,,no_dilution|stability,,,discord.gg/MGtn59qQx,,2,2026-07-11T19:58:27Z
apinebula.com,,,,,,,,2,2026-07-11T19:58:27Z
apirouter.ai,,,,,,,,2,2026-07-11T19:58:27Z
arkvision.ai,,,,,,,,2,2026-07-11T19:58:27Z
atomflow.vip,,,,,,,,2,2026-07-11T19:58:27Z
avoapi.com,,,,,,,,2,2026-07-11T19:58:27Z
axisapi.cn,,,,,,,,2,2026-07-11T19:58:27Z
az.zlapi.pro,,,,,,,,2,2026-07-11T19:58:27Z
azapi.com.cn,,,,,,,,2,2026-07-11T19:58:27Z
bdshmmkj3.cn,,,,,,,,2,2026-07-11T19:58:27Z
bearlab.ai,,,,,,,,2,2026-07-11T19:58:27Z
biyuan.ai,,,stability,,,,,2,2026-07-11T19:58:27Z
botcf.com,,,,,,,,2,2026-07-11T19:58:27Z
business.newcli.com,,,,,,,,2,2026-07-11T19:58:27Z
buzzai.top,,,,,,,,0,2026-07-11T19:58:27Z
camel.kr777.top,,,,,,,,2,2026-07-11T19:58:27Z
catapi.ai,,,,,,,,2,2026-07-11T19:58:27Z
cc-api.chat,,,,,,,,2,2026-07-11T19:58:27Z
cc.cwapi.vip,,,,,,,,0,2026-07-11T19:58:27Z
ccll.xyz,,,,,,,,2,2026-07-11T19:58:27Z
cdn.coderelay.cn,,,,,,,,2,2026-07-11T19:58:27Z
chat.innk.cc,,,no_log|no_dilution,,,,,2,2026-07-11T19:58:27Z
chatapi.onechats.ai,,,,,,,,2,2026-07-11T19:58:27Z
chatapi.onechats.top,,,,,,,,2,2026-07-11T19:58:27Z
chatapi.zjt66.top,,,,,,,,2,2026-07-11T19:58:27Z
chatfire.cn,,,,,,,,2,2026-07-11T19:58:27Z
cheapai.ai,usdt_crypto,,stability,t.me/cheapai_support_bot,,,support@cheapai.io,1,2026-07-11T19:58:27Z
chiangma.com,,,,,,,,2,2026-07-11T19:58:27Z
chongcodex.cn,,,,,,,,2,2026-07-11T19:58:27Z
chybenzun.top,,,,,,,,2,2026-07-11T19:58:27Z
ciyuan-token.com,,,,,,,,2,2026-07-11T19:58:27Z
ciyuanshen.top,,,,,,,,2,2026-07-11T19:58:27Z
clauddy.com,,,,,,,,2,2026-07-11T19:58:27Z
claude.bestswifter.com,,,,,,,,2,2026-07-11T19:58:27Z
claude.buzz7.top,,,,,,,,2,2026-07-11T19:58:27Z
claude360.xyz,,,,,,,,2,2026-07-11T19:58:27Z
claudeapi.ai,,,,,,,,2,2026-07-11T19:58:27Z
claudeapi.io,,,,,,,,2,2026-07-11T19:58:27Z
claudeforcheap.com,,,,,,,,2,2026-07-11T19:58:27Z
claudemain.com,,,,,,,,2,2026-07-11T19:58:27Z
cli.999554.xyz,,,,,,,,2,2026-07-11T19:58:27Z
cloud.dataeyes.ai,,,,,,,,0,2026-07-11T19:58:27Z
cloudapi.wdyu.eu.cc,,,,,,,,2,2026-07-11T19:58:27Z
cn.chrouter.com,,,,,,,,2,2026-07-11T19:58:27Z
cn.crazyrouter.com,,,,,,,,0,2026-07-11T19:58:27Z
cn.luckyapi.chat,,,,,,,,2,2026-07-11T19:58:27Z
cnapi.kksj.org,,,,,,,,2,2026-07-11T19:58:27Z
coaiwork.com,,,,,,,,2,2026-07-11T19:58:27Z
code-cli.cn,,,,,,,,2,2026-07-11T19:58:27Z
code.wenwen-ai.com,,,,,,,,2,2026-07-11T19:58:27Z
code0.ai,,,,,,,,2,2026-07-11T19:58:27Z
codecdn.bytecatcode.org,,,,,,,,2,2026-07-11T19:58:27Z
codexapis.com,,,,,,,,2,2026-07-11T19:58:27Z
coding.trendsetting-ai.com,,,,,,,,2,2026-07-11T19:58:27Z
cometapi.com,,,stability,,,discord.gg/HMpuV6FCrG,"chen@cometapi.com, support@cometapi.com",2,2026-07-11T19:58:27Z
computetoken.ai,,,,,,,,2,2026-07-11T19:58:27Z
console.claudeapi.com,,,,,,,,2,2026-07-11T19:58:27Z
conv.wangmin.xyz,,,,,,,,2,2026-07-11T19:58:27Z
crazyrouter.com,,,,t.me/crzrouter,,,,2,2026-07-11T19:58:27Z
cuberouter.ai,,,,,,,,2,2026-07-11T19:58:27Z
cun.ai,,,,,,,,2,2026-07-11T19:58:27Z
cy.10dianai.com,,,,,,,,2,2026-07-11T19:58:27Z
daikuankm.cn,,,,,,,,2,2026-07-11T19:58:27Z
dapicloud.com,,,,,,,,2,2026-07-11T19:58:27Z
dasuapi.com,,,,,,,,2,2026-07-11T19:58:27Z
dddai.dev,,,,,,,,2,2026-07-11T19:58:27Z
deeprouter.top,,,,,,,,2,2026-07-11T19:58:27Z
deepseek.perfxlab.cn,,,,,,,,2,2026-07-11T19:58:27Z
dohoya.com,,,,,,,,2,2026-07-11T19:58:27Z
dongtoken.com,,,,,,,,2,2026-07-11T19:58:27Z
dpapi.cn,,,,,,,,2,2026-07-11T19:58:27Z
easyrouter.io,,,,,,,,2,2026-07-11T19:58:27Z
eirouter.com,,,,,,,,2,2026-07-11T19:58:27Z
elysiver.h-e.top,,,,,,,,2,2026-07-11T19:58:27Z
fast.poloai.top,,,,,,,,2,2026-07-11T19:58:27Z
fast.qianxing.pro,,,,,,,,2,2026-07-11T19:58:27Z
fast.smartaipro.cn,,,,,,,,2,2026-07-11T19:58:27Z
fast.xeduapi.com,,,,,,,,2,2026-07-11T19:58:27Z
fastcc.ai,,,,,,,,2,2026-07-11T19:58:27Z
ffir.cn,,,stability,,,,,2,2026-07-11T19:58:27Z
fkclaude.xyz,,,,,,,,2,2026-07-11T19:58:27Z
fluxnode.org,,,stability,,,,,2,2026-07-11T19:58:27Z
fluxtoken.ai,,,,,,,,2,2026-07-11T19:58:27Z
freeapi.dgbmc.top,,,,,,,,2,2026-07-11T19:58:27Z
fuhuacloud.ai,,,,,,,,2,2026-07-11T19:58:27Z
fushengyunsuan.cn,,,,,,,,2,2026-07-11T19:58:27Z
fushengyunsuan.com,,,,,,,,2,2026-07-11T19:58:27Z
futurmix.ai,,,,,,,,2,2026-07-11T19:58:27Z
gatewayapi.ai,,,,,,,,2,2026-07-11T19:58:27Z
geeknow.ai,,,,,,,,2,2026-07-11T19:58:27Z
geminiapi.ai,,,,,,,,2,2026-07-11T19:58:27Z
getunikey.ai,,,,,,,,2,2026-07-11T19:58:27Z
ggrokheavy.xyz,,,,,,,,2,2026-07-11T19:58:27Z
globalai.vip,,,,,,,,2,2026-07-11T19:58:27Z
goapi.gptnb.ai,,,,,,,,2,2026-07-11T19:58:27Z
goapis.vip,,,,,,,,2,2026-07-11T19:58:27Z
gogogotoken.ai,,,,,,,,2,2026-07-11T19:58:27Z
gongyi.subisle.cc,,,,,,,,2,2026-07-11T19:58:27Z
gpt-pool.com,,,,,,,,2,2026-07-11T19:58:27Z
gw.claudeapi.com,,,,,,,,0,2026-07-11T19:58:27Z
gyapi.zxiaoruan.cn,,,,,,,,0,2026-07-11T19:58:27Z
gzxsy.vip,,,,,,,,2,2026-07-11T19:58:27Z
hboom.ai,,,,,,,,2,2026-07-11T19:58:27Z
helpcoder.cc,,,,,,,,2,2026-07-11T19:58:27Z
heykey.ai,,,,,,,,2,2026-07-11T19:58:27Z
hk.vbcode.io,,,,,,,,2,2026-07-11T19:58:27Z
hk.xty.app,,,,,,,,2,2026-07-11T19:58:27Z
holamexicali.com,,,,,,,,2,2026-07-11T19:58:27Z
home.moleapi.com,,,stability,,,,,2,2026-07-11T19:58:27Z
hottoken.ai,,,,,,,,2,2026-07-11T19:58:27Z
huaci.ai,,,stability,,,,,2,2026-07-11T19:58:27Z
huashang.dpdns.org,,,,,,,,0,2026-07-11T19:58:27Z
huasuan.ai,,,stability,,,,,2,2026-07-11T19:58:27Z
hyperapi.cc,,,,,,,,2,2026-07-11T19:58:27Z
image.fushengyunsuan.cn,,,,,,,,2,2026-07-11T19:58:27Z
indotoken.ai,,,,,,,,2,2026-07-11T19:58:27Z
jarvis.ccwu.cc,,,,,,,,2,2026-07-11T19:58:27Z
jeniya.cn,,,stability,,,,,2,2026-07-11T19:58:27Z
jeniya.top,,,stability,,,,,2,2026-07-11T19:58:27Z
jianzhile.vip,,,,,,,,2,2026-07-11T19:58:27Z
jiuuij.de5.net,,,,,,,,2,2026-07-11T19:58:27Z
jojocode.com,,,,,,,,2,2026-07-11T19:58:27Z
key.wenwen-ai.com,,,,,,,,2,2026-07-11T19:58:27Z
kingflow.ai,,,no_dilution|stability,,,,,2,2026-07-11T19:58:27Z
koalaapi.com,,,,,,,,2,2026-07-11T19:58:27Z
krizai.ai,,,,,,,,2,2026-07-11T19:58:27Z
kunpengyr.xyz,,,stability,,,,,2,2026-07-11T19:58:27Z
lanxiu.cc,,,,,,,,2,2026-07-11T19:58:27Z
learn-ai.top,,,,,,,,2,2026-07-11T19:58:27Z
linoapi.com.cn,,,stability,,,,,2,2026-07-11T19:58:27Z
llm.indrin.cn,,,,,,,,2,2026-07-11T19:58:27Z
longshang.pro,,,,,,,,2,2026-07-11T19:58:27Z
loyal-agent.ai,,,,,,,,2,2026-07-11T19:58:27Z
lumibest.cc,,,,,,,,2,2026-07-11T19:58:27Z
lxtech.icu,,,,,,,,2,2026-07-11T19:58:27Z
magic666.top,,,,,,,,2,2026-07-11T19:58:27Z
maoyulin.xyz,,,,,,,,2,2026-07-11T19:58:27Z
marting.pro,,,stability,,,,,2,2026-07-11T19:58:27Z
maryandthedot.com,,,,,,,,2,2026-07-11T19:58:27Z
max20.cn,,,,,,,,2,2026-07-11T19:58:27Z
metapi.lilililwan.xyz,,,,,,,,0,2026-07-11T19:58:27Z
metoken.ai,,,,,,,,2,2026-07-11T19:58:27Z
micuapi.ai,,,,,,,,2,2026-07-11T19:58:27Z
mikucode.xyz,,,,,,,,2,2026-07-11T19:58:27Z
mingyu.it.com,,,,,,,,2,2026-07-11T19:58:27Z
mmaqq.top,,,,,,,,2,2026-07-11T19:58:27Z
model.zhengshuyun.net,,,,,,,,2,2026-07-11T19:58:27Z
modelapi.co,,,,,,,,2,2026-07-11T19:58:27Z
modelcode.one,,,,,,,,2,2026-07-11T19:58:27Z
modelpier.ai,,,,,,,,2,2026-07-11T19:58:27Z
mofas.one,,,,,,,,2,2026-07-11T19:58:27Z
monking.ai,,,,,,,,2,2026-07-11T19:58:27Z
moyuu.cc,,,,,,,,2,2026-07-11T19:58:27Z
naitok.ai,,,,,,,,2,2026-07-11T19:58:27Z
nano.580ai.net,,,,,,,,2,2026-07-11T19:58:27Z
nekoapi.com,,,,,,,,2,2026-07-11T19:58:27Z
new-api-bxhm.onrender.com,,,,,,,,2,2026-07-11T19:58:27Z
new-api-latest-1-eu26.onrender.com,,,,,,,,2,2026-07-11T19:58:27Z
new-api.koyeb.app,,,,,,,,2,2026-07-11T19:58:27Z
new-api.xt-url.com,,,,,,,,2,2026-07-11T19:58:27Z
new.123nhh.xyz,,,,,,,,0,2026-07-11T19:58:27Z
new.12ai.org,,,,,,,,2,2026-07-11T19:58:27Z
newapi.777358.xyz,,,,,,,,2,2026-07-11T19:58:27Z
newapi.imagic.eu.org,,,,,,,,2,2026-07-11T19:58:27Z
newapi.jianxiaozhi.chat,,,,,,,,2,2026-07-11T19:58:27Z
newapi.neokoaigc.com,,,,,,,,2,2026-07-11T19:58:27Z
newapi.prorisehub.com,,,,,,,,2,2026-07-11T19:58:27Z
next.aigc2d.com,,,stability,,,,,2,2026-07-11T19:58:27Z
nexusapi.cn,,,stability,,,,,2,2026-07-11T19:58:27Z
nikoapi.xyz,,,,,,,,2,2026-07-11T19:58:27Z
niubiai.ai,,,,,,,,2,2026-07-11T19:58:27Z
nodapi.com,,,stability,,,,,2,2026-07-11T19:58:27Z
oai2api.com,,,,,,,,2,2026-07-11T19:58:27Z
octoken.com.cn,,,,,,,,2,2026-07-11T19:58:27Z
one-api.aiporters.com,,,,,,,,2,2026-07-11T19:58:27Z
one-api.bltcy.top,,,,,,,,2,2026-07-11T19:58:27Z
one.aiskt.com,,,,,,,,2,2026-07-11T19:58:27Z
one.ocoolai.com,alipay|wechat_pay|stripe|paypal|usdt_crypto|epay,Y,no_log|privacy_first|no_dilution|stability|refund,,,,,1,2026-07-11T19:58:27Z
oneapi.gptnb.ai,,,,,,,,2,2026-07-11T19:58:27Z
oneapi.paintbot.top,,,,,,,,2,2026-07-11T19:58:27Z
oneapi.xty.app,,,,,,,,2,2026-07-11T19:58:27Z
oneapi.zaiwen.top,,,,,,,,2,2026-07-11T19:58:27Z
onetoken.one,,,,,,,,2,2026-07-11T19:58:27Z
oogaming.cn,,,,,,,,2,2026-07-11T19:58:27Z
open.cherryin.ai,,,,,,,,2,2026-07-11T19:58:27Z
open.cherryin.net,,,,,,,,2,2026-07-11T19:58:27Z
openai-labs.com,,,,,,,,2,2026-07-11T19:58:27Z
openclawroot.com,,,,,,,,2,2026-07-11T19:58:27Z
openiapi.com,,,stability,,,,,2,2026-07-11T19:58:27Z
orcarouter.ai,stripe|epay,,no_dilution|stability|refund,,,discord.gg/yAh6Tex6kx,support@orcarouter.ai,2,2026-07-11T19:58:27Z
panel.model-port.xyz,,,stability,,,,,2,2026-07-11T19:58:27Z
platform.ephone.ai,,,no_log|no_dilution,,,,,2,2026-07-11T19:58:27Z
playclaude.xyz,,,,,,,,2,2026-07-11T19:58:27Z
plushub.ai,,,,,,,,2,2026-07-11T19:58:27Z
poloai.top,,,,,,,,2,2026-07-11T19:58:27Z
poloapi.top,,,,,,,,2,2026-07-11T19:58:27Z
poooai.com,,,,,,,,2,2026-07-11T19:58:27Z
pro.aiskt.com,,,,,,,,2,2026-07-11T19:58:27Z
qinzhiai.com,,,,,,,,2,2026-07-11T19:58:27Z
racetozero.org.cn,,,,,,,,2,2026-07-11T19:58:27Z
realmrouter.cn,,,,,,,,2,2026-07-11T19:58:27Z
relaydance.com,stripe|usdt_crypto,,,t.me/sukieaiplayground,,,support@relaydance.com,2,2026-07-11T19:58:27Z
rinkoai.com,,,,,,,,2,2026-07-11T19:58:27Z
riserouter.ai,,,,,,,,2,2026-07-11T19:58:27Z
routeeasy.ai,,,,,,,,2,2026-07-11T19:58:27Z
router.8864k.com,alipay|usdt_crypto,Y,privacy_first|stability|refund,t.me/junhuokuclub,,,,2,2026-07-11T19:58:27Z
s.lconai.com,,,,,,,,2,2026-07-11T19:58:27Z
sakuradori.dpdns.org,,,,,,,,2,2026-07-11T19:58:27Z
sg.uiuiapi.com,,,stability,,,,,2,2026-07-11T19:58:27Z
shareapi.ai,,,,,,,,2,2026-07-11T19:58:27Z
shen-ai-xie.ai,,,,,,,,2,2026-07-11T19:58:27Z
skillto.ai,,,,,,,,1,2026-07-11T19:58:27Z
skyapi.org,,,,,,,,2,2026-07-11T19:58:27Z
svip.xty.app,,,,,,,,2,2026-07-11T19:58:27Z
taluna.ai,,,,,,,,2,2026-07-11T19:58:27Z
thousandengine.com,,,stability,,,,,2,2026-07-11T19:58:27Z
tian-shu.org,,,,,,,,2,2026-07-11T19:58:27Z
tiantianai.pro,,,,,,,,2,2026-07-11T19:58:27Z
tiger.bookapi.cc,,,,,,,,2,2026-07-11T19:58:27Z
tokendodo.ai,,,,,,,,2,2026-07-11T19:58:27Z
tokeneum.ai,,,,,,,,2,2026-07-11T19:58:27Z
tokenget.ai,,,,,,,,2,2026-07-11T19:58:27Z
tokenlb.net,,,,,,,,2,2026-07-11T19:58:27Z
tokenopen.ai,,,,,,,,2,2026-07-11T19:58:27Z
tokenvalley.ai,,,,,,,,2,2026-07-11T19:58:27Z
torchai.ai,,,,,,,,2,2026-07-11T19:58:27Z
treerouter.com,,,,,,,,2,2026-07-11T19:58:27Z
trumpapi.ai,,,,,,,,2,2026-07-11T19:58:27Z
uniapi.ai,,,,,,,,2,2026-07-11T19:58:27Z
us.ifopen.ai,,,,,,,,2,2026-07-11T19:58:27Z
v-api.de5.net,,,,,,,,2,2026-07-11T19:58:27Z
vbcode.io,,,,,,,,2,2026-07-11T19:58:27Z
vectorengine.ai,,,stability,,,,,2,2026-07-11T19:58:27Z
venlacy.com,,,,,,,,2,2026-07-11T19:58:27Z
vera-hub.ai,,,,,,,,1,2026-07-11T19:58:27Z
vibecodingapi.ai,,,,,,,,2,2026-07-11T19:58:27Z
vip.lcodex.cn,,,,,,,,2,2026-07-11T19:58:27Z
vip.undyingapi.com,,,,,,,,2,2026-07-11T19:58:27Z
vsllm.com,,,stability,,,,,2,2026-07-11T19:58:27Z
vvcode.top,,,,,,,,2,2026-07-11T19:58:27Z
web3router.ai,,,,,,,,2,2026-07-11T19:58:27Z
webchannel.ai,,,,,,,,2,2026-07-11T19:58:27Z
wellapi.ai,,,stability,,,,,2,2026-07-11T19:58:27Z
whyyapi.com,,,,,,,,2,2026-07-11T19:58:27Z
willapi.one,,,,,,,,2,2026-07-11T19:58:27Z
wkapi.club,,,,,,,,2,2026-07-11T19:58:27Z
wochirou.com,,,,,,,,2,2026-07-11T19:58:27Z
wolfai.top,,,,,,,,2,2026-07-11T19:58:27Z
www.5cookie.cc,,,,,,,,2,2026-07-11T19:58:27Z
www.78code.cc,,,,,,,,2,2026-07-11T19:58:27Z
www.ai-openclaw.one,,,,,,,,2,2026-07-11T19:58:27Z
www.ai-wave.org,,,,,,,,2,2026-07-11T19:58:27Z
www.aiartmirror.com,,,,,,,,2,2026-07-11T19:58:27Z
www.amutes.com,,,,,,,,2,2026-07-11T19:58:27Z
www.ananapi.com,,,,,,,,2,2026-07-11T19:58:27Z
www.boxying.com,,,,,,,,2,2026-07-11T19:58:27Z
www.cctq.ai,,,,,,,,2,2026-07-11T19:58:27Z
www.code-cli.cn,,,,,,,,2,2026-07-11T19:58:27Z
www.codexapis.com,,,,,,,,2,2026-07-11T19:58:27Z
www.cometapi.com,,,stability,,,discord.gg/HMpuV6FCrG,"chen@cometapi.com, support@cometapi.com",2,2026-07-11T19:58:27Z
www.crazyrouter.com,,,,t.me/crzrouter,,,,2,2026-07-11T19:58:27Z
www.deerapi.com,,,,,,,,2,2026-07-11T19:58:27Z
www.dmxapi.cn,,,,,,,,2,2026-07-11T19:58:27Z
www.dmxapi.com,,,,,,,,2,2026-07-11T19:58:27Z
www.dohoya.com,,,,,,,,2,2026-07-11T19:58:27Z
www.duckcoding.ai,,,,,,,,2,2026-07-11T19:58:27Z
www.eirouter.com,,,,,,,,2,2026-07-11T19:58:27Z
www.fucheers.top,,,,,,,,2,2026-07-11T19:58:27Z
www.fuxingapi.com,,,,,,,,2,2026-07-11T19:58:27Z
www.huanapi.com,,,,,,,,2,2026-07-11T19:58:27Z
www.kuaiaiapi.com,,,,,,,,2,2026-07-11T19:58:27Z
www.llmhub.com.cn,,,no_dilution,,,,,2,2026-07-11T19:58:27Z
www.mnapi.com,,,,,,,,0,2026-07-11T19:58:27Z
www.mofas.one,,,,,,,,2,2026-07-11T19:58:27Z
www.monking.ai,,,,,,,,2,2026-07-11T19:58:27Z
www.openai-labs.com,,,,,,,,2,2026-07-11T19:58:27Z
www.orcarouter.ai,stripe|epay,,no_dilution|stability|refund,,,discord.gg/yAh6Tex6kx,support@orcarouter.ai,2,2026-07-11T19:58:27Z
www.packyapi.com,,,stability,,,,,2,2026-07-11T19:58:27Z
www.qhaigc.net,,,,,,,,2,2026-07-11T19:58:27Z
www.quickquickai.com,,,,,,,,2,2026-07-11T19:58:27Z
www.traxnode.com,,,,,,,,2,2026-07-11T19:58:27Z
www.uocode.com,,,,,,,,2,2026-07-11T19:58:27Z
www.vbcode.io,,,,,,,,2,2026-07-11T19:58:27Z
www.wasdxx.xyz,,,,,,,,2,2026-07-11T19:58:27Z
www.wushuangai.com,,,,,,,,2,2026-07-11T19:58:27Z
www.xiaoyo.cn,,,,,,,,2,2026-07-11T19:58:27Z
www.yxaiapp.com,,,,,,,,2,2026-07-11T19:58:27Z
x.api96.com,,,,,,,,2,2026-07-11T19:58:27Z
xeduapi.com,,,,,,,,2,2026-07-11T19:58:27Z
xinglianapi.com,,,,,,,,2,2026-07-11T19:58:27Z
xinyuanai666.com,,,stability,,,,,2,2026-07-11T19:58:27Z
xn--15q04w3tg4kio0a.com,,,,,,,,2,2026-07-11T19:58:27Z
xy.poloapi.com,,,,,,,,2,2026-07-11T19:58:27Z
yansd666.com,,,,,,,,2,2026-07-11T19:58:27Z
yansd666.top,,,,,,,,2,2026-07-11T19:58:27Z
ycyapi.cn,,,,,,,,2,2026-07-11T19:58:27Z
yibuapi.com,,,,,,,,2,2026-07-11T19:58:27Z
yikoulian.cc,,,,,,,,2,2026-07-11T19:58:27Z
yooart.top,,,,,,,,2,2026-07-11T19:58:27Z
yunwu.ai,,,stability,,,,,2,2026-07-11T19:58:27Z
zapi.aicc0.com,,,,,,,,2,2026-07-11T19:58:27Z
zc-s.org.cn,,,,,,,,2,2026-07-11T19:58:27Z
zen-ai.top,,,,,,,,2,2026-07-11T19:58:27Z
zzshu.cc,,,,,,,,2,2026-07-11T19:58:27Z
api.ant-ling.com,,,,,,,,0,2026-07-11T19:58:27Z
api.router.tetrate.ai,,,,,,,,0,2026-07-11T19:58:27Z
ctrl.maton.ai,,,,,,,,0,2026-07-11T19:58:27Z
hk-api.gptbest.vip,,,,,,,,0,2026-07-11T19:58:27Z
moark.ai,epay,,,,,discord.gg/hGGWhSDm3U,,2,2026-07-11T19:58:27Z
status.trustedrouter.com,,,,,,,,0,2026-07-11T19:58:27Z
tokenhub-intl.tencentcloudmaas.com,,,,,,,,0,2026-07-11T19:58:27Z
tokenhub.tencentcloudmaas.com,,,,,,,,0,2026-07-11T19:58:27Z
africarouter.ai,,,stability,,,,,1,2026-07-11T19:58:27Z
ai.cc,,,no_log,,,,support@ai.cc,1,2026-07-11T19:58:27Z
ai.hepingan.top,alipay|paypal|usdt_crypto,,stability|refund,,,,"1641436566@qq.com, 1973016127@qq.com",1,2026-07-11T19:58:27Z
ai.ugf.cc,,Y,,,457527321,,,2,2026-07-11T19:58:27Z
aiapidoctor.com,,,,,,,,2,2026-07-11T19:58:27Z
aimlapi.com,usdt_crypto,,stability,,,discord.gg/hvaUsJpVJf,help@aimlapi.com,2,2026-07-11T19:58:27Z
all-api-hub.qixing1217.top,,,stability,t.me/qixing_chat,,discord.gg/RmFXZ577ZQ,,1,2026-07-11T19:58:27Z
antirez.com,stripe,,no_log,,,,,1,2026-07-11T19:58:27Z
api.starveri.net,,,,,,,,1,2026-07-11T19:58:27Z
api.teamorouter.com,alipay,,no_dilution|stability,,,discord.gg/QT9dwxXr,,2,2026-07-11T19:58:27Z
api.xunhupay.com,alipay|wechat_pay|epay,,stability,,295292794,,,1,2026-07-11T19:58:27Z
apigator.ai,stripe,,,,,,support@apigator.ai,2,2026-07-11T19:58:27Z
apirank.ttop5.cc,,,,,,,,1,2026-07-11T19:58:27Z
apixo.ai,stripe,,no_log,,,,support@apixo.ai,2,2026-07-11T19:58:27Z
atlascloud.ai,,,no_dilution|stability,,,discord.gg/kUCbEZn8js,sales@atlascloud.ai,2,2026-07-11T19:58:27Z
autocontentapi.com,,,no_log,,,,,2,2026-07-11T19:58:27Z
bazaarlink.ai,alipay|wechat_pay|stripe|usdt_crypto|epay,,no_log|stability|refund,,,,"johndoe@gmail.com, sales@bazaarlink.ai, support@bazaarlink.ai, you@company.com",1,2026-07-11T19:58:27Z
blog.mongodb.org,,,no_log,,,,,1,2026-07-11T19:58:27Z
blog.oiov.dev,,,,,,,hello@oiov.dev,2,2026-07-11T19:58:27Z
buykey.ai,,,,t.me/APIRelay,,,,1,2026-07-11T19:58:27Z
chat01.ai,alipay|wechat_pay|usdt_crypto,,refund,t.me/chat01_ai,,,"hello@chat01.ai, u003ehello@chat01.ai",2,2026-07-11T19:58:27Z
chatgpt.top,,,no_dilution|stability|refund,,,,,1,2026-07-11T19:58:27Z
cloud.fastgpt.cn,alipay|wechat_pay,,no_log,,,,,1,2026-07-11T19:58:27Z
cloud.fastgpt.io,alipay|wechat_pay,,no_log,,,,,1,2026-07-11T19:58:27Z
codeilab.com,stripe|epay,,no_log,,,,cfjwlchangji@gmail.com,1,2026-07-11T19:58:27Z
cognilead.ai,stripe,,,,,,"cto@acme.com, hello@cognilead.ai",2,2026-07-11T19:58:27Z
console.sakana.ai,epay,,,,,,,2,2026-07-11T19:58:27Z
crossmodel.ai,,,,,,,,1,2026-07-11T19:58:27Z
d5wa.com,,,,,,,kanale.rhoden@gmail.com,1,2026-07-11T19:58:27Z
darkrouter.ai,usdt_crypto,,,t.me/darkrouterai,,,support@darkrouter.ai,1,2026-07-11T19:58:27Z
dbanalyst.ai,,,,,,,,2,2026-07-11T19:58:27Z
developer.puter.com,,,no_log,,,discord.gg/PQcx7Teh8u,hi@puter.com,2,2026-07-11T19:58:27Z
dit.ai,,,no_log,,,,,1,2026-07-11T19:58:27Z
doc.newapi.pro,,,,,,,"1-quantumnous@2x.avif, 1-quantumnous@3x.avif, 1-quantumnous@4x.avif",1,2026-07-11T19:58:27Z
docs.frogbot.ai,,,,,,discord.gg/JBZF7syAnU,,1,2026-07-11T19:58:27Z
docs.helicone.ai,,,,,,"discord.gg/HwUbV3Q8qz, discord.gg/zsSTcH2qhG",help@helicone.ai,1,2026-07-11T19:58:27Z
docs.orcarouter.ai,,,,,,,,1,2026-07-11T19:58:27Z
docs.vllm.ai,,,,,,,,1,2026-07-11T19:58:27Z
eccoapi.com,stripe,,,,,,support@eccoapi.com,2,2026-07-11T19:58:27Z
edenai.co,stripe,,no_log|stability,,,,contact@edenai.co,2,2026-07-11T19:58:27Z
eu.trustedrouter.com,stripe,,no_log,,,,,2,2026-07-11T19:58:27Z
evolink.ai,,,,,,discord.gg/5mGHfA24kn,support@evolink.ai,1,2026-07-11T19:58:27Z
fastapi.aabao.vip,,,,t.me/api_aabao,,,,1,2026-07-11T19:58:27Z
fastrouter.ai,,,no_log|stability,,,discord.gg/QfTgEtMyyU,,2,2026-07-11T19:58:27Z
featherless.ai,,,no_log,,,discord.gg/7gybCMPjVA,,1,2026-07-11T19:58:27Z
fugu.sakana.ai,epay,,,,,,,2,2026-07-11T19:58:27Z
gateone.ai,wechat_pay,,,,,,,2,2026-07-11T19:58:27Z
getgoapi.com,,,,,,,,0,2026-07-11T19:58:27Z
guardentry.ai,stripe,,no_log|stability,,,,"contact@guardentry.ai, support@guardentry.ai",1,2026-07-11T19:58:27Z
hapuppy.com,paypal|usdt_crypto,,stability,,,discord.gg/YWayJmZKCu,support@hapuppy.com,2,2026-07-11T19:58:27Z
hcnote.cn,,,,,,,1309134997@qq.com,2,2026-07-11T19:58:27Z
i4um.com,,,no_log|stability,,,,,1,2026-07-11T19:58:27Z
kie.ai,paypal,,no_log|privacy_first|no_dilution|stability,,,,support@kie.ai,2,2026-07-11T19:58:27Z
loopllama.ai,,,no_log|stability,,,,sales@loopllama.ai,2,2026-07-11T19:58:27Z
mail.chatgpt.org.uk,usdt_crypto,,,,,,user@domain.com,2,2026-07-11T19:58:27Z
mdbox.ai,,,,,,,,2,2026-07-11T19:58:27Z
megallm.io,stripe,,,t.me/megallmio,,discord.gg/Megallm,support@megallm.io,2,2026-07-11T19:58:27Z
modelbeat.ai,,,no_log,,,,hello@neuralarc.ai,1,2026-07-11T19:58:27Z
modernmt.com,,,no_log,,,,,2,2026-07-11T19:58:27Z
mondon.ai,,,,,,,,2,2026-07-11T19:58:27Z
morphllm.com,,,no_log,,,,,2,2026-07-11T19:58:27Z
n1n.ai,,,,,,,,2,2026-07-11T19:58:27Z
newzone.top,,,,,,discord.gg/PZTQfJ4GjX,,1,2026-07-11T19:58:27Z
ofox.ai,alipay|stripe,Y,no_log|privacy_first|no_dilution|stability|refund,,,discord.gg/vS3dT8cbHH,hi@ofox.ai,2,2026-07-11T19:58:27Z
oiov.dev,,,,,,,hello@oiov.dev,2,2026-07-11T19:58:27Z
ominigate.ai,stripe|epay,,no_log|stability,,,discord.gg/UtFA46gP4,contact@ominigate.ai,2,2026-07-11T19:58:27Z
ominigate.com,stripe|epay,,no_log|stability,,,discord.gg/UtFA46gP4,contact@ominigate.ai,2,2026-07-11T19:58:27Z
onecheckout.ai,stripe|paypal,,,,,,you@company.com,1,2026-07-11T19:58:27Z
onehop.ai,,,stability|refund,t.me/+VlrbBvC2Clg2OGFh,,discord.gg/c6m79xP4ed,,2,2026-07-11T19:58:27Z
open.onebound.cn,wechat_pay,,no_log|stability,,,,service@onebound.cn,2,2026-07-11T19:58:27Z
openminis.app,,,privacy_first|no_dilution|stability,,,,dev@openminis.me,1,2026-07-11T19:58:27Z
openrouter.ai,epay,,stability,,,discord.gg/fVyRaUDgxW,,2,2026-07-11T19:58:27Z
openrouter.com,,,,,,discord.gg/fVyRaUDgxW,,1,2026-07-11T19:58:27Z
opper.ai,stripe,,no_log|stability,,,discord.gg/wcT3bc7Y4Y,hello@opper.ai,2,2026-07-11T19:58:27Z
pay.xunhuweb.com,alipay|wechat_pay|epay,,stability,,295292794,,,1,2026-07-11T19:58:27Z
poyo.ai,,,,,,,,2,2026-07-11T19:58:27Z
pptoken.org,alipay|usdt_crypto|epay,,stability,,757977211,,,1,2026-07-11T19:58:27Z
publora.com,stripe,,,,,discord.gg/KYZGsH7Mfb,support@publora.com,2,2026-07-11T19:58:27Z
rapidapi.com,stripe|paypal,,no_log,,,,"privacy@rapidapi.com, support@rapidapi.com",2,2026-07-11T19:58:27Z
releases.cherry-ai.com,,,no_dilution,,,,,1,2026-07-11T19:58:27Z
rewind.ai,stripe,,stability,,,,"support@rewind.ai, your@email.com",2,2026-07-11T19:58:27Z
routellm.abacus.ai,,,,,,,contact@abacus.ai,1,2026-07-11T19:58:27Z
routeplane.ai,,,,,,,rp_maintainers@routeplane.ai,1,2026-07-11T19:58:27Z
router.teamolab.com,alipay,,no_dilution|stability,,,discord.gg/QT9dwxXr,,2,2026-07-11T19:58:27Z
runapi.ai,stripe|paypal,,stability,,,,support@runapi.ai,2,2026-07-11T19:58:27Z
runware.ai,,,stability,,,discord.gg/runware,jane@company.com,2,2026-07-11T19:58:27Z
scam.ai,,,no_log|stability,,,,"contact@scam.ai, you@company.com",2,2026-07-11T19:58:27Z
sourcesdata.com,,,privacy_first|no_dilution|stability|refund,t.me/+E_ha2LzkNSg2NzNl,,,,2,2026-07-11T19:58:27Z
sub2api.xybbz.xyz,,,no_dilution|stability|refund,,,,,2,2026-07-11T19:58:27Z
subtoken.vip,,,stability|refund,,,,,2,2026-07-11T19:58:27Z
supermemory.ai,,,stability,,,,"_@astro.BDUlJNH7.css, _@astro.CccU",2,2026-07-11T19:58:27Z
svip.riyuexy.cc,,,stability|refund,,,,,2,2026-07-11T19:58:27Z
teamorouter.com,alipay,,no_dilution|stability,,,discord.gg/QT9dwxXr,,2,2026-07-11T19:58:27Z
telenow.ai,stripe|paypal,,,,,,,2,2026-07-11T19:58:27Z
therouter.ai,stripe,,,t.me/TheRouterAI,,discord.gg/Hm69mCcj,support@therouter.ai,2,2026-07-11T19:58:27Z
threadzy.ai,,,,,,,,1,2026-07-11T19:58:27Z
tokenrouter.com,,,,,,discord.gg/XX57FY8S9X,,2,2026-07-11T19:58:27Z
trustedrouter.com,stripe|paypal,,no_log,,,,,2,2026-07-11T19:58:27Z
twentytwohundred.ai,,,,,,,,2,2026-07-11T19:58:27Z
unorouter.ai,,,no_dilution|stability|refund,t.me/addlist,,discord.gg/eRAeFd9aqy,support@unorouter.com,2,2026-07-11T19:58:27Z
uuroute.ai,,,stability,,,,"support@uuroute.ai, your@company.com",1,2026-07-11T19:58:27Z
velokey.ai,alipay|wechat_pay|stripe|usdt_crypto,,no_log|privacy_first|no_dilution|stability|refund,,,discord.gg/XXYXVfXyV,support@velokey.ai,2,2026-07-11T19:58:27Z
visionati.com,stripe|epay,,,,,,,1,2026-07-11T19:58:27Z
voltapi.ai,,,privacy_first|no_dilution|stability|refund,t.me/+Lfq1A_3e6BRhNjE5,,,support@voltapi.ai,2,2026-07-11T19:58:27Z
vpszdm.com,,,no_dilution|stability|refund,t.me/bwh81,,,,2,2026-07-11T19:58:27Z
worldrouter.ai,usdt_crypto,,,,,,support@worldclaw.ai,2,2026-07-11T19:58:27Z
www.0029.org,alipay|usdt_crypto|epay,,stability,,,,,2,2026-07-11T19:58:27Z
www.ai.cc,,,no_log,,,,support@ai.cc,1,2026-07-11T19:58:27Z
www.aiapipk.com,,,,,,,,2,2026-07-11T19:58:27Z
www.aimlapi.com,usdt_crypto,,stability,,,discord.gg/hvaUsJpVJf,help@aimlapi.com,2,2026-07-11T19:58:27Z
www.atlascloud.ai,,,no_dilution|stability,,,discord.gg/kUCbEZn8js,sales@atlascloud.ai,2,2026-07-11T19:58:27Z
www.callgpt.co.uk,,,no_log|stability,,,,,2,2026-07-11T19:58:27Z
www.dataeyes.ai,,,no_log|no_dilution|stability,,,,,2,2026-07-11T19:58:27Z
www.dumplingai.com,,,,,,,admin@dumplingai.com,2,2026-07-11T19:58:27Z
www.edenai.co,stripe,,no_log|stability,,,,contact@edenai.co,2,2026-07-11T19:58:27Z
www.electronhub.ai,,,no_log|stability,,,discord.gg/electronhub,,2,2026-07-11T19:58:27Z
www.eurouter.ai,,,,,,,,2,2026-07-11T19:58:27Z
www.gateone.ai,wechat_pay,,,,,,,2,2026-07-11T19:58:27Z
www.gpt-load.com,,,no_dilution|stability,t.me/+GHpy5SwEllg3MTUx,,,tangb7420@gmail.com,1,2026-07-11T19:58:27Z
www.modernmt.com,,,no_log,,,,,2,2026-07-11T19:58:27Z
www.morphllm.com,,,no_log,,,,,2,2026-07-11T19:58:27Z
www.oiov.dev,,,,,,,hello@oiov.dev,2,2026-07-11T19:58:27Z
www.rewind.ai,stripe,,stability,,,,"support@rewind.ai, your@email.com",2,2026-07-11T19:58:27Z
www.trustedrouter.com,stripe|paypal,,no_log,,,,,2,2026-07-11T19:58:27Z
www.uucode.org,alipay|wechat_pay|stripe|epay,,no_log|privacy_first|no_dilution|stability|refund,,,,your@email.com,1,2026-07-11T19:58:27Z
www.xfyun.cn,,,no_dilution|stability,,,,"Cloud_Market@iflytek.com, msp_business@iflytek.com, startup@iflytek.com",1,2026-07-11T19:58:27Z
www.xunhupay.com,alipay|wechat_pay|epay,,stability,,295292794,,,1,2026-07-11T19:58:27Z
xpoz.ai,,,stability,,,,"hello@xpoz.ai, support@xpoz.ai",2,2026-07-11T19:58:27Z
xunhupay.com,alipay|wechat_pay|epay,,stability,,295292794,,,1,2026-07-11T19:58:27Z
yunzhiapi.cn,,,privacy_first|stability,,,,,1,2026-07-11T19:58:27Z
zernio.com,,,,,,,,2,2026-07-11T19:58:27Z
zetaapi.ai,,,stability,t.me/zetaapi_support,,,,2,2026-07-11T19:58:27Z
zxj-2023.github.io,usdt_crypto,,no_dilution|stability,,,,test@gmail.com,1,2026-07-11T19:58:27Z
114api.com,,,stability,,,,,2,2026-07-11T19:58:27Z
16api.com,,,stability,,,,,2,2026-07-11T19:58:27Z
1ove.tech,,,,,,,,1,2026-07-11T19:58:27Z
1publish.me,,,no_log|stability,,,,support@1publish.me,1,2026-07-11T19:58:27Z
2dapi.online,wechat_pay,,,,,,,2,2026-07-11T19:58:27Z
4hidc.com,alipay,,no_log|no_dilution|stability,,,,,2,2026-07-11T19:58:27Z
51api.org,,,no_dilution|stability,,,,,2,2026-07-11T19:58:27Z
5w5.wtf,,,,,,,,2,2026-07-11T19:58:27Z
712api.cc,,,no_dilution|stability|refund,,1106303942,,,2,2026-07-11T19:58:27Z
73card.com,,,,,,,,1,2026-07-11T19:58:27Z
8511.top,,,,,,,,2,2026-07-11T19:58:27Z
abaiapi.xyz,,,,,,,,2,2026-07-11T19:58:27Z
aggbox.shop,,,,,,,fg812867011@gmail.com,2,2026-07-11T19:58:27Z
ahmes.dev,stripe,Y,no_dilution,,,,support@ahmes.dev,2,2026-07-11T19:58:27Z
ai-leapx.com,stripe,,,,,,,1,2026-07-11T19:58:27Z
ai01.yun,,,,,,,,2,2026-07-11T19:58:27Z
ai163.cc,,,,,,,,2,2026-07-11T19:58:27Z
ai88.help,alipay,,no_dilution|stability,,,,,2,2026-07-11T19:58:27Z
aibaz.ai,,,no_log|stability,,,,,1,2026-07-11T19:58:27Z
aicloud.plus,,,stability,,,,,2,2026-07-11T19:58:27Z
aicodedog.com,stripe|epay,,stability,,,,"hello@aicodedog.com, support@aicodedog.com, u003ehello@aicodedog.com",2,2026-07-11T19:58:27Z
aifuel.cc,,,,,,,,2,2026-07-11T19:58:27Z
aigcly.top,,,no_dilution|stability,,,,hello@gpt2image.com,1,2026-07-11T19:58:27Z
aigcwuji.com,,,,,,,,2,2026-07-11T19:58:27Z
aigptx.top,,,,,,,,0,2026-07-11T19:58:27Z
aihubmix.com,,,,,,,,2,2026-07-11T19:58:27Z
aiito.top,,,,,,,,2,2026-07-11T19:58:27Z
ailvaz.com,alipay|wechat_pay|stripe|epay,Y,no_dilution|stability|refund,,,,,2,2026-07-11T19:58:27Z
airoute.vip,,,,,,,,2,2026-07-11T19:58:27Z
airouter.work,alipay|wechat_pay|stripe|paypal|usdt_crypto|epay,,no_dilution,,,,your@email.com,1,2026-07-11T19:58:27Z
aishuch.com,alipay|paypal|usdt_crypto,,no_dilution|stability,,,discord.gg/MGtn59qQx,,2,2026-07-11T19:58:27Z
aitokenapi.cc,,,,,,,,2,2026-07-11T19:58:27Z
aitransx.com,,,no_dilution|stability|refund,,,,support@aitransx.com,2,2026-07-11T19:58:27Z
aiuxu.com,alipay|paypal|usdt_crypto,,no_dilution|stability,,,discord.gg/MGtn59qQx,,2,2026-07-11T19:58:27Z
albagubra.art,,,,,,,zhuyuxua25@mails.tsinghua.edu.cn,1,2026-07-11T19:58:27Z
allmodel.co,,,no_log|stability,,,,service@allmodel.co,2,2026-07-11T19:58:27Z
alltkn.com,,,no_log|stability|refund,,,,support@alltkn.com,2,2026-07-11T19:58:27Z
amaranta.asia,,,,,,,,2,2026-07-11T19:58:27Z
anyfast.ai,,,,,,,,2,2026-07-11T19:58:27Z
anyport.xyz,,,stability|refund,,,,,2,2026-07-11T19:58:27Z
apexapi.vip,alipay|usdt_crypto|epay,,,"t.me/7840468435, t.me/yourname",,,support@apexapi.vip,2,2026-07-11T19:58:27Z
api260.com,,,,,,,,2,2026-07-11T19:58:27Z
apib.ai,alipay|paypal|usdt_crypto,,no_dilution|stability,,,discord.gg/MGtn59qQx,,2,2026-07-11T19:58:27Z
apibrg.com,,,,,,,,2,2026-07-11T19:58:27Z
apiliangrekui.com,,,,,,,,2,2026-07-11T19:58:27Z
apilink.cc,,,no_log|stability,,,,,2,2026-07-11T19:58:27Z
apimarket.top,,,stability,,,,,2,2026-07-11T19:58:27Z
apipod.ai,stripe,,no_log|no_dilution|stability|refund,,,,api@apipod.ai,2,2026-07-11T19:58:27Z
apispk.com,,,,,,,,2,2026-07-11T19:58:27Z
axis.fan,,,no_dilution|stability,,1025748118,,,2,2026-07-11T19:58:27Z
axis.yoga,,,no_dilution|stability,,1025748118,,,2,2026-07-11T19:58:27Z
base-url.cn,,,,,,,,2,2026-07-11T19:58:27Z
baziapi.site,,,,,,,,1,2026-07-11T19:58:27Z
bcapi.top,stripe,,stability,,,,,2,2026-07-11T19:58:27Z
beehears.com,,,stability,,,,,2,2026-07-11T19:58:27Z
bestroute.center,,,stability,,,,,2,2026-07-11T19:58:27Z
bgremoval.xyz,alipay,,no_dilution|stability,,,,,2,2026-07-11T19:58:27Z
blueshirtmap.com,,,,,,,,2,2026-07-11T19:58:27Z
bm-tokenai.com,alipay|wechat_pay|stripe|epay,Y,no_dilution|stability|refund,,,,,2,2026-07-11T19:58:27Z
c9api.cn,,,,,,,,2,2026-07-11T19:58:27Z
callflow.top,,,,,,,,2,2026-07-11T19:58:27Z
cc2.cx,,,,,,,,2,2026-07-11T19:58:27Z
ccg-cli.online,,,,,,,,2,2026-07-11T19:58:27Z
chaophone.top,,,,,,,,2,2026-07-11T19:58:27Z
cheapvideo.cc,,,stability,,,,,1,2026-07-11T19:58:27Z
check-in.tech,,,,,,,your@email.com,2,2026-07-11T19:58:27Z
chuizi.ai,alipay|stripe,,no_log|no_dilution|stability|refund,,,,"enterprise@chuizi.ai, support@chuizi.ai",2,2026-07-11T19:58:27Z
clauden.ai,paypal|usdt_crypto,Y,no_dilution|refund,,,,support@clauden.ai,2,2026-07-11T19:58:27Z
clawskills.shop,stripe|usdt_crypto,,,,,,,1,2026-07-11T19:58:27Z
cllmgate.com,,,stability,,,,,1,2026-07-11T19:58:27Z
corelightai.com,alipay|wechat_pay|stripe|epay,Y,no_dilution|stability|refund,,,,,2,2026-07-11T19:58:27Z
corenode.best,,,,,,,,2,2026-07-11T19:58:27Z
cowcode.top,,,no_log|stability,,,,,2,2026-07-11T19:58:27Z
creatraai.cn,,,,,,,,1,2026-07-11T19:58:27Z
d2capi.com,,,,,,,,2,2026-07-11T19:58:27Z
dailytokencloud.top,,,,,,,,2,2026-07-11T19:58:27Z
damiai.pro,,,no_log,,,,"legal@damiai.pro, privacy@damiai.pro, support@damiai.pro, u003esupport@damiai.pro",2,2026-07-11T19:58:27Z
dashupp.xin,,,stability,,,,,2,2026-07-11T19:58:27Z
dealise.xyz,,,,,,,,2,2026-07-11T19:58:27Z
dedicatedtoken.com,,,,,,,,2,2026-07-11T19:58:27Z
deepestcode.com,,,,,,,,1,2026-07-11T19:58:27Z
deeprelayapi.cloud,alipay|paypal|epay,,,,,,,2,2026-07-11T19:58:27Z
deepseek-api.com.cn,,,stability,,,,15354789933@139.com,1,2026-07-11T19:58:27Z
doroai.xyz,epay,,refund,,,,,1,2026-07-11T19:58:27Z
douke.chat,,,,,,,,2,2026-07-11T19:58:27Z
dubhehub.com,,,stability,,,discord.gg/uKYRxUf9v,ai@dubhehub.com,2,2026-07-11T19:58:27Z
dxnt.com,,,no_log|stability,,,,,2,2026-07-11T19:58:27Z
echowynapi.xyz,,,,,,,,2,2026-07-11T19:58:27Z
ecovai.cn,,,,,,,,2,2026-07-11T19:58:27Z
eronmind.com,,,stability,,,,,1,2026-07-11T19:58:27Z
firstapi.top,,,stability,,,,,2,2026-07-11T19:58:27Z
fksuda.xyz,,,,,,,admin@sub2api.local,2,2026-07-11T19:58:27Z
flowapi.fun,,,,,,,,1,2026-07-11T19:58:27Z
flowbar.xyz,alipay|wechat_pay|paypal|usdt_crypto,,,,,discord.gg/DMvACkBG,support@flowbar.xyz,2,2026-07-11T19:58:27Z
flowbarai.com,alipay|wechat_pay|paypal|usdt_crypto,,,,,discord.gg/DMvACkBG,support@flowbarai.com,2,2026-07-11T19:58:27Z
freeairouter.com,alipay|wechat_pay|stripe,,stability|refund,,,,,1,2026-07-11T19:58:27Z
freetokenrouter.cn,alipay|wechat_pay|usdt_crypto,,no_dilution|stability,,,,,1,2026-07-11T19:58:27Z
fullrouter.com,,,stability,,,,sales@fullrouter.com,2,2026-07-11T19:58:27Z
furryforum.com,,,,,,,,2,2026-07-11T19:58:27Z
gantriq.cc,,,,,,,,2,2026-07-11T19:58:27Z
gee-do.com,,,,,,,,2,2026-07-11T19:58:27Z
gemini.wang,alipay|wechat_pay|stripe|paypal|usdt_crypto|epay,Y,no_log|privacy_first|no_dilution|stability|refund,,,,,1,2026-07-11T19:58:27Z
getclawapi.top,,,,,,,,2,2026-07-11T19:58:27Z
getllm.ai,alipay|wechat_pay|epay,,no_log,,,,support@getllm.ai,1,2026-07-11T19:58:27Z
give2u.xyz,usdt_crypto,,stability|refund,,,,"support@give2u.xyz, u003esupport@give2u.xyz",2,2026-07-11T19:58:27Z
hajisong.top,,,,,,,,2,2026-07-11T19:58:27Z
haotokai.com,paypal,,no_log|stability,,,,yang610812336@qq.com,2,2026-07-11T19:58:27Z
hehuole.fun,,,,,,,,2,2026-07-11T19:58:27Z
hiapi.ai,alipay|wechat_pay|stripe|paypal,,no_log|privacy_first|no_dilution|stability|refund,,,,"hi@hiapi.ai, support@hiapi.ai, work@company.com",2,2026-07-11T19:58:27Z
holdzywoo.top,,,,,,,,1,2026-07-11T19:58:27Z
hook.rs,,,,,,,,2,2026-07-11T19:58:27Z
huanyuai.net,stripe,,no_dilution|stability,,,,,2,2026-07-11T19:58:27Z
hubllm.cn,,,,,,,,2,2026-07-11T19:58:27Z
huhuai.xyz,,,,,,,,2,2026-07-11T19:58:27Z
huoxingapi.com,,,,,,,,2,2026-07-11T19:58:27Z
hypereal.cloud,,,refund,,,,,2,2026-07-11T19:58:27Z
iaigc.fun,,,stability,,,,,2,2026-07-11T19:58:27Z
ikun666.xyz,,,,,,,,2,2026-07-11T19:58:27Z
jmaivip.com,wechat_pay,,stability|refund,,,,,1,2026-07-11T19:58:27Z
jmrai.net,,,stability,,,,,2,2026-07-11T19:58:27Z
judianai.com,,,no_dilution|stability|refund,,,,,1,2026-07-11T19:58:27Z
juesiapi.top,alipay|stripe,,no_dilution|stability,,,,,2,2026-07-11T19:58:27Z
juhes.com,alipay|wechat_pay|stripe|epay,Y,no_dilution|stability|refund,,,,,2,2026-07-11T19:58:27Z
kelongde.com,,,no_dilution,,,,,2,2026-07-11T19:58:27Z
kittyapi.xyz,,,no_dilution|stability,,,,,2,2026-07-11T19:58:27Z
koozhan.com,alipay,,no_log|no_dilution|stability,,,,,2,2026-07-11T19:58:27Z
kopiaiagent.com,,,,,,,"username@email.com, your@email.com",2,2026-07-11T19:58:27Z
kove.cn,alipay|wechat_pay,Y,no_dilution|stability,,,,,2,2026-07-11T19:58:27Z
kuaihuiai.com,,,stability,,,,,2,2026-07-11T19:58:27Z
kunavo.com,alipay|wechat_pay|stripe,,no_dilution|stability,,,,"contact@kunavo.com, sales@kunavo.com",2,2026-07-11T19:58:27Z
li-token.com,,,,,,,,2,2026-07-11T19:58:27Z
liandanxia.io,,,,,,discord.gg/7mF7jzum,,2,2026-07-11T19:58:27Z
lienoo.cn,,,,,,,,1,2026-07-11T19:58:27Z
lingcoreai.com,alipay|wechat_pay|usdt_crypto,,privacy_first|stability,,,,,2,2026-07-11T19:58:27Z
link-ai.cc,,,,,,,,2,2026-07-11T19:58:27Z
ljww.asia,,,,,,,,2,2026-07-11T19:58:27Z
lkyujun.cn,,,,,,,,1,2026-07-11T19:58:27Z
llm-agent.cc,,,no_log,"t.me/llm_agent_cc, t.me/llm_agent_channel",,,,2,2026-07-11T19:58:27Z
llm-token.cn,,,no_log|stability|refund,,,,,2,2026-07-11T19:58:27Z
llmgate.io,,,,,,,,2,2026-07-11T19:58:27Z
llmhub.app,alipay|wechat_pay,,no_log|privacy_first|no_dilution|stability,,,,,2,2026-07-11T19:58:27Z
llmoxy.com,alipay|wechat_pay,,no_log|no_dilution|stability,,,,support@llmoxy.com,2,2026-07-11T19:58:27Z
llmroute.club,alipay,,no_dilution|refund,,,,support@silkroadai.io,1,2026-07-11T19:58:27Z
lowertoken.cn,,,,,,,contact@lowertoken.cn,2,2026-07-11T19:58:27Z
lqapi.cc,,,,,,,,2,2026-07-11T19:58:27Z
ltvip.org,alipay|wechat_pay|stripe|epay,Y,no_dilution|stability|refund,,,,,2,2026-07-11T19:58:27Z
lumiya.vip,,,,,,,,2,2026-07-11T19:58:27Z
lyrid.cn,,,,,,,,1,2026-07-11T19:58:27Z
maiqilingai.com,,,,,,,,2,2026-07-11T19:58:27Z
maxai.asia,,,stability,,,,,2,2026-07-11T19:58:27Z
maxapi.ai,stripe,,stability,,,,contact@maxapi.ai,1,2026-07-11T19:58:27Z
mayaa.com.cn,wechat_pay,,stability|refund,,,,,2,2026-07-11T19:58:27Z
mbapi.top,,,stability,,,,,2,2026-07-11T19:58:27Z
miaolici.top,,,stability,,,,hi@miaolici.top,2,2026-07-11T19:58:27Z
miaoma.ai,,,no_dilution|stability,,,,,2,2026-07-11T19:58:27Z
miaomiaocode.com,alipay|stripe|epay,,stability|refund,,,,,2,2026-07-11T19:58:27Z
middlekingdom.cc,alipay|paypal,,,,,,middlekingdom@yeah.net,2,2026-07-11T19:58:27Z
minicod.com,alipay|wechat_pay|stripe|paypal|epay,,no_dilution|stability,,,,"business@minicod.com, support@minicod.com",2,2026-07-11T19:58:27Z
minimaxi.com,,,no_dilution,,,,api@minimaxi.com,2,2026-07-11T19:58:27Z
mixroute.ai,usdt_crypto,,,,,,,2,2026-07-11T19:58:27Z
modelhub.lat,alipay|wechat_pay,,no_log|privacy_first|no_dilution|stability,,,,support@modelhub.lat,2,2026-07-11T19:58:27Z
moometalink.com,,,,,,,,2,2026-07-11T19:58:27Z
moonlm.com,,,,,,,,2,2026-07-11T19:58:27Z
mr68ai.cn,,,,,,,,2,2026-07-11T19:58:27Z
mstoken.vip,,,,,,,,2,2026-07-11T19:58:27Z
mvptk.top,,,,,,,,2,2026-07-11T19:58:27Z
myaitoken.com.cn,,,,,,,mn5271@gmail.com,1,2026-07-11T19:58:27Z
name1.ai,,,,,,,,2,2026-07-11T19:58:27Z
nameyn.shop,,,,,,,,2,2026-07-11T19:58:27Z
nbp.lol,,,no_dilution|stability,,,,,1,2026-07-11T19:58:27Z
neonartai.com,,,,,,,,2,2026-07-11T19:58:27Z
nexrouter.io,,,,,,,,1,2026-07-11T19:58:27Z
nicetoone.com,,,,,,,,2,2026-07-11T19:58:27Z
niubiai.net,,,,,,,,2,2026-07-11T19:58:27Z
niucode.fun,,,,,,,,2,2026-07-11T19:58:27Z
niudunbujige.cn,,,,,,,,2,2026-07-11T19:58:27Z
noc.cy,,,,,,,,2,2026-07-11T19:58:27Z
nodebyt.com,alipay,,stability,,,,,2,2026-07-11T19:58:27Z
nqapi.cn,,,,,,,,2,2026-07-11T19:58:27Z
octopusx.ai,,,,,,,,2,2026-07-11T19:58:27Z
oneai.cc,,,,,,,,2,2026-07-11T19:58:27Z
oneapi.host,,,,,,,,1,2026-07-11T19:58:27Z
onekeymodel.com,,,stability,t.me/vito18188,,,service@onekeymodel.com,2,2026-07-11T19:58:27Z
onerouter.cn,,,no_log|no_dilution|stability,,,,,1,2026-07-11T19:58:27Z
onerouter1688.com,,,,,,,,2,2026-07-11T19:58:27Z
onlyrouter.ai,usdt_crypto,,no_dilution,,,,,1,2026-07-11T19:58:27Z
openox.tech,,,no_dilution|stability,,,,,2,2026-07-11T19:58:27Z
openrouter.team,,,no_dilution|stability,,,,,2,2026-07-11T19:58:27Z
oxandhorse.site,,,,,,,,2,2026-07-11T19:58:27Z
pantao.asia,,,,,,,,2,2026-07-11T19:58:27Z
paopaoapi.com,alipay,,no_log|no_dilution|stability|refund,,,,hello@paopaoapi.com,2,2026-07-11T19:58:27Z
proxystacks.com,,,,,,,"demo@relay.dev, support@proxystacks.com",2,2026-07-11T19:58:27Z
qilingai.net,,,,,,,,2,2026-07-11T19:58:27Z
qingshanapi.com,,,,,,,,2,2026-07-11T19:58:27Z
qingxumall.com,alipay|stripe|epay,,stability,,,,,1,2026-07-11T19:58:27Z
renrenai.chat,,,,,,,,2,2026-07-11T19:58:27Z
rinnepro.tech,,,,,,,,2,2026-07-11T19:58:27Z
route-agent.com,,,stability,,,,,1,2026-07-11T19:58:27Z
routeall.ai,usdt_crypto,,,,,,,1,2026-07-11T19:58:27Z
ruapi.ai,usdt_crypto,,,"t.me/RuAPI_Support, t.me/ruapi_ai",,,support@ruapi.ai,2,2026-07-11T19:58:27Z
samyu15.com,alipay,,no_dilution|stability,,,,,1,2026-07-11T19:58:27Z
shheng.xyz,,,stability,,,,,2,2026-07-11T19:58:27Z
shisuanai.com,,,,,,,,0,2026-07-11T19:58:27Z
shxybar.com,,,,,,discord.gg/DMvACkBG,flowbar@shxybar.com,2,2026-07-11T19:58:27Z
silkroadai.io,,,refund,,,,support@silkroadai.io,1,2026-07-11T19:58:27Z
sjapi.top,,,,,,,,2,2026-07-11T19:58:27Z
starstartai.com,,,,,,,,2,2026-07-11T19:58:27Z
summerapi.com,,,,,,,,2,2026-07-11T19:58:27Z
superaiapi.com,,,no_dilution|stability,,,,,2,2026-07-11T19:58:27Z
supermoxi.top,,,,,,,,2,2026-07-11T19:58:27Z
szjsai.cn,alipay|wechat_pay,,,,,,,2,2026-07-11T19:58:27Z
szjsai.com,alipay|wechat_pay,,,,,,,2,2026-07-11T19:58:27Z
t-hub.cc,alipay|usdt_crypto,,,,,,,2,2026-07-11T19:58:27Z
teai.io,stripe,,stability,,,,info@enablerhq.com,2,2026-07-11T19:58:27Z
tengd.site,,,,,,,,2,2026-07-11T19:58:27Z
tenwayclaw.com,,,,,,,,2,2026-07-11T19:58:27Z
to2dog.top,,,,,,,,2,2026-07-11T19:58:27Z
toapis.com,,,no_log|privacy_first|stability,,,discord.gg/hvnszCrJ73,,2,2026-07-11T19:58:27Z
toapis.xyz,,,no_log|privacy_first|stability,,,discord.gg/hvnszCrJ73,,2,2026-07-11T19:58:27Z
token.mg,,,,,,,,2,2026-07-11T19:58:27Z
tokencall.cn,,,,,,,admin@tokencall.cn,1,2026-07-11T19:58:27Z
tokencheap.ai,wechat_pay,,,,,,,1,2026-07-11T19:58:27Z
tokencraft.cc,,,stability,,,,,1,2026-07-11T19:58:27Z
tokendepot.vip,,,,,,,,1,2026-07-11T19:58:27Z
tokengo.love,alipay|wechat_pay|stripe|epay,Y,no_dilution|stability|refund,,,,noreply@tokengo.love,2,2026-07-11T19:58:27Z
tokenhai.com,alipay|usdt_crypto,,no_log|privacy_first|no_dilution|stability|refund,,,,,2,2026-07-11T19:58:27Z
tokenhot.cn,wechat_pay,,no_dilution|stability,,,,"hi@tokenhot.ai, hi@tokenhot.cn",2,2026-07-11T19:58:27Z
tokenhub.com,,,,,,,,1,2026-07-11T19:58:27Z
tokenktv.com,,,stability,,,,,2,2026-07-11T19:58:27Z
tokennexus.vip,wechat_pay,Y,,,,,,1,2026-07-11T19:58:27Z
tokensolo.com,,,no_log,,,,,2,2026-07-11T19:58:27Z
tokenzz.cc,,,,,,,,2,2026-07-11T19:58:27Z
trustapi.app,alipay|wechat_pay|stripe,,,,,,,2,2026-07-11T19:58:27Z
tryaiapi.com,,,no_log|no_dilution|refund,,,,support@tryaiapi.com,2,2026-07-11T19:58:27Z
turiloop.com,alipay|paypal,,no_log|privacy_first|no_dilution|stability|refund,,,,"support@turiloop.com, u003esupport@turiloop.com",2,2026-07-11T19:58:27Z
vantapi.com,,,stability|refund,,,,,1,2026-07-11T19:58:27Z
velahub.ai,alipay|wechat_pay|epay,,no_log|stability,,,,support@velahub.ai,1,2026-07-11T19:58:27Z
veloraapi.com,,Y,,,,,,2,2026-07-11T19:58:27Z
voyageage.com,,,,,,,,1,2026-07-11T19:58:27Z
wagbrio.com,,,,,,,,2,2026-07-11T19:58:27Z
weimeta.ai,,,,,,,,2,2026-07-11T19:58:27Z
weimeta.cn,,,,,,,,1,2026-07-11T19:58:27Z
weisoft.chat,alipay|wechat_pay,,no_log,,,,,1,2026-07-11T19:58:27Z
wetoken.one,,,privacy_first|no_dilution|stability|refund,,,,hello@wetoken.one,2,2026-07-11T19:58:27Z
winrouter.ai,usdt_crypto,,privacy_first|stability|refund,t.me/+h7pbt2Lc81dkOGQx,,,"admin@sub2api.local, support@winrouter.ai",2,2026-07-11T19:58:27Z
wowcode.cc,,,stability,,,,,2,2026-07-11T19:58:27Z
wox.lol,,,,,,,,2,2026-07-11T19:58:27Z
wula.mom,,,,,,,,2,2026-07-11T19:58:27Z
xbingo.xin,,,,,,,marketing@xbingo.xin,1,2026-07-11T19:58:27Z
xezn.org,alipay,,no_dilution|stability,,,,,2,2026-07-11T19:58:27Z
xiangjun.pw,,,,,,,,2,2026-07-11T19:58:27Z
xiaoclaw.com,,,,,,,,1,2026-07-11T19:58:27Z
xiaoyue9527.xyz,,,,,,,,2,2026-07-11T19:58:27Z
xinyun.ai,,,,,,,,2,2026-07-11T19:58:27Z
xmapi.com.cn,,,,,,,,2,2026-07-11T19:58:27Z
xuanduai.com,,,no_dilution|stability,,,,,2,2026-07-11T19:58:27Z
xwrip.top,,,,,,,,2,2026-07-11T19:58:27Z
xxxxtoken.com,,,,,,,,2,2026-07-11T19:58:27Z
xy-chat.xyz,,,no_dilution|stability,,,,,2,2026-07-11T19:58:27Z
xyapi.io,,,,,,,,2,2026-07-11T19:58:27Z
yaogod.com,alipay|wechat_pay|stripe|epay,Y,no_dilution|stability|refund,,,,,2,2026-07-11T19:58:27Z
ybtech.cc,alipay|usdt_crypto,,no_dilution|stability,,,,service@starflowdigital.com,2,2026-07-11T19:58:27Z
ycvip.net,alipay|wechat_pay|stripe|epay,Y,no_dilution|stability|refund,,,,,2,2026-07-11T19:58:27Z
ycvvip.net,alipay|wechat_pay|stripe|epay,Y,no_dilution|stability|refund,,,,,2,2026-07-11T19:58:27Z
yhapiplatform.com,,,no_dilution,,,,,1,2026-07-11T19:58:27Z
yixintoken.com,alipay|stripe|epay,,stability,,,,,1,2026-07-11T19:58:27Z
youqi.ai,stripe,,,,,,,2,2026-07-11T19:58:27Z
youqi.tech,,,,,,,,2,2026-07-11T19:58:27Z
yout.chat,,,,,,,,0,2026-07-11T19:58:27Z
yuai.space,,,,,,,,2,2026-07-11T19:58:27Z
yuanzhi.icu,epay,,,,,,,2,2026-07-11T19:58:27Z
yun618.top,usdt_crypto|epay,,no_log|privacy_first|no_dilution|stability|refund,,,,,2,2026-07-11T19:58:27Z
yunshuaiapi.com,,,,,,,,2,2026-07-11T19:58:27Z
yxai.chat,,,,,,,,2,2026-07-11T19:58:27Z
yyc.lat,alipay|stripe|usdt_crypto,,no_log|no_dilution|stability|refund,,,,"abuse@yyc.lat, invoice@yyc.lat, support@yyc.lat",2,2026-07-11T19:58:27Z
yysc.top,,,,,,,,1,2026-07-11T19:58:27Z
zhinengfugu.cn,,,,,,,,2,2026-07-11T19:58:27Z
zhumengwangluo.top,,,,,,,,1,2026-07-11T19:58:27Z
ziyeapi.com,alipay|stripe,,stability,,,,,2,2026-07-11T19:58:27Z
zzhfwl.com,alipay|usdt_crypto,,no_dilution|stability,,,,service@starflowdigital.com,2,2026-07-11T19:58:27Z
