checked_at,domain,platform_name,source,input_url,normalized_url,app_stack_guess,app_family,confidence,status_class,version,infrastructure_signals,http_statuses,final_urls,evidence,probed_paths,errors
2026-07-11T22:14:09Z,2dapi.online,,fofa_tail_domains,2dapi.online,https://2dapi.online,one-api,one-api-family,high,identified,,nginx,200|200|200|200|401|200,https://2dapi.online/|https://2dapi.online/login|https://2dapi.online/api/status|https://2dapi.online/api/pricing|https://2dapi.online/v1/models|https://2dapi.online/api/models,header:x-oneapi-request-id=2026071206140882275794391609813 ; nginx:header:server=nginx/1.24.0 (Ubuntu),/|/login|/api/status|/api/pricing|/v1/models|/api/models,https://2dapi.online/v1/models:HTTPError:401
2026-07-11T22:14:13Z,4hidc.com,,fofa_tail_domains,4hidc.com,https://4hidc.com,unknown,unknown,none,spa_shell,,cloudflare,200|200|404|404|401|404,https://4hidc.com/|https://4hidc.com/login|https://4hidc.com/api/status|https://4hidc.com/api/pricing|https://4hidc.com/v1/models|https://4hidc.com/api/models,cloudflare:header:server=cloudflare,/|/login|/api/status|/api/pricing|/v1/models|/api/models,https://4hidc.com/api/status:HTTPError:404 ; https://4hidc.com/api/pricing:HTTPError:404 ; https://4hidc.com/v1/models:HTTPError:401
2026-07-11T22:14:42Z,73card.com,,fofa_tail_domains,73card.com,https://73card.com,unknown,unknown,none,unidentified,,nginx,200|200|404|404|200|404,https://73card.com/|https://73card.com/login|https://73card.com/api/status|https://73card.com/api/pricing|https://73card.com/v1/models|https://73card.com/api/models,nginx:header:server=nginx,/|/login|/api/status|/api/pricing|/v1/models|/api/models,https://73card.com/api/status:HTTPError:404 ; https://73card.com/api/pricing:HTTPError:404 ; https://73card.com/api/models:HTTPError:404
2026-07-11T22:14:44Z,ahmes.dev,,fofa_tail_domains,ahmes.dev,https://ahmes.dev,unknown,unknown,none,spa_shell,,cloudflare,200|200|404|404|401|401,https://ahmes.dev/|https://ahmes.dev/login|https://ahmes.dev/api/status|https://ahmes.dev/api/pricing|https://ahmes.dev/v1/models|https://ahmes.dev/api/models,cloudflare:header:server=cloudflare,/|/login|/api/status|/api/pricing|/v1/models|/api/models,https://ahmes.dev/api/status:HTTPError:404 ; https://ahmes.dev/api/pricing:HTTPError:404 ; https://ahmes.dev/v1/models:HTTPError:401
2026-07-11T22:14:46Z,ai88.help,,fofa_tail_domains,ai88.help,https://ai88.help,unknown,unknown,none,unidentified,,nginx,200|200|404|200|200|404,https://ai88.help/|https://ai88.help/login|https://ai88.help/api/status|https://ai88.help/api/pricing|https://ai88.help/v1/models|https://ai88.help/api/models,nginx:header:server=nginx/1.24.0 (Ubuntu),/|/login|/api/status|/api/pricing|/v1/models|/api/models,https://ai88.help/api/status:HTTPError:404 ; https://ai88.help/api/models:HTTPError:404
2026-07-11T22:14:48Z,aibaz.ai,,fofa_tail_domains,aibaz.ai,https://aibaz.ai,unknown,unknown,none,spa_shell,,,200|404|404|404|401|404,https://aibaz.ai/|https://aibaz.ai/login|https://aibaz.ai/api/status|https://aibaz.ai/api/pricing|https://aibaz.ai/v1/models|https://aibaz.ai/api/models,,/|/login|/api/status|/api/pricing|/v1/models|/api/models,https://aibaz.ai/login:HTTPError:404 ; https://aibaz.ai/api/status:HTTPError:404 ; https://aibaz.ai/api/pricing:HTTPError:404
2026-07-11T22:14:53Z,aicloud.plus,,fofa_tail_domains,aicloud.plus,https://aicloud.plus,unknown,unknown,none,unidentified,,nginx,200|200|404|404|401|404,https://aicloud.plus/|https://aicloud.plus/login|https://aicloud.plus/api/status|https://aicloud.plus/api/pricing|https://aicloud.plus/v1/models|https://aicloud.plus/api/models,nginx:header:server=nginx/1.18.0 (Ubuntu),/|/login|/api/status|/api/pricing|/v1/models|/api/models,https://aicloud.plus/api/status:HTTPError:404 ; https://aicloud.plus/api/pricing:HTTPError:404 ; https://aicloud.plus/v1/models:HTTPError:401
2026-07-11T22:14:58Z,aicodedog.com,,fofa_tail_domains,aicodedog.com,https://aicodedog.com,unknown,unknown,none,spa_shell,,cloudflare,200|200|404|500|401|404,https://aicodedog.com/|https://aicodedog.com/login|https://aicodedog.com/api/status|https://aicodedog.com/api/pricing|https://aicodedog.com/v1/models|https://aicodedog.com/api/models,cloudflare:header:server=cloudflare,/|/login|/api/status|/api/pricing|/v1/models|/api/models,https://aicodedog.com/api/status:HTTPError:404 ; https://aicodedog.com/api/pricing:HTTPError:500 ; https://aicodedog.com/v1/models:HTTPError:401
2026-07-11T22:15:02Z,aigcly.top,,fofa_tail_domains,aigcly.top,https://aigcly.top,unknown,unknown,none,unreachable,,,,,,/|/login|/api/status|/api/pricing|/v1/models|/api/models,"https://aigcly.top/:URLError:<urlopen error [SSL: CERTIFICATE_VERIFY_FAILED] certificate verify failed: Hostname mismatch, certificate is not valid for 'aigcly.top'. (_ssl.c:1000)> ; https://aigcly.top/login:URLError:<urlopen error [SSL: CERTIFICATE_VERIFY_FAILED] certificate verify failed: Hostname mismatch, certificate is not valid for 'aigcly.top'. (_ssl.c:1000)> ; https://aigcly.top/api/status:URLError:<urlopen error [SSL: CERTIFICATE_VERIFY_FAILED] certificate verify failed: Hostname mismatch, certificate is not valid for 'aigcly.top'. (_ssl.c:1000)>"
2026-07-11T22:15:05Z,aigptx.top,,fofa_tail_domains,aigptx.top,https://aigptx.top,unknown,unknown,none,unidentified,,nginx,404|404|404|404|200|404,https://aigptx.top/|https://aigptx.top/login|https://aigptx.top/api/status|https://aigptx.top/api/pricing|https://aigptx.top/v1/models|https://aigptx.top/api/models,nginx:header:server=nginx/1.18.0 (Ubuntu),/|/login|/api/status|/api/pricing|/v1/models|/api/models,https://aigptx.top/:HTTPError:404 ; https://aigptx.top/login:HTTPError:404 ; https://aigptx.top/api/status:HTTPError:404
2026-07-11T22:15:13Z,ailvaz.com,,fofa_tail_domains,ailvaz.com,https://ailvaz.com,unknown,unknown,none,unidentified,,,200|200|404|404|401|404,https://ailvaz.com/zh-CN/login|https://ailvaz.com/api/status|https://ailvaz.com/api/pricing|https://ailvaz.com/v1/models|https://ailvaz.com/api/models,,/|/login|/api/status|/api/pricing|/v1/models|/api/models,https://ailvaz.com/api/status:HTTPError:404 ; https://ailvaz.com/api/pricing:HTTPError:404 ; https://ailvaz.com/v1/models:HTTPError:401
2026-07-11T22:15:19Z,amaranta.asia,,fofa_tail_domains,amaranta.asia,https://amaranta.asia,unknown,unknown,none,unidentified,,nginx,200|200|200|200|401|200,https://amaranta.asia/|https://amaranta.asia/login|https://amaranta.asia/api/status|https://amaranta.asia/api/pricing|https://amaranta.asia/v1/models|https://amaranta.asia/api/models,nginx:header:server=nginx/1.20.1,/|/login|/api/status|/api/pricing|/v1/models|/api/models,https://amaranta.asia/v1/models:HTTPError:401
2026-07-11T22:15:24Z,baziapi.site,,fofa_tail_domains,baziapi.site,https://baziapi.site,unknown,unknown,none,unidentified,,nginx,200|404|404|404|200|404,https://baziapi.site/|https://baziapi.site/login|https://baziapi.site/api/status|https://baziapi.site/api/pricing|https://baziapi.site/v1/models|https://baziapi.site/api/models,nginx:header:server=nginx/1.18.0 (Ubuntu),/|/login|/api/status|/api/pricing|/v1/models|/api/models,https://baziapi.site/login:HTTPError:404 ; https://baziapi.site/api/status:HTTPError:404 ; https://baziapi.site/api/pricing:HTTPError:404
2026-07-11T22:15:29Z,bestroute.center,,fofa_tail_domains,bestroute.center,https://bestroute.center,unknown,unknown,none,unidentified,,nginx,200|200|404|404|200|404,https://bestroute.center/|https://bestroute.center/login|https://bestroute.center/api/status|https://bestroute.center/api/pricing|https://bestroute.center/v1/models|https://bestroute.center/api/models,nginx:header:server=nginx/1.20.1,/|/login|/api/status|/api/pricing|/v1/models|/api/models,https://bestroute.center/api/status:HTTPError:404 ; https://bestroute.center/api/pricing:HTTPError:404 ; https://bestroute.center/api/models:HTTPError:404
2026-07-11T22:15:37Z,bm-tokenai.com,,fofa_tail_domains,bm-tokenai.com,https://bm-tokenai.com,unknown,unknown,none,unidentified,,,200|200|404|404|401|404,https://bm-tokenai.com/zh-CN/login|https://bm-tokenai.com/api/status|https://bm-tokenai.com/api/pricing|https://bm-tokenai.com/v1/models|https://bm-tokenai.com/api/models,,/|/login|/api/status|/api/pricing|/v1/models|/api/models,https://bm-tokenai.com/api/status:HTTPError:404 ; https://bm-tokenai.com/api/pricing:HTTPError:404 ; https://bm-tokenai.com/v1/models:HTTPError:401
2026-07-11T22:15:41Z,chaophone.top,,fofa_tail_domains,chaophone.top,https://chaophone.top,unknown,unknown,none,unidentified,,nginx,200|200|200|200|401|200,https://chaophone.top/|https://chaophone.top/login|https://chaophone.top/api/status|https://chaophone.top/api/pricing|https://chaophone.top/v1/models|https://chaophone.top/api/models,nginx:header:server=nginx/1.18.0 (Ubuntu),/|/login|/api/status|/api/pricing|/v1/models|/api/models,https://chaophone.top/v1/models:HTTPError:401
2026-07-11T22:15:46Z,check-in.tech,,fofa_tail_domains,check-in.tech,https://check-in.tech,unknown,unknown,none,unidentified,,nginx,200|200|404|404|200|404,https://check-in.tech/|https://check-in.tech/login|https://check-in.tech/api/status|https://check-in.tech/api/pricing|https://check-in.tech/v1/models|https://check-in.tech/api/models,nginx:header:server=nginx/1.18.0 (Ubuntu),/|/login|/api/status|/api/pricing|/v1/models|/api/models,https://check-in.tech/api/status:HTTPError:404 ; https://check-in.tech/api/pricing:HTTPError:404 ; https://check-in.tech/api/models:HTTPError:404
2026-07-11T22:15:50Z,clauden.ai,,fofa_tail_domains,clauden.ai,https://clauden.ai,unknown,unknown,none,unidentified,,cloudflare,200|200|404|404|401|404,https://clauden.ai/|https://clauden.ai/login|https://clauden.ai/api/status|https://clauden.ai/api/pricing|https://clauden.ai/v1/models|https://clauden.ai/api/models,cloudflare:header:server=cloudflare,/|/login|/api/status|/api/pricing|/v1/models|/api/models,https://clauden.ai/api/status:HTTPError:404 ; https://clauden.ai/api/pricing:HTTPError:404 ; https://clauden.ai/v1/models:HTTPError:401
2026-07-11T22:15:58Z,corelightai.com,,fofa_tail_domains,corelightai.com,https://corelightai.com,unknown,unknown,none,unidentified,,,200|200|404|404|401|404,https://corelightai.com/zh-CN/login|https://corelightai.com/api/status|https://corelightai.com/api/pricing|https://corelightai.com/v1/models|https://corelightai.com/api/models,,/|/login|/api/status|/api/pricing|/v1/models|/api/models,https://corelightai.com/api/status:HTTPError:404 ; https://corelightai.com/api/pricing:HTTPError:404 ; https://corelightai.com/v1/models:HTTPError:401
2026-07-11T22:16:04Z,cowcode.top,,fofa_tail_domains,cowcode.top,https://cowcode.top,unknown,unknown,none,unidentified,,cloudflare,200|404|404|404|401|404,https://cowcode.top/zh-CN/login?from=%2Fdashboard|https://cowcode.top/login|https://cowcode.top/api/status|https://cowcode.top/api/pricing|https://cowcode.top/v1/models|https://cowcode.top/api/models,cloudflare:header:server=cloudflare,/|/login|/api/status|/api/pricing|/v1/models|/api/models,https://cowcode.top/login:HTTPError:404 ; https://cowcode.top/api/status:HTTPError:404 ; https://cowcode.top/api/pricing:HTTPError:404
2026-07-11T22:16:09Z,creatraai.cn,,fofa_tail_domains,creatraai.cn,https://creatraai.cn,unknown,unknown,none,spa_shell,,nginx,200|404|404|404|401|404,https://creatraai.cn/|https://creatraai.cn/login|https://creatraai.cn/api/status|https://creatraai.cn/api/pricing|https://creatraai.cn/v1/models|https://creatraai.cn/api/models,nginx:header:server=nginx/1.18.0 (Ubuntu),/|/login|/api/status|/api/pricing|/v1/models|/api/models,https://creatraai.cn/login:HTTPError:404 ; https://creatraai.cn/api/status:HTTPError:404 ; https://creatraai.cn/api/pricing:HTTPError:404
2026-07-11T22:16:15Z,deepseek-api.com.cn,,fofa_tail_domains,deepseek-api.com.cn,https://deepseek-api.com.cn,unknown,unknown,none,unidentified,,nginx,200|404|404|404|200|404,https://deepseek-api.com.cn/|https://deepseek-api.com.cn/login|https://deepseek-api.com.cn/api/status|https://deepseek-api.com.cn/api/pricing|https://deepseek-api.com.cn/v1/models|https://deepseek-api.com.cn/api/models,nginx:header:server=nginx/1.18.0 (Ubuntu),/|/login|/api/status|/api/pricing|/v1/models|/api/models,https://deepseek-api.com.cn/login:HTTPError:404 ; https://deepseek-api.com.cn/api/status:HTTPError:404 ; https://deepseek-api.com.cn/api/pricing:HTTPError:404
2026-07-11T22:16:17Z,doroai.xyz,,fofa_tail_domains,doroai.xyz,https://doroai.xyz,unknown,unknown,none,unidentified,,nginx,200|404|404|404|401|404,https://doroai.xyz/|https://doroai.xyz/login|https://doroai.xyz/api/status|https://doroai.xyz/api/pricing|https://doroai.xyz/v1/models|https://doroai.xyz/api/models,nginx:header:server=nginx/1.22.1,/|/login|/api/status|/api/pricing|/v1/models|/api/models,https://doroai.xyz/login:HTTPError:404 ; https://doroai.xyz/api/status:HTTPError:404 ; https://doroai.xyz/api/pricing:HTTPError:404
2026-07-11T22:16:28Z,dxnt.com,,fofa_tail_domains,dxnt.com,https://dxnt.com,unknown,unknown,none,unidentified,,nginx,200|404|404|404|401|401,https://www.dxnt.com/|https://www.36171.com/login|https://www.dxnt.com/api/status|https://www.dxnt.com/api/pricing|https://www.dxnt.com/v1/models|https://www.dxnt.com/api/models,nginx:header:server=nginx,/|/login|/api/status|/api/pricing|/v1/models|/api/models,https://dxnt.com/login:HTTPError:404 ; https://dxnt.com/api/status:HTTPError:404 ; https://dxnt.com/api/pricing:HTTPError:404
2026-07-11T22:16:33Z,hook.rs,,fofa_tail_domains,hook.rs,https://hook.rs,unknown,unknown,none,unidentified,,cloudflare,200|404|404|404|401|404,https://hook.rs/|https://hook.rs/login|https://hook.rs/api/status|https://hook.rs/api/pricing|https://hook.rs/v1/models|https://hook.rs/api/models,cloudflare:header:server=cloudflare,/|/login|/api/status|/api/pricing|/v1/models|/api/models,https://hook.rs/login:HTTPError:404 ; https://hook.rs/api/status:HTTPError:404 ; https://hook.rs/api/pricing:HTTPError:404
2026-07-11T22:16:42Z,juhes.com,,fofa_tail_domains,juhes.com,https://juhes.com,unknown,unknown,none,unidentified,,,200|200|404|404|401|404,https://juhes.com/zh-CN/login|https://juhes.com/api/status|https://juhes.com/api/pricing|https://juhes.com/v1/models|https://juhes.com/api/models,,/|/login|/api/status|/api/pricing|/v1/models|/api/models,https://juhes.com/api/status:HTTPError:404 ; https://juhes.com/api/pricing:HTTPError:404 ; https://juhes.com/v1/models:HTTPError:401
2026-07-11T22:16:45Z,koozhan.com,,fofa_tail_domains,koozhan.com,https://koozhan.com,unknown,unknown,none,spa_shell,,cloudflare,200|200|404|404|401|404,https://koozhan.com/|https://koozhan.com/login|https://koozhan.com/api/status|https://koozhan.com/api/pricing|https://koozhan.com/v1/models|https://koozhan.com/api/models,cloudflare:header:server=cloudflare,/|/login|/api/status|/api/pricing|/v1/models|/api/models,https://koozhan.com/api/status:HTTPError:404 ; https://koozhan.com/api/pricing:HTTPError:404 ; https://koozhan.com/v1/models:HTTPError:401
2026-07-11T22:16:52Z,kopiaiagent.com,,fofa_tail_domains,kopiaiagent.com,https://kopiaiagent.com,unknown,unknown,none,unidentified,,nginx,200|200|404|200|401|200,https://kopiaiagent.com/|https://kopiaiagent.com/login|https://kopiaiagent.com/api/status|https://kopiaiagent.com/api/pricing|https://kopiaiagent.com/v1/models|https://kopiaiagent.com/api/models,nginx:header:server=nginx/1.28.3 (Ubuntu),/|/login|/api/status|/api/pricing|/v1/models|/api/models,https://kopiaiagent.com/api/status:HTTPError:404 ; https://kopiaiagent.com/v1/models:HTTPError:401
2026-07-11T22:17:19Z,kove.cn,,fofa_tail_domains,kove.cn,https://kove.cn,unknown,unknown,none,unidentified,,nginx,200|200|200|200,https://kove.cn/|https://kove.cn/login|https://kove.cn/v1/models|https://kove.cn/api/models,nginx:header:server=nginx,/|/login|/api/status|/api/pricing|/v1/models|/api/models,https://kove.cn/api/status:TimeoutError:The read operation timed out ; https://kove.cn/api/pricing:TimeoutError:The read operation timed out
2026-07-11T22:17:21Z,kunavo.com,,fofa_tail_domains,kunavo.com,https://kunavo.com,unknown,unknown,none,unidentified,,,200|404|404|404|401|404,https://kunavo.com/|https://kunavo.com/login|https://kunavo.com/api/status|https://kunavo.com/api/pricing|https://kunavo.com/v1/models|https://kunavo.com/api/models,,/|/login|/api/status|/api/pricing|/v1/models|/api/models,https://kunavo.com/login:HTTPError:404 ; https://kunavo.com/api/status:HTTPError:404 ; https://kunavo.com/api/pricing:HTTPError:404
2026-07-11T22:17:28Z,lingcoreai.com,,fofa_tail_domains,lingcoreai.com,https://lingcoreai.com,unknown,unknown,none,unidentified,,nginx,200|404|404|404|401|404,https://lingcoreai.com/|https://lingcoreai.com/login|https://lingcoreai.com/api/status|https://lingcoreai.com/api/pricing|https://lingcoreai.com/v1/models|https://lingcoreai.com/api/models,nginx:header:server=nginx,/|/login|/api/status|/api/pricing|/v1/models|/api/models,https://lingcoreai.com/login:HTTPError:404 ; https://lingcoreai.com/api/status:HTTPError:404 ; https://lingcoreai.com/api/pricing:HTTPError:404
2026-07-11T22:17:37Z,lkyujun.cn,,fofa_tail_domains,lkyujun.cn,https://lkyujun.cn,unknown,unknown,none,unidentified,,,200|200|200|200|401|200,https://lkyujun.cn/|https://lkyujun.cn/login|https://lkyujun.cn/login?authentication_required|https://lkyujun.cn/v1/models,,/|/login|/api/status|/api/pricing|/v1/models|/api/models,https://lkyujun.cn/v1/models:HTTPError:401
2026-07-11T22:17:39Z,llmroute.club,,fofa_tail_domains,llmroute.club,https://llmroute.club,new-api|one-api,one-api-family,high,identified,v1.0.0-rc.11,cloudflare,200|200|404|404|401|404,https://llmroute.club/|https://llmroute.club/login|https://llmroute.club/api/status|https://llmroute.club/api/pricing|https://llmroute.club/v1/models|https://llmroute.club/api/models,header:x-new-api-version=v1.0.0-rc.11 ; header:x-oneapi-request-id=202607112217389817936738268d9d6tLxuw62K ; cloudflare:header:server=cloudflare,/|/login|/api/status|/api/pricing|/v1/models|/api/models,https://llmroute.club/api/status:HTTPError:404 ; https://llmroute.club/api/pricing:HTTPError:404 ; https://llmroute.club/v1/models:HTTPError:401
2026-07-11T22:17:47Z,ltvip.org,,fofa_tail_domains,ltvip.org,https://ltvip.org,unknown,unknown,none,unidentified,,,200|200|404|404|401|404,https://ltvip.org/zh-CN/login|https://ltvip.org/api/status|https://ltvip.org/api/pricing|https://ltvip.org/v1/models|https://ltvip.org/api/models,,/|/login|/api/status|/api/pricing|/v1/models|/api/models,https://ltvip.org/api/status:HTTPError:404 ; https://ltvip.org/api/pricing:HTTPError:404 ; https://ltvip.org/v1/models:HTTPError:401
2026-07-11T22:17:53Z,lyrid.cn,,fofa_tail_domains,lyrid.cn,https://lyrid.cn,unknown,unknown,none,unidentified,,nginx,200|404|404|404|403|404,https://lyrid.cn/|https://lyrid.cn/login|https://lyrid.cn/api/status|https://lyrid.cn/api/pricing|https://lyrid.cn/v1/models|https://lyrid.cn/api/models,nginx:header:server=nginx/1.18.0 (Ubuntu),/|/login|/api/status|/api/pricing|/v1/models|/api/models,https://lyrid.cn/login:HTTPError:404 ; https://lyrid.cn/api/status:HTTPError:404 ; https://lyrid.cn/api/pricing:HTTPError:404
2026-07-11T22:17:58Z,maiqilingai.com,,fofa_tail_domains,maiqilingai.com,https://maiqilingai.com,new-api,one-api-family,high,identified,v0.0.0,nginx,200|200|404|404|401|404,https://maiqilingai.com/|https://maiqilingai.com/login|https://maiqilingai.com/api/status|https://maiqilingai.com/api/pricing|https://maiqilingai.com/v1/models|https://maiqilingai.com/api/models,header:x-new-api-version=v0.0.0 ; nginx:header:server=nginx/1.27.5,/|/login|/api/status|/api/pricing|/v1/models|/api/models,https://maiqilingai.com/api/status:HTTPError:404 ; https://maiqilingai.com/api/pricing:HTTPError:404 ; https://maiqilingai.com/v1/models:HTTPError:401
2026-07-11T22:18:13Z,minimaxi.com,,fofa_tail_domains,minimaxi.com,https://minimaxi.com,unknown,unknown,none,unidentified,,,200|200|200|200|401|200,https://minimaxi.com/|https://minimaxi.com/v1/models,,/|/login|/api/status|/api/pricing|/v1/models|/api/models,https://minimaxi.com/v1/models:HTTPError:401
2026-07-11T22:18:23Z,mstoken.vip,,fofa_tail_domains,mstoken.vip,https://mstoken.vip,unknown,unknown,none,unidentified,,nginx,200|200|200|200|200|200,https://mstoken.vip/|https://mstoken.vip/login|https://mstoken.vip/api/status|https://mstoken.vip/api/pricing|https://mstoken.vip/v1/models|https://mstoken.vip/api/models,nginx:header:server=nginx/1.18.0 (Ubuntu),/|/login|/api/status|/api/pricing|/v1/models|/api/models,
2026-07-11T22:18:24Z,neonartai.com,,fofa_tail_domains,neonartai.com,https://neonartai.com,unknown,unknown,none,spa_shell,,nginx,200|404|200|200|401|200,https://neonartai.com/|https://neonartai.com/login|https://neonartai.com/api/status|https://neonartai.com/api/pricing|https://neonartai.com/v1/models|https://neonartai.com/api/models,nginx:header:server=nginx/1.24.0 (Ubuntu),/|/login|/api/status|/api/pricing|/v1/models|/api/models,https://neonartai.com/login:HTTPError:404 ; https://neonartai.com/v1/models:HTTPError:401
2026-07-11T22:18:30Z,onerouter.cn,,fofa_tail_domains,onerouter.cn,https://onerouter.cn,unknown,unknown,none,unidentified,,nginx,200|200|404|404|401|404,https://onerouter.cn/|https://onerouter.cn/login|https://onerouter.cn/api/status|https://onerouter.cn/api/pricing|https://onerouter.cn/v1/models|https://onerouter.cn/api/models,nginx:header:server=nginx/1.24.0 (Ubuntu),/|/login|/api/status|/api/pricing|/v1/models|/api/models,https://onerouter.cn/api/status:HTTPError:404 ; https://onerouter.cn/api/pricing:HTTPError:404 ; https://onerouter.cn/v1/models:HTTPError:401
2026-07-11T22:18:34Z,onlyrouter.ai,,fofa_tail_domains,onlyrouter.ai,https://onlyrouter.ai,unknown,unknown,none,unidentified,,cloudflare,200|200|404|404|401|200,https://onlyrouter.ai/|https://onlyrouter.ai/login|https://onlyrouter.ai/api/status|https://onlyrouter.ai/api/pricing|https://onlyrouter.ai/v1/models|https://onlyrouter.ai/api/models,cloudflare:header:server=cloudflare,/|/login|/api/status|/api/pricing|/v1/models|/api/models,https://onlyrouter.ai/api/status:HTTPError:404 ; https://onlyrouter.ai/api/pricing:HTTPError:404 ; https://onlyrouter.ai/v1/models:HTTPError:401
2026-07-11T22:18:38Z,openox.tech,,fofa_tail_domains,openox.tech,https://openox.tech,unknown,unknown,none,unidentified,,cloudflare,200|200|404|404|401|404,https://openox.tech/|https://openox.tech/login|https://openox.tech/api/status|https://openox.tech/api/pricing|https://openox.tech/v1/models|https://openox.tech/api/models,cloudflare:header:server=cloudflare,/|/login|/api/status|/api/pricing|/v1/models|/api/models,https://openox.tech/api/status:HTTPError:404 ; https://openox.tech/api/pricing:HTTPError:404 ; https://openox.tech/v1/models:HTTPError:401
2026-07-11T22:18:40Z,openrouter.team,,fofa_tail_domains,openrouter.team,https://openrouter.team,unknown,unknown,none,unidentified,,nginx,200|200|404|404|401|404,https://openrouter.team/|https://openrouter.team/login|https://openrouter.team/api/status|https://openrouter.team/api/pricing|https://openrouter.team/v1/models|https://openrouter.team/api/models,nginx:header:server=nginx/1.24.0 (Ubuntu),/|/login|/api/status|/api/pricing|/v1/models|/api/models,https://openrouter.team/api/status:HTTPError:404 ; https://openrouter.team/api/pricing:HTTPError:404 ; https://openrouter.team/v1/models:HTTPError:401
2026-07-11T22:18:41Z,proxystacks.com,,fofa_tail_domains,proxystacks.com,https://proxystacks.com,unknown,unknown,none,unidentified,,cloudflare,200|200|404|404|401|404,https://proxystacks.com/|https://proxystacks.com/login|https://proxystacks.com/api/status|https://proxystacks.com/api/pricing|https://proxystacks.com/v1/models|https://proxystacks.com/api/models,cloudflare:header:server=cloudflare,/|/login|/api/status|/api/pricing|/v1/models|/api/models,https://proxystacks.com/api/status:HTTPError:404 ; https://proxystacks.com/api/pricing:HTTPError:404 ; https://proxystacks.com/v1/models:HTTPError:401
2026-07-11T22:18:49Z,qilingai.net,,fofa_tail_domains,qilingai.net,https://qilingai.net,unknown,unknown,none,unidentified,,nginx,200|200|404|404|200|200,https://qilingai.net/|https://qilingai.net/login|https://qilingai.net/api/status|https://qilingai.net/api/pricing|https://qilingai.net/v1/models|https://qilingai.net/api/models,nginx:header:server=nginx/1.20.1,/|/login|/api/status|/api/pricing|/v1/models|/api/models,https://qilingai.net/api/status:HTTPError:404 ; https://qilingai.net/api/pricing:HTTPError:404
2026-07-11T22:18:55Z,samyu15.com,,fofa_tail_domains,samyu15.com,https://samyu15.com,unknown,unknown,none,unidentified,,nginx,200|404|404|404|200|404,https://samyu15.com/|https://samyu15.com/login|https://samyu15.com/api/status|https://samyu15.com/api/pricing|https://samyu15.com/v1/models|https://samyu15.com/api/models,nginx:header:server=nginx/1.18.0 (Ubuntu),/|/login|/api/status|/api/pricing|/v1/models|/api/models,https://samyu15.com/login:HTTPError:404 ; https://samyu15.com/api/status:HTTPError:404 ; https://samyu15.com/api/pricing:HTTPError:404
2026-07-11T22:18:57Z,silkroadai.io,,fofa_tail_domains,silkroadai.io,https://silkroadai.io,new-api|one-api,one-api-family,high,identified,v1.0.0-rc.2,,200|200|404|404|401|404,https://silkroadai.io/login|https://silkroadai.io/api/status|https://silkroadai.io/api/pricing|https://silkroadai.io/v1/models|https://silkroadai.io/api/models,header:x-new-api-version=v1.0.0-rc.2 ; header:x-oneapi-request-id=202607112218574530238278268d9d6bdZInYDR,/|/login|/api/status|/api/pricing|/v1/models|/api/models,https://silkroadai.io/api/status:HTTPError:404 ; https://silkroadai.io/api/pricing:HTTPError:404 ; https://silkroadai.io/v1/models:HTTPError:401
2026-07-11T22:19:09Z,starstartai.com,,fofa_tail_domains,starstartai.com,https://starstartai.com,unknown,unknown,none,unidentified,,,200|200|200|200|401|200,https://starstartai.com/|https://starstartai.com/login|https://starstartai.com/api/status|https://starstartai.com/api/pricing|https://starstartai.com/v1/models|https://starstartai.com/api/models,,/|/login|/api/status|/api/pricing|/v1/models|/api/models,https://starstartai.com/v1/models:HTTPError:401
2026-07-11T22:19:36Z,szjsai.cn,,fofa_tail_domains,szjsai.cn,https://szjsai.cn,unknown,unknown,none,unidentified,,nginx,200|200|200|200,https://szjsai.cn/|https://szjsai.cn/login|https://szjsai.cn/v1/models|https://szjsai.cn/api/models,nginx:header:server=nginx,/|/login|/api/status|/api/pricing|/v1/models|/api/models,https://szjsai.cn/api/status:TimeoutError:The read operation timed out ; https://szjsai.cn/api/pricing:TimeoutError:The read operation timed out
2026-07-11T22:20:02Z,szjsai.com,,fofa_tail_domains,szjsai.com,https://szjsai.com,unknown,unknown,none,unidentified,,nginx,200|200|200|200,https://szjsai.com/|https://szjsai.com/login|https://szjsai.com/v1/models|https://szjsai.com/api/models,nginx:header:server=nginx,/|/login|/api/status|/api/pricing|/v1/models|/api/models,https://szjsai.com/api/status:TimeoutError:The read operation timed out ; https://szjsai.com/api/pricing:TimeoutError:The read operation timed out
2026-07-11T22:20:05Z,teai.io,,fofa_tail_domains,teai.io,https://teai.io,unknown,unknown,none,unidentified,,,200|200|200|200|200|200,https://teai.io/|https://teai.io/login|https://teai.io/api/status|https://teai.io/api/pricing|https://teai.io/v1/models|https://teai.io/api/models,,/|/login|/api/status|/api/pricing|/v1/models|/api/models,
2026-07-11T22:20:12Z,tokencall.cn,,fofa_tail_domains,tokencall.cn,https://tokencall.cn,one-api,one-api-family,high,identified,,nginx,200|404|404|404|401|404,https://tokencall.cn/|https://tokencall.cn/login|https://tokencall.cn/api/status|https://tokencall.cn/api/pricing|https://tokencall.cn/v1/models|https://tokencall.cn/api/models,header:x-oneapi-request-id=2026071206201112288851460568886 ; nginx:header:server=nginx/1.24.0 (Ubuntu),/|/login|/api/status|/api/pricing|/v1/models|/api/models,https://tokencall.cn/login:HTTPError:404 ; https://tokencall.cn/api/status:HTTPError:404 ; https://tokencall.cn/api/pricing:HTTPError:404
2026-07-11T22:20:17Z,tokencheap.ai,,fofa_tail_domains,tokencheap.ai,https://tokencheap.ai,unknown,unknown,none,unidentified,,nginx,200|200|200|404|200|404,https://tokencheap.ai/|https://tokencheap.ai/login|https://tokencheap.ai/api/status|https://tokencheap.ai/api/pricing|https://tokencheap.ai/v1/models|https://tokencheap.ai/api/models,nginx:header:server=nginx,/|/login|/api/status|/api/pricing|/v1/models|/api/models,https://tokencheap.ai/api/pricing:HTTPError:404 ; https://tokencheap.ai/api/models:HTTPError:404
2026-07-11T22:20:22Z,tokencraft.cc,,fofa_tail_domains,tokencraft.cc,https://tokencraft.cc,unknown,unknown,none,unidentified,,nginx,200|404|404|404|401|404,https://tokencraft.cc/|https://tokencraft.cc/login|https://tokencraft.cc/api/status|https://tokencraft.cc/api/pricing|https://tokencraft.cc/v1/models|https://tokencraft.cc/api/models,nginx:header:server=nginx/1.29.8,/|/login|/api/status|/api/pricing|/v1/models|/api/models,https://tokencraft.cc/login:HTTPError:404 ; https://tokencraft.cc/api/status:HTTPError:404 ; https://tokencraft.cc/api/pricing:HTTPError:404
2026-07-11T22:20:30Z,tokengo.love,,fofa_tail_domains,tokengo.love,https://tokengo.love,unknown,unknown,none,unidentified,,cloudflare,200|200|404|404|401|404,https://tokengo.love/zh-CN/login|https://tokengo.love/api/status|https://tokengo.love/api/pricing|https://tokengo.love/v1/models|https://tokengo.love/api/models,cloudflare:header:server=cloudflare,/|/login|/api/status|/api/pricing|/v1/models|/api/models,https://tokengo.love/api/status:HTTPError:404 ; https://tokengo.love/api/pricing:HTTPError:404 ; https://tokengo.love/v1/models:HTTPError:401
2026-07-11T22:20:35Z,vantapi.com,,fofa_tail_domains,vantapi.com,https://vantapi.com,unknown,unknown,none,unidentified,,,200|404|404|404|401|404,https://vantapi.com/|https://vantapi.com/login|https://vantapi.com/api/status|https://vantapi.com/api/pricing|https://vantapi.com/v1/models|https://vantapi.com/api/models,,/|/login|/api/status|/api/pricing|/v1/models|/api/models,https://vantapi.com/login:HTTPError:404 ; https://vantapi.com/api/status:HTTPError:404 ; https://vantapi.com/api/pricing:HTTPError:404
2026-07-11T22:20:43Z,xiaoyue9527.xyz,,fofa_tail_domains,xiaoyue9527.xyz,https://xiaoyue9527.xyz,unknown,unknown,none,unidentified,,nginx,200|200|200|200|401|200,https://xiaoyue9527.xyz/|https://xiaoyue9527.xyz/login|https://xiaoyue9527.xyz/api/status|https://xiaoyue9527.xyz/api/pricing|https://xiaoyue9527.xyz/v1/models|https://xiaoyue9527.xyz/api/models,nginx:header:server=nginx/1.31.0,/|/login|/api/status|/api/pricing|/v1/models|/api/models,https://xiaoyue9527.xyz/v1/models:HTTPError:401
2026-07-11T22:20:48Z,xuanduai.com,,fofa_tail_domains,xuanduai.com,https://xuanduai.com,unknown,unknown,none,unidentified,,nginx,200|200|404|404|200|404,https://xuanduai.com/|https://xuanduai.com/login|https://xuanduai.com/api/status|https://xuanduai.com/api/pricing|https://xuanduai.com/v1/models|https://xuanduai.com/api/models,nginx:header:server=nginx/1.24.0 (Ubuntu),/|/login|/api/status|/api/pricing|/v1/models|/api/models,https://xuanduai.com/api/status:HTTPError:404 ; https://xuanduai.com/api/pricing:HTTPError:404 ; https://xuanduai.com/api/models:HTTPError:404
2026-07-11T22:20:56Z,yaogod.com,,fofa_tail_domains,yaogod.com,https://yaogod.com,unknown,unknown,none,unidentified,,,200|200|404|404|401|404,https://yaogod.com/zh-CN/login|https://yaogod.com/api/status|https://yaogod.com/api/pricing|https://yaogod.com/v1/models|https://yaogod.com/api/models,,/|/login|/api/status|/api/pricing|/v1/models|/api/models,https://yaogod.com/api/status:HTTPError:404 ; https://yaogod.com/api/pricing:HTTPError:404 ; https://yaogod.com/v1/models:HTTPError:401
2026-07-11T22:21:04Z,ycvip.net,,fofa_tail_domains,ycvip.net,https://ycvip.net,unknown,unknown,none,unidentified,,,200|200|404|404|401|404,https://ycvip.net/zh-CN/login|https://ycvip.net/api/status|https://ycvip.net/api/pricing|https://ycvip.net/v1/models|https://ycvip.net/api/models,,/|/login|/api/status|/api/pricing|/v1/models|/api/models,https://ycvip.net/api/status:HTTPError:404 ; https://ycvip.net/api/pricing:HTTPError:404 ; https://ycvip.net/v1/models:HTTPError:401
2026-07-11T22:21:14Z,ycvvip.net,,fofa_tail_domains,ycvvip.net,https://ycvvip.net,unknown,unknown,none,unidentified,,,200|200|404|404|401|404,https://ycvvip.net/zh-CN/login|https://ycvvip.net/api/status|https://ycvvip.net/api/pricing|https://ycvvip.net/v1/models|https://ycvvip.net/api/models,,/|/login|/api/status|/api/pricing|/v1/models|/api/models,https://ycvvip.net/api/status:HTTPError:404 ; https://ycvvip.net/api/pricing:HTTPError:404 ; https://ycvvip.net/v1/models:HTTPError:401
2026-07-11T22:21:17Z,yhapiplatform.com,,fofa_tail_domains,yhapiplatform.com,https://yhapiplatform.com,unknown,unknown,none,unreachable,,,,,,/|/login|/api/status|/api/pricing|/v1/models|/api/models,"https://yhapiplatform.com/:URLError:<urlopen error [SSL: CERTIFICATE_VERIFY_FAILED] certificate verify failed: Hostname mismatch, certificate is not valid for 'yhapiplatform.com'. (_ssl.c:1000)> ; https://yhapiplatform.com/login:URLError:<urlopen error [SSL: CERTIFICATE_VERIFY_FAILED] certificate verify failed: Hostname mismatch, certificate is not valid for 'yhapiplatform.com'. (_ssl.c:1000)> ; https://yhapiplatform.com/api/status:URLError:<urlopen error [SSL: CERTIFICATE_VERIFY_FAILED] certificate verify failed: Hostname mismatch, certificate is not valid for 'yhapiplatform.com'. (_ssl.c:1000)>"
2026-07-11T22:21:22Z,youqi.tech,,fofa_tail_domains,youqi.tech,https://youqi.tech,unknown,unknown,none,spa_shell,,nginx,200|200|200|200|200|200,https://youqi.tech/|https://youqi.tech/login|https://youqi.tech/api/status|https://youqi.tech/api/pricing|https://youqi.tech/v1/models|https://youqi.tech/api/models,nginx:header:server=nginx/1.24.0,/|/login|/api/status|/api/pricing|/v1/models|/api/models,
2026-07-11T22:21:23Z,yout.chat,,fofa_tail_domains,yout.chat,https://yout.chat,unknown,unknown,none,unidentified,,nginx,200|200|404|404|200|404,https://yout.chat/|https://yout.chat/login/|https://yout.chat/api/status|https://yout.chat/api/pricing|https://yout.chat/v1/models|https://yout.chat/api/models,nginx:header:server=nginx,/|/login|/api/status|/api/pricing|/v1/models|/api/models,https://yout.chat/api/status:HTTPError:404 ; https://yout.chat/api/pricing:HTTPError:404 ; https://yout.chat/api/models:HTTPError:404
2026-07-11T22:21:29Z,yxai.chat,,fofa_tail_domains,yxai.chat,https://yxai.chat,unknown,unknown,none,spa_shell,,nginx,200|200|200|200|200|200,https://yxai.chat/|https://yxai.chat/login|https://yxai.chat/api/status|https://yxai.chat/api/pricing|https://yxai.chat/v1/models|https://yxai.chat/api/models,nginx:header:server=nginx/1.31.0,/|/login|/api/status|/api/pricing|/v1/models|/api/models,
2026-07-11T22:21:35Z,zhumengwangluo.top,,fofa_tail_domains,zhumengwangluo.top,https://zhumengwangluo.top,unknown,unknown,none,unidentified,,nginx,200|404|401|404|401|404,https://zhumengwangluo.top/|https://zhumengwangluo.top/login|https://zhumengwangluo.top/api/status|https://zhumengwangluo.top/api/pricing|https://zhumengwangluo.top/v1/models|https://zhumengwangluo.top/api/models,nginx:header:server=nginx/1.24.0,/|/login|/api/status|/api/pricing|/v1/models|/api/models,https://zhumengwangluo.top/login:HTTPError:404 ; https://zhumengwangluo.top/api/status:HTTPError:401 ; https://zhumengwangluo.top/api/pricing:HTTPError:404
