timestamp,domain,platform_name,source,online_status,http_status,final_url,page_title,html_hash,redirect_chain,error
2026-06-13T16:47:36Z,runapi.co,RunAPI,hvoy,ONLINE,200,https://runapi.co/,RunAPI:高质量API中转平台,73b945495d49,https://runapi.co/,
2026-06-13T16:47:36Z,lingsuan.top,灵算,hvoy,ONLINE,200,https://lingsuan.top/,灵算 - AI API Gateway,144486b9d758,https://lingsuan.top/,
2026-06-13T16:47:36Z,packyapi.com,PackyCode,hvoy,ONLINE,200,https://www.packyapi.com/,PackyAPI - 全球领先的 AI API 聚合平台 | Global AI API Aggregation Platform,dfeddd49f282,https://packyapi.com/ -> https://www.packyapi.com/,
2026-06-13T16:47:36Z,uuapi.net,UU API,hvoy,ONLINE,200,https://uuapi.net/,UU API - AI API Gateway,6c2a87888aaa,https://uuapi.net/,
2026-06-13T16:47:36Z,modcon.top,ModCon,hvoy,ONLINE,200,https://modcon.top/,ModCon - AI API Gateway,5a7af1caed58,https://modcon.top/,
2026-06-13T16:47:36Z,9527code.com,9527code,hvoy,ONLINE,200,https://9527code.com/,9527 CODE - AI中转站 | 企业级API中转 稳定可靠,cbb4ab50621d,https://9527code.com/,
2026-06-13T16:47:36Z,portal.gpteamservices.com,GPTEAM,hvoy,ONLINE,200,https://portal.gpteamservices.com/,GPTEAM,ecd37499f749,https://portal.gpteamservices.com/,
2026-06-13T16:47:37Z,api.xpluse.plus,数智AI,hvoy,CLOUDFLARE_OR_BLOCKED,403,https://api.xpluse.plus/,Just a moment...,4e8a39cf729d,https://api.xpluse.plus/,
2026-06-13T16:47:36Z,toknex.ai,Toknex,hvoy,ONLINE,200,https://toknex.ai/,Toknex,22bf37eb6fe2,https://toknex.ai/,
2026-06-13T16:47:36Z,sudocode.chat,SudoCode,hvoy,ONLINE,200,https://sudocode.chat/,SudoCode - Claude Code 与 Codex 统一 API Base,1122ae6bd5ef,https://sudocode.chat/,
2026-06-13T16:47:36Z,claudecn.top,ClaudeCN,hvoy,ONLINE,200,https://claudecn.top/,ClaudeCN - è®©ä¸çé¡¶å° AIï¼è§¦æå¯å,c6d3e467d98a,https://claudecn.top/,
2026-06-13T16:47:37Z,anpin.ai,AnPin AI,hvoy,ONLINE,200,https://anpin.ai/,AnPin AI - AI API Gateway,c15ea5bff24e,https://anpin.ai/,
2026-06-13T16:47:38Z,toolcode.top,ToolCode,hvoy,ONLINE,200,https://toolcode.top/,ToolCode - AI API Gateway,cef789d19423,https://toolcode.top/,
2026-06-13T16:47:37Z,coderelay.cn,CodeRelay,hvoy,ONLINE,200,https://coderelay.cn/,New API,3d4f4805d92e,https://coderelay.cn/,
2026-06-13T16:47:37Z,right.codes,RightCode,hvoy,ONLINE,200,https://right.codes/,Right Code - ä¼ä¸çº§ AI Agent ä¸­è½¬å¹³å°,f858f093dee5,https://right.codes/,
2026-06-13T16:47:38Z,unity2.ai,unity2,hvoy,ONLINE,200,https://unity2.ai/,Unity2.Ai - 企业级 AI 中转方案,1157943285f3,https://unity2.ai/,
2026-06-13T16:47:38Z,qiuqiutoken.com,球球Token,hvoy,ONLINE,200,https://qiuqiutoken.com/,New API,8b4f391ab9db,https://qiuqiutoken.com/,
2026-06-13T16:47:38Z,sub2api.luchikey.com,luchikey,hvoy,ONLINE,200,https://sub2api.luchikey.com/,API Token ä¸­è½¬ç«,257d7ea64fbb,https://sub2api.luchikey.com/,
2026-06-13T16:47:38Z,linkai.shop,LinkAi,hvoy,ONLINE,200,https://linkai.shop/,LinkAI,cefb1fa13a0f,https://linkai.shop/,
2026-06-13T16:47:38Z,api.muskapi.cc,MuskAI,hvoy,ONLINE,200,https://api.muskapi.cc/,MuskAI - AI API Gateway,a32fe051bf9b,https://api.muskapi.cc/,
2026-06-13T16:47:39Z,worldbase.ai,WorldBase.ai,hvoy,ONLINE,200,https://worldbase.ai/,Developer Console,163acd7944d4,https://worldbase.ai/,
2026-06-13T16:47:37Z,dawclaudecode.com,DawCode,hvoy,ONLINE,200,https://dawclaudecode.com/,New API,c76e1a88e5ee,https://dawclaudecode.com/,
2026-06-13T16:47:39Z,claude-api.org,Claude-API,hvoy,ONLINE,200,https://claude-api.org/,Claude API · 一个 Key 通用 Claude / GPT / Gemini,f8514b70540b,https://claude-api.org/,
2026-06-13T16:47:40Z,hao.ai,hao.ai,hvoy,ONLINE,200,https://hao.ai/,"HaoAI — One API for GPT, Claude, and Gemini | HaoAI",c1a5bc94ff3f,https://hao.ai/,
2026-06-13T16:47:38Z,chintao.cn,Chintao AI,hvoy,ONLINE,200,https://chintao.cn/,New API,0aa3aa66a665,https://chintao.cn/,
2026-06-13T16:47:39Z,zxai.work,ZX API,hvoy,ONLINE,200,https://zxai.work/,New API,d28bc08e73ee,https://zxai.work/,
2026-06-13T16:47:39Z,juxingai.top,聚星AI,hvoy,ONLINE,200,https://juxingai.top/,中转站,9729dd291a71,https://juxingai.top/,
2026-06-13T16:47:40Z,api.rkai6.com,RK API,hvoy,ONLINE,200,https://api.rkai6.com/,New API,38462e70bd50,https://api.rkai6.com/,
2026-06-13T16:47:39Z,api.ykh.ai,YKH.AI,hvoy,ONLINE,200,https://api.ykh.ai/,New API,279658f3e9d3,https://api.ykh.ai/,
2026-06-13T16:47:40Z,ai.luminai.cc,Lumin AI,hvoy,ONLINE,200,https://ai.luminai.cc/,New API,1d53d9e97351,https://ai.luminai.cc/,
2026-06-13T16:47:40Z,poixe.com,Poixe AI,hvoy,ONLINE,200,https://poixe.com/,Poixe AI,4778a9201dde,https://poixe.com/,
2026-06-13T16:47:40Z,xyc.ai,XycAi(星道智能),hvoy,ONLINE,200,https://xyc.ai/,XycAi Inc — Enterprise AI Transformation Partner,3d8ac1f05637,https://xyc.ai/,
2026-06-13T16:47:40Z,clauqe.ai,ClauqeAI,hvoy,ONLINE,200,https://clauqe.ai/,ClauqeAI - AI API Gateway,3ba60880af93,https://clauqe.ai/,
2026-06-13T16:47:41Z,sudocode.us,sudocode.us,hvoy,ONLINE,200,https://sudocode.us/,SudoCode,c716ec180b14,https://sudocode.us/,
2026-06-13T16:47:41Z,nekocode.ai,NekoCode,hvoy,ONLINE,200,https://nekocode.ai/,Neko Code,89f9c3c271e0,https://nekocode.ai/,
2026-06-13T16:47:40Z,api.api2cn.com,智惠API,hvoy,ONLINE,200,https://api.api2cn.com/,智惠 API (ZHAPI) - AI API Gateway,fea481127b31,https://api.api2cn.com/,
2026-06-13T16:47:41Z,ccgoai.com,ccgo,hvoy,ONLINE,200,https://ccgoai.com/,ccgo - AI API Gateway,1f8aa2be4d50,https://ccgoai.com/,
2026-06-13T16:47:41Z,yundu.lat,云渡,hvoy,ONLINE,200,https://yundu.lat/,云渡 - AI API Gateway,2a3e31e9b248,https://yundu.lat/,
2026-06-13T16:47:41Z,tokenmix.ai,TokenMix,hvoy,ONLINE,200,https://tokenmix.ai/,TokenMix — AI API Relay and Multi-Model Gateway,4cf1815f9c6c,https://tokenmix.ai/,
2026-06-13T16:47:41Z,aokapi.com,AOK,hvoy,ONLINE,200,https://aokapi.com/,New API,279658f3e9d3,https://aokapi.com/,
2026-06-13T16:47:40Z,api.whlemon.cn,橙芯算力,hvoy,ONLINE,200,https://api.whlemon.cn/,橙芯算力 - AI API Gateway,b97e39c7fe01,https://api.whlemon.cn/,
2026-06-13T16:47:42Z,api.ikuncode.cc,IKunCode,hvoy,ONLINE,200,https://api.ikuncode.cc/,New API,2a363f361c05,https://api.ikuncode.cc/,
2026-06-13T16:47:41Z,autorouter.io,AutoRouter,hvoy,ONLINE,200,https://autorouter.io/,New API,d28bc08e73ee,https://autorouter.io/,
2026-06-13T16:47:42Z,chiyicn.com,词易,hvoy,ONLINE,200,https://chiyicn.com/,词易 - AI API Gateway,75f77b0b3c1e,https://chiyicn.com/,
2026-06-13T16:47:42Z,xbhuiz.com,XMAPI,hvoy,ONLINE,200,https://xbhuiz.com/,XMAI - AI API Gateway,3325b03f82a7,https://xbhuiz.com/,
2026-06-13T16:47:42Z,api.frontier-intelligence.tech,Frontier Intelligence,hvoy,ONLINE,200,https://api.frontier-intelligence.tech/,New API,b20f638cc49d,https://api.frontier-intelligence.tech/,
2026-06-13T16:47:43Z,daodunapi.com,我的刀盾,hvoy,ONLINE,200,https://daodunapi.com/,New API,a2beec54a970,https://daodunapi.com/,
2026-06-13T16:47:42Z,derouter.ai,DeRouter,hvoy,ONLINE,200,https://derouter.ai/,Full-Spec Claude &amp; GPT API — Up to 90% Off | derouter.ai,bb6bf9bd0948,https://derouter.ai/,
2026-06-13T16:47:42Z,token.baogutang.top,N1KO-API,hvoy,ONLINE,200,https://token.baogutang.top/,N1KO API - AI API Gateway,b190dcaa84ed,https://token.baogutang.top/,
2026-06-13T16:47:42Z,codefwd.top,CodeFwd,hvoy,ONLINE,200,https://codefwd.top/,New API,98df69e739a8,https://codefwd.top/,
2026-06-13T16:47:43Z,fishxcode.com,fishxcode,hvoy,ONLINE,200,https://fishxcode.com/,企业级 Claude API 官方通道中转 | FishXCode AI,e0e088610314,https://fishxcode.com/,
2026-06-13T16:47:43Z,cubence.com,Cubence,hvoy,ONLINE,200,https://cubence.com/,CUBENCE - Claude Code &amp; Codex Gateway,fe07d5e9a6bb,https://cubence.com/,
2026-06-13T16:47:43Z,duckcoding.ai,DuckCoding,hvoy,DNS_FAIL,,,,,,"HTTPSConnectionPool(host='duckcoding.ai', port=443): Max retries exceeded with url: / (Caused by NameResolutionError(""HTTPSConnection(host='duckcoding.ai', port=443): Failed to resolve 'duckcoding.ai'"
2026-06-13T16:47:42Z,claudeapi.com,Claude API,hvoy,ONLINE,200,https://claudeapi.com/zh/,Claude API - 稳定直连，持续可靠的 Anthropic API 代理,85f93c45646a,https://claudeapi.com/ -> https://claudeapi.com/zh/,
2026-06-13T16:47:43Z,huiyun.asia,汇云AI,hvoy,ONLINE,200,https://huiyun.asia/,中转站,9729dd291a71,https://huiyun.asia/,
2026-06-13T16:47:44Z,switchbase.vip,SwitchBase,hvoy,ONLINE,200,https://switchbase.vip/,New API,034e5eebdc4b,https://switchbase.vip/,
2026-06-13T16:47:44Z,zz.aigm99.cn,Green Mountain青山,hvoy,ONLINE,200,https://zz.aigm99.cn/,New API,279658f3e9d3,https://zz.aigm99.cn/,
2026-06-13T16:47:44Z,llmapi.pro,LLMAPI,hvoy,ONLINE,200,https://llmapi.pro/,LLM API — Multi-Provider Pool. - LLM API,a051cc5d1efb,https://llmapi.pro/,
2026-06-13T16:47:45Z,api.tallius.ai,tallius.ai,hvoy,ONLINE,200,https://api.tallius.ai/,New API,dca7d0c15603,https://api.tallius.ai/,
2026-06-13T16:47:44Z,aiapi.world,AiApi.World,hvoy,ONLINE,200,https://aiapi.world/,"Access 100+ AI Models in One API, Save 50% | AIAPI.world",6032c685eee1,https://aiapi.world/,
2026-06-13T16:47:44Z,tokenonly.ai,tokenonly,hvoy,ONLINE,200,https://tokenonly.ai/,TokenOnly — Production LLM platform for AI-native teams,5baffcab8603,https://tokenonly.ai/,
2026-06-13T16:47:44Z,dasuapi.com,DasuApi,hvoy,ONLINE,200,https://dasuapi.com/,DasuApi - AI API Gateway,8661e93497b9,https://dasuapi.com/,
2026-06-13T16:47:45Z,5cookie.cc,5Cookie Code,hvoy,ONLINE,200,https://www.5cookie.cc/,New API,f63a47e2fba1,https://5cookie.cc/ -> https://www.5cookie.cc/,
2026-06-13T16:47:45Z,ai.kividas.com,KyberRouter,hvoy,ONLINE,200,https://ai.kividas.com/,KyberRouter - AI Model Hub,b7ba9999801d,https://ai.kividas.com/,
2026-06-13T16:47:46Z,api.vectorengine.ai,VectorEngine,hvoy,ONLINE,200,https://api.vectorengine.ai/,Vector Engine (向量引擎) - 高速、稳定的 AI API 中转站,bcd2221d4006,https://api.vectorengine.ai/,
2026-06-13T16:47:44Z,cc.anyroute.io,AnyRoute,hvoy,ONLINE,200,https://cc.anyroute.io/,AnyRoute - AI API Gateway,b9fddced506e,https://cc.anyroute.io/,
2026-06-13T16:47:45Z,llmgw.cn,Token API,hvoy,ONLINE,200,https://llmgw.cn/,Token API,a1e350322b3f,https://llmgw.cn/,
2026-06-13T16:47:46Z,api.gpt.ge,V-API,hvoy,ONLINE,200,https://api.gpt.ge/,V-API - 为您提供稳定可靠的Openai ChatGPT、Gemini、Claude、Deepseek、Grok、openclaw等API直连中转服务！,0f8d1412d118,https://api.gpt.ge/,
2026-06-13T16:47:46Z,api.timebackward.com,FastCode,hvoy,ONLINE,200,https://api.timebackward.com/,首页 - AI中转站 - GPT、Claude、Gemini、DeepSeek API聚合平台 | TimeBackward,b40a9a7412b1,https://api.timebackward.com/,
2026-06-13T16:47:46Z,724codes.com,724codes,hvoy,ONLINE,200,https://724codes.com/,724codes - AI API Gateway,68ad56fc626e,https://724codes.com/,
2026-06-13T16:47:46Z,infai.cc,无限API,hvoy,ONLINE,200,https://infai.cc/,无限API,b6b5240f8bf4,https://infai.cc/,
2026-06-13T16:47:47Z,ephone.ai,ePhone AI,hvoy,ONLINE,200,https://platform.ephone.ai/,ePhone AI,7822d72481a8,https://ephone.ai/ -> https://platform.ephone.ai/,
2026-06-13T16:47:47Z,openclaudecode.cn,米醋AI,hvoy,DNS_FAIL,,,,,,"HTTPSConnectionPool(host='openclaudecode.cn', port=443): Max retries exceeded with url: / (Caused by NameResolutionError(""HTTPSConnection(host='openclaudecode.cn', port=443): Failed to resolve 'opencl"
2026-06-13T16:47:47Z,api.vip.crond.dev,PRY,hvoy,ONLINE,200,https://api.vip.crond.dev/,New API,83944e70b317,https://api.vip.crond.dev/,
2026-06-13T16:47:47Z,api.gemai.cc,哈基米,hvoy,ONLINE,200,https://api.gemai.cc/,New API,0c60b588b152,https://api.gemai.cc/,
2026-06-13T16:47:47Z,api.bbww.top,旺旺中转站,hvoy,ONLINE,200,https://api.bbww.top/,New API,c76e1a88e5ee,https://api.bbww.top/,
2026-06-13T16:47:47Z,api.dzzi.ai,大肘子,hvoy,ONLINE,200,https://api.dzzi.ai/,New API,f2a49cd3b4cc,https://api.dzzi.ai/,
2026-06-13T16:47:47Z,az.zlapi.vip,宅恋,hvoy,ONLINE,200,https://az.zlapi.vip/,New API,7b4f92627f33,https://az.zlapi.vip/,
2026-06-13T16:47:48Z,aiberm.com,Aiberm,hvoy,ONLINE,200,https://aiberm.com/,Aiberm - 为开发者提供有折扣的 AI API,3f463a9e0bdb,https://aiberm.com/,
2026-06-13T16:47:44Z,tokaify.com,Tokaify,hvoy,ONLINE,200,https://www.tokaify.com/,Tokaify,27e4b78406b8,https://tokaify.com/ -> https://www.tokaify.com/,
2026-06-13T16:47:46Z,sub2.congmingai.com,聪明AI,hvoy,ONLINE,200,https://sub2.congmingai.com/,聪明AI - AI API Gateway,ca9d2facba62,https://sub2.congmingai.com/,
2026-06-13T16:47:48Z,traxnode.com,Traxnode,hvoy,ONLINE,200,https://traxnode.com/,New API,fff3b4cefc25,https://traxnode.com/,
2026-06-13T16:47:47Z,api.tryallai.com,TryAllAI,hvoy,CLOUDFLARE_OR_BLOCKED,403,https://api.tryallai.com/,Just a moment...,b4cde602f8ba,https://api.tryallai.com/,
2026-06-13T16:47:48Z,easyrouter.io,EasyRouter,hvoy,ONLINE,200,https://easyrouter.io/,,492c4d327f72,https://easyrouter.io/,
2026-06-13T16:47:49Z,linkapi.ai,LinkAPI,hvoy,ONLINE,200,https://linkapi.ai/,New API,279658f3e9d3,https://linkapi.ai/,
2026-06-13T16:47:48Z,dataeyes.ai,DataEyes AI,hvoy,ONLINE,200,https://www.dataeyes.ai/,DataEyesAI - Run Better AI Models for Less,40886b748f94,https://dataeyes.ai/ -> https://www.dataeyes.ai/,
2026-06-13T16:47:49Z,api.qiyiguo.uk,奇异果 API,hvoy,ONLINE,200,https://api.qiyiguo.uk/,New API,c069168144cd,https://api.qiyiguo.uk/,
2026-06-13T16:47:49Z,ai.centos.hk,星辰,hvoy,ONLINE,200,https://ai.centos.hk/,New API,c76e1a88e5ee,https://ai.centos.hk/,
2026-06-13T16:47:49Z,api.xaix.me,xAIx,hvoy,ONLINE,200,https://api.xaix.me/,New API,51804cb8e0d2,https://api.xaix.me/,
2026-06-13T16:47:50Z,claudeagent.com.cn,ClaudeAgent,hvoy,ONLINE,200,https://claudeagent.com.cn/,My Claude Code - Claude Code API 接入平台 | 更快 · 更便宜 · 即插即用,3758c558196d,https://claudeagent.com.cn/,
2026-06-13T16:47:49Z,ai.xlyun.pro,小流云,hvoy,ONLINE,200,https://ai.xlyun.pro/,New API,7b4f92627f33,https://ai.xlyun.pro/,
2026-06-13T16:47:47Z,ddshub.cc,DDShub,hvoy,ONLINE,200,https://www.ddshub.cc/,DDS Hub - AI API Gateway,537e99b9569e,https://ddshub.cc/ -> https://www.ddshub.cc/,
2026-06-13T16:47:50Z,api.ekan8.com,Ekan8,hvoy,ONLINE,200,https://api.ekan8.com/,New API,c76e1a88e5ee,https://api.ekan8.com/,
2026-06-13T16:47:51Z,api.discordtool.vip,巨硬AI,hvoy,ONLINE,200,https://api.discordtool.vip/,New API,c76e1a88e5ee,https://api.discordtool.vip/,
2026-06-13T16:47:50Z,superapi.buzz,SuperAPI,hvoy,ONLINE,200,https://superapi.buzz/,New API,c1bec0b4eb91,https://superapi.buzz/,
2026-06-13T16:47:51Z,ai.17nas.com,镜核 AI,hvoy,CLOUDFLARE_OR_BLOCKED,403,https://ai.17nas.com/,Just a moment...,ad8371646d79,https://ai.17nas.com/,
2026-06-13T16:47:49Z,bobdong.cn,Bob API,hvoy,ONLINE,200,https://bobdong.cn/,New API,7f72815ac2ea,https://bobdong.cn/,
2026-06-13T16:47:51Z,gua.guagua.uk,SunnyPumpkinAPI,hvoy,ONLINE,200,https://gua.guagua.uk/,New API,51804cb8e0d2,https://gua.guagua.uk/,
2026-06-13T16:47:51Z,sparkcode.top,SparkCode,hvoy,ONLINE,200,https://sparkcode.top/,API Management,e3732da331cf,https://sparkcode.top/,
2026-06-13T16:47:51Z,xcode.best,Xcode,hvoy,ONLINE,200,https://xcode.best/,Xcode,7fd25ce11f28,https://xcode.best/,
2026-06-13T16:47:51Z,xiaoruiapi.cc,小瑞API,hvoy,ONLINE,200,https://xiaoruiapi.cc/,ç«ç¹å·²è¿ç§»,b77bfa1eb316,https://xiaoruiapi.cc/,
2026-06-13T16:47:52Z,uocode.com,UoCode,hvoy,ONLINE,200,https://uocode.com/,UoCode,8c04fa777756,https://uocode.com/,
2026-06-13T16:47:52Z,ai.flashapi.top,闪电API,hvoy,ONLINE,200,https://ai.flashapi.top/,New API,c76e1a88e5ee,https://ai.flashapi.top/,
2026-06-13T16:47:52Z,code.b886.top,CCTQ,hvoy,DNS_FAIL,,,,,,"HTTPSConnectionPool(host='code.b886.top', port=443): Max retries exceeded with url: / (Caused by NameResolutionError(""HTTPSConnection(host='code.b886.top', port=443): Failed to resolve 'code.b886.top'"
2026-06-13T16:47:52Z,cooper-api.com,Cooper-API,hvoy,ONLINE,200,https://cooper-api.com/,Cooper-API | New API,a67b4565379e,https://cooper-api.com/,
2026-06-13T16:47:52Z,api.squarefaceicon.org,Square API,hvoy,HTTP_ERROR,,,,,,"('Connection aborted.', ConnectionResetError(104, 'Connection reset by peer'))"
2026-06-13T16:47:52Z,aaatoken.cn,3AToken,hvoy,ONLINE,200,https://aaatoken.cn/,3AToken,adf274e80f8e,https://aaatoken.cn/,
2026-06-13T16:47:52Z,api.rootflowai.com,RootFlow,hvoy,ONLINE,200,https://rootflowai.com/,RootFlowAI | 绝不掺水的纯粹算力源,aec0b8b32eca,https://api.rootflowai.com/ -> https://rootflowai.com/,
2026-06-13T16:47:53Z,huanapi.com,换API,hvoy,ONLINE,200,https://www.huanapi.com/,换API - 一站式AI模型聚合平台 | 全球顶级大模型 API,d568646063c7,https://huanapi.com/ -> https://www.huanapi.com/,
2026-06-13T16:47:39Z,sevnx.one,SevnX,hvoy,TIMEOUT,,,,,,"HTTPSConnectionPool(host='sevnx.one', port=443): Read timed out. (read timeout=15)"
2026-06-13T16:47:54Z,user.tocodex.com,ToCodex,hvoy,ONLINE,200,https://user.tocodex.com/,New API,b7346b6eb5fc,https://user.tocodex.com/,
2026-06-13T16:47:53Z,mzlone.top,AIMZ,hvoy,ONLINE,200,https://mzlone.top/,New API,c879b1c33ddf,https://mzlone.top/,
2026-06-13T16:47:52Z,timesniper.club,一元模型,hvoy,ONLINE,200,https://timesniper.club/console,New API,4b1b9cbeb541,https://timesniper.club/ -> https://timesniper.club/console,
2026-06-13T16:47:53Z,nextoken.online,NexToken,hvoy,ONLINE,200,https://www.nextoken.online/,NexToken - AI API Gateway,b46e4e885e4d,https://nextoken.online/ -> https://www.nextoken.online/,
2026-06-13T16:47:53Z,free.learn-ai.top,learn-ai,hvoy,ONLINE,200,https://free.learn-ai.top/,New API,fd0695c788b0,https://free.learn-ai.top/,
2026-06-13T16:47:54Z,chat.ekti.cc,AI Chat,hvoy,ONLINE,200,https://chat.ekti.cc/,New API,c76e1a88e5ee,https://chat.ekti.cc/,
2026-06-13T16:47:53Z,main-new.codesuc.top,CodeSuc,hvoy,ONLINE,200,https://main-new.codesuc.top/,New API,f56d7dc186f6,https://main-new.codesuc.top/,
2026-06-13T16:47:54Z,fucheers.top,Fucheers,hvoy,DNS_FAIL,,,,,,"HTTPSConnectionPool(host='fucheers.top', port=443): Max retries exceeded with url: / (Caused by NameResolutionError(""HTTPSConnection(host='fucheers.top', port=443): Failed to resolve 'fucheers.top' (["
2026-06-13T16:47:53Z,new.050602.xyz,LingxiCode,hvoy,CLOUDFLARE_OR_BLOCKED,403,https://new.050602.xyz/,Just a moment...,da1d621cb658,https://new.050602.xyz/,
2026-06-13T16:47:54Z,api.luccc.uk,luccc,hvoy,ONLINE,200,https://api.luccc.uk/,New API,abae3a1251e3,https://api.luccc.uk/,
2026-06-13T16:47:54Z,buzzai.cc,BUZZ,hvoy,ONLINE,200,https://buzzai.cc/,"BUZZ - AI Gateway for Developers | Unified API for Claude, GPT, Gemini",a7dcfed2ebed,https://buzzai.cc/,
2026-06-13T16:47:55Z,manbouapi.com,曼波API,hvoy,ONLINE,200,https://manbouapi.com/,New API,d6e4ce44039a,https://manbouapi.com/,
2026-06-13T16:47:55Z,api.sunskii.com,Sunskii,hvoy,ONLINE,200,https://api.sunskii.com/,Sunskii - AI API Gateway,0f5df0a1794e,https://api.sunskii.com/,
2026-06-13T16:47:55Z,ai.xem8k5.top,xem中转站,hvoy,ONLINE,200,https://ai.xem8k5.top/,New API,133dd0b240ab,https://ai.xem8k5.top/,
2026-06-13T16:47:55Z,beecode.cc,BeeCode,hvoy,ONLINE,200,https://beecode.cc/,BeeCode AI - AI API Gateway,5eb00e1f10c7,https://beecode.cc/,
2026-06-13T16:47:55Z,code.newcli.com,FoxCode,hvoy,CLOUDFLARE_OR_BLOCKED,403,https://code.newcli.com/,Just a moment...,1b030b76a922,https://code.newcli.com/,
2026-06-13T16:47:55Z,api.sbbbbbbbbb.xyz,Neco Api,hvoy,ONLINE,200,https://api.sbbbbbbbbb.xyz/,Neco Api,8e73931c8bd0,https://api.sbbbbbbbbb.xyz/,
2026-06-13T16:47:56Z,cc-vibe.com,CCVibe,hvoy,ONLINE,200,https://cc-vibe.com/,CCVibe - AI API Gateway,4440e708952e,https://cc-vibe.com/,
2026-06-13T16:47:56Z,lucen.cc,lucen,hvoy,ONLINE,200,https://lucen.cc/,Sub2API - AI API Gateway,a673a2addb52,https://lucen.cc/,
2026-06-13T16:47:56Z,dragoncode.codes,Dragoncode,hvoy,ONLINE,200,https://dragoncode.codes/,Dragon - 企业级中转,08c4158efc20,https://dragoncode.codes/,
2026-06-13T16:47:54Z,api.aisz.mom,Token Nexus,hvoy,ONLINE,200,https://api.aisz.mom/,New API,857b9f31cfed,https://api.aisz.mom/,
2026-06-13T16:47:54Z,mytokenpi.com,mytokenpi,hvoy,ONLINE,200,https://mytokenpi.com/,MyTokenPi,59af1b0576ca,https://mytokenpi.com/,
2026-06-13T16:47:56Z,subrouter.ai,SubRouter,hvoy,ONLINE,200,https://subrouter.ai/,SubRouter - AI Model Marketplace & API Gateway,1cc88ae0ef31,https://subrouter.ai/,
2026-06-13T16:47:57Z,timyai.com,Timy AI,hvoy,HTTP_ERROR,,,,,,"HTTPSConnectionPool(host='timyai.com', port=443): Max retries exceeded with url: / (Caused by SSLError(SSLCertVerificationError(1, '[SSL: CERTIFICATE_VERIFY_FAILED] certificate verify failed: unable t"
2026-06-13T16:47:57Z,timicc.com,TimiCC,hvoy,ONLINE,200,https://timicc.com/,TiMi CC - AI API Gateway,b53f013f1836,https://timicc.com/,
2026-06-13T16:47:57Z,freemodel.dev,FreeModel,hvoy,ONLINE,200,https://freemodel.dev/,FreeModel AI,6bc638bf7d07,https://freemodel.dev/,
2026-06-13T16:47:57Z,co.yes.vg,YesCode,hvoy,ONLINE,200,https://co.yes.vg/,Loading...,47e778381f60,https://co.yes.vg/,
2026-06-13T16:47:57Z,zerocode.sbs,ZeroCode,hvoy,ONLINE,200,https://zerocode.sbs/,New API,b3966a38a3ba,https://zerocode.sbs/,
2026-06-13T16:47:57Z,1xm.ai,1XM,hvoy,ONLINE,200,https://1xm.ai/,OneXModel,903614cb26a9,https://1xm.ai/,
2026-06-13T16:47:57Z,api.aigocode.com,AlGoCode,hvoy,ONLINE,200,https://www.aigocode.com/,AIGoCode - AI 开发者工作台 | Developer Tools,87d7800f7a45,https://api.aigocode.com/ -> https://aigocode.com -> https://www.aigocode.com/,
2026-06-13T16:47:55Z,api.aicodemirror.com,AICodeMirror,hvoy,ONLINE,200,https://www.aicodemirror.com/,AICodeMirror官方共享平台 - 中国用户专属AI编程助手,4eab97e9279d,https://api.aicodemirror.com/ -> https://www.aicodemirror.com/,
2026-06-13T16:47:58Z,safeapi.vip,SafeAPI,hvoy,ONLINE,200,https://safeapi.vip/,SAFE API - åçä½è³å®æ¹ 0.3,5f0d9ef1f176,https://safeapi.vip/,
2026-06-13T16:47:58Z,sssaicode.com,SSSAICode,hvoy,ONLINE,200,https://sssaicode.com/,SSSAiCode â Independent AI Gateway for Developers,d6af02f6d8ab,https://sssaicode.com/,
2026-06-13T16:47:57Z,api.lingshuai.cc,灵枢AI,hvoy,ONLINE,200,https://api.lingshuai.cc/,灵枢AI - AI API Gateway,d18f2e2f61b7,https://api.lingshuai.cc/,
2026-06-13T16:47:57Z,thestocklist.site,Flux API,hvoy,ONLINE,200,https://thestocklist.site/,New API,c76e1a88e5ee,https://thestocklist.site/,
2026-06-13T16:47:57Z,api.b.ai,B.AI,hvoy,ONLINE_LOGIN_REQUIRED,403,https://api.b.ai/,,e52f37db2552,https://api.b.ai/,
2026-06-13T16:47:58Z,prismapi.site,Prism API,hvoy,ONLINE,200,https://prismapi.site/,释放智能的无界潜能 | 企业级 AI 模型网关,85a6ccfdd39c,https://prismapi.site/,
2026-06-13T16:47:59Z,tokeness.cn,Tokeness,hvoy,ONLINE,200,https://tokeness.cn/,Tokeness - 一站式 AI API 接口中转｜全能 API 中转站，一个接口畅连全网主流大模型|开发,8bc1b2c32461,https://tokeness.cn/,
2026-06-13T16:47:59Z,api.tu-zi.com,兔子,hvoy,ONLINE,200,https://api.tu-zi.com/,兔子API,85958d85abcc,https://api.tu-zi.com/,
2026-06-13T16:47:58Z,tcdmx.com,TCDMX,hvoy,ONLINE,200,https://tcdmx.com/,TCDMX - AI API Gateway,8e9833cdec56,https://tcdmx.com/,
2026-06-13T16:47:59Z,tongapi.com,通API,hvoy,ONLINE,200,https://tongapi.com/,New API,279658f3e9d3,https://tongapi.com/,
2026-06-13T16:47:58Z,terminal.pub,Terminal.Pub,hvoy,ONLINE,200,https://terminal.pub/,LLM Relay,a2bf1774024e,https://terminal.pub/,
2026-06-13T16:47:58Z,api.clawopen.top,Sum API,hvoy,ONLINE,200,https://api.clawopen.top/,New API,c76e1a88e5ee,https://api.clawopen.top/,
2026-06-13T16:47:59Z,allinai7.cloud,Allin-AI,hvoy,DNS_FAIL,,,,,,"HTTPSConnectionPool(host='allinai7.cloud', port=443): Max retries exceeded with url: / (Caused by SSLError(SSLCertVerificationError(1, ""[SSL: CERTIFICATE_VERIFY_FAILED] certificate verify failed: Host"
2026-06-13T16:47:59Z,api.aircode.xin,AirCode,hvoy,ONLINE,200,https://api.aircode.xin/,AirCode - AI API Gateway,78ae752e7a96,https://api.aircode.xin/,
2026-06-13T16:47:59Z,tokenflux.dev,词元流动,hvoy,ONLINE,200,https://tokenflux.dev/,词元流动 - AI API Gateway,a0048d3cc07d,https://tokenflux.dev/,
2026-06-13T16:48:00Z,hk.ccplus.site,ccfly,hvoy,ONLINE,200,https://hk.ccplus.site/,CCPlus - AI API Gateway,24b2cb0ea9e7,https://hk.ccplus.site/,
2026-06-13T16:48:01Z,boya.one,伯牙中转,hvoy,HTTP_ERROR,,,,,,"HTTPSConnectionPool(host='boya.one', port=443): Max retries exceeded with url: / (Caused by NewConnectionError(""HTTPSConnection(host='boya.one', port=443): Failed to establish a new connection: [Errno"
2026-06-13T16:48:00Z,kelaiapi.cc,kelai,hvoy,ONLINE,200,https://kelaiapi.cc/,New API,e9e6a759a8a6,https://kelaiapi.cc/,
2026-06-13T16:48:00Z,cialloapi.cn,Ciallo API,hvoy,ONLINE,200,https://cialloapi.cn/,New API,903e40dbbbfb,https://cialloapi.cn/,
2026-06-13T16:48:00Z,mx.free.codesonline.dev,codesonline,hvoy,ONLINE,200,https://mx.free.codesonline.dev/,CodesOnline - AI API Gateway,a37bb9478068,https://mx.free.codesonline.dev/,
2026-06-13T16:48:00Z,zivv.pro,ZIVV API,hvoy,ONLINE,200,https://zivv.pro/,AI API Gateway,8fdc5169e923,https://zivv.pro/,
2026-06-13T16:48:01Z,bmai.kun8.vip,北妈AI,hvoy,ONLINE,200,https://bmai.kun8.vip/,BMAI·与你同在 - AI API Gateway,2a6527c3fa9a,https://bmai.kun8.vip/,
2026-06-13T16:48:01Z,loptu.net,垂耳兔,hvoy,ONLINE,200,https://loptu.net/,New API,1bffd86ddcc2,https://loptu.net/,
2026-06-13T16:48:00Z,code.silkapi.com,丝绸API,hvoy,ONLINE,200,https://code.silkapi.com/,丝绸API-Code站 - AI API Gateway,8aac60e50526,https://code.silkapi.com/,
2026-06-13T16:48:01Z,api.leleweb.cn,Ai乐,hvoy,ONLINE,200,https://api.leleweb.cn/,Sub2API - AI API Gateway,e852a785ec54,https://api.leleweb.cn/,
2026-06-13T16:48:02Z,mentoe.com,Mentoe,hvoy,DNS_FAIL,,,,,,"HTTPSConnectionPool(host='mentoe.com', port=443): Max retries exceeded with url: / (Caused by NameResolutionError(""HTTPSConnection(host='mentoe.com', port=443): Failed to resolve 'mentoe.com' ([Errno "
2026-06-13T16:48:02Z,mnapi.com,MNAPI,hvoy,CLOUDFLARE_OR_BLOCKED,403,https://mnapi.com/,Just a moment...,57bb1536e610,https://mnapi.com/,
2026-06-13T16:48:02Z,apinova.cc,Nova AI,hvoy,ONLINE,200,https://apinova.cc/,New API,279658f3e9d3,https://apinova.cc/,
2026-06-13T16:48:01Z,bossclaw.org,BossClaw,hvoy,ONLINE,200,https://www.bossclaw.org/,BossClaw - AI API Gateway,9685e58f42c4,https://bossclaw.org/ -> https://www.bossclaw.org/,
2026-06-13T16:48:02Z,langziapi.online,langziApi,hvoy,ONLINE,200,https://langziapi.online/,LangziApi - AI API Gateway,656ea11e4565,https://langziapi.online/,
2026-06-13T16:48:02Z,ogog.ai,OGOG.AI,hvoy,ONLINE,200,https://ogog.ai/,...,9cb7e2c65ff4,https://ogog.ai/,
2026-06-13T16:47:48Z,findcg.com,发现AI,hvoy,TIMEOUT,,,,,,"HTTPSConnectionPool(host='findcg.com', port=443): Max retries exceeded with url: / (Caused by ConnectTimeoutError(<HTTPSConnection(host='findcg.com', port=443) at 0x7f7c3fa1bd90>, 'Connection to findc"
2026-06-13T16:48:03Z,yxaiapp.com,方舟,hvoy,DNS_FAIL,,,,,,"HTTPSConnectionPool(host='yxaiapp.com', port=443): Max retries exceeded with url: / (Caused by NameResolutionError(""HTTPSConnection(host='yxaiapp.com', port=443): Failed to resolve 'yxaiapp.com' ([Err"
2026-06-13T16:48:03Z,hemaapi.cc,河马中转站,hvoy,ONLINE,200,https://hemaapi.cc/,New API,f2a49cd3b4cc,https://hemaapi.cc/,
2026-06-13T16:48:03Z,funnyskill.com,范尼API,hvoy,ONLINE,200,https://funnyskill.com/,范尼API - AI大模型接口聚合服务 - 范尼API - AI大模型API接口聚合平台,4a5c0ffbac58,https://funnyskill.com/,
2026-06-13T16:48:01Z,easy-token.com,EasyToken,hvoy,ONLINE,200,https://easy-token.com/zh,Easy Token 大模型 API 聚合平台 · 一个 Key 接入 GPT、Claude、Gemini、DeepSeek,76f93cc77936,https://easy-token.com/ -> https://easy-token.com/zh,
2026-06-13T16:48:04Z,zhangyuapi.com,章鱼中枢AI服务平台,hvoy,CLOUDFLARE_OR_BLOCKED,403,https://zhangyuapi.com/,Just a moment...,0c112f97cbbf,https://zhangyuapi.com/,
2026-06-13T16:48:03Z,x.dogenet.win,OhMyGPT,hvoy,ONLINE,200,https://x.dogenet.win/,OhMyGPT - Enterprise AI Infrastructure | 100+ Global AI Models - OhMyGPT,af8e662a1a54,https://x.dogenet.win/,
2026-06-13T16:48:03Z,api.yunserver.cn,YunServer API,hvoy,ONLINE,200,https://api.yunserver.cn/,New API,c76e1a88e5ee,https://api.yunserver.cn/,
2026-06-13T16:48:04Z,airouter.mxyhi.com,deepproxy,hvoy,ONLINE,200,https://airouter.mxyhi.com/,New API,e15ab0c21d40,https://airouter.mxyhi.com/,
2026-06-13T16:48:04Z,iacc.cc,IACC,hvoy,ONLINE,200,https://iacc.cc/,,c0043fd9bbf9,https://iacc.cc/,
2026-06-13T16:48:05Z,callxyq.xyz,Ls.API,hvoy,ONLINE,200,https://callxyq.xyz/,New API,2248bc868b03,https://callxyq.xyz/,
2026-06-13T16:48:04Z,cckeys.top,Claude密钥,hvoy,HTTP_ERROR,,,,,,"HTTPSConnectionPool(host='cckeys.top', port=443): Max retries exceeded with url: / (Caused by SSLError(SSLError(1, '[SSL: TLSV1_ALERT_INTERNAL_ERROR] tlsv1 alert internal error (_ssl.c:1016)')))"
2026-06-13T16:48:04Z,api.baobu.xyz,BAO-API,hvoy,ONLINE,200,https://api.baobu.xyz/,BAO-API - AI API Gateway,864a73d0747d,https://api.baobu.xyz/,
2026-06-13T16:48:05Z,platform.ope.ai,OPE AI,hvoy,ONLINE,200,https://platform.ope.ai/,OPE Platform - Full-Stack AI Platform,d54b2fe418b8,https://platform.ope.ai/,
2026-06-13T16:48:05Z,pixelmuse.shop,PixelMuse,hvoy,ONLINE,200,https://pixelmuse.shop/,New API,c76e1a88e5ee,https://pixelmuse.shop/,
2026-06-13T16:48:05Z,api.getezclaw.com,API GetEzClaw,hvoy,ONLINE,200,https://api.getezclaw.com/,API GetEzClaw,2bd06209822e,https://api.getezclaw.com/,
2026-06-13T16:48:06Z,us.usclaude.us,Flux AI,hvoy,ONLINE,200,https://us.usclaude.us/,Flux AI,7137d1a580a2,https://us.usclaude.us/,
2026-06-13T16:48:01Z,api.euzhi.com,Euzhi,hvoy,ONLINE,200,https://api.euzhi.com/,Euzhi,1d8a152fbf6b,https://api.euzhi.com/,
2026-06-13T16:48:05Z,codesome.ai,CodeSome,hvoy,ONLINE,200,https://codesome.ai/,codesome.ai - 先进算力投资,9cb1de0e2ca4,https://codesome.ai/,
2026-06-13T16:48:05Z,enjoyapi.cc,安九API,hvoy,ONLINE,200,https://enjoyapi.cc/,安九API - AI API Gateway,3eb46e239bfd,https://enjoyapi.cc/,
2026-06-13T16:48:03Z,jiekou.ai,接口AI,hvoy,ONLINE,200,https://jiekou.ai/zh,接口AI 一站式多模型 API 中转平台，快速集成智能应用,6940045d2171,https://jiekou.ai/ -> https://jiekou.ai/zh,
2026-06-13T16:48:06Z,zaimaai.cn,在吗 AI,hvoy,DNS_FAIL,,,,,,"HTTPSConnectionPool(host='zaimaai.cn', port=443): Max retries exceeded with url: / (Caused by NameResolutionError(""HTTPSConnection(host='zaimaai.cn', port=443): Failed to resolve 'zaimaai.cn' ([Errno "
2026-06-13T16:48:06Z,api.openaeon.ai,openaeonAPI,hvoy,ONLINE,200,https://api.openaeon.ai/,New API,2f9faa668d68,https://api.openaeon.ai/,
2026-06-13T16:48:00Z,api.hack3rx.cn,Hack3rX-API,hvoy,ONLINE,200,https://api.hack3rx.cn/,Hack3rX-API - AI API Gateway,0201e39d63ae,https://api.hack3rx.cn/,
2026-06-13T16:48:06Z,jmyr.net,JMYR,hvoy,ONLINE,200,https://www.jmyr.net/,JmyR | 多工具 AI 接入,90123904c3ac,https://jmyr.net/ -> https://www.jmyr.net/,
2026-06-13T16:48:07Z,duckcode.cn,duckcode,hvoy,CLOUDFLARE_OR_BLOCKED,403,https://duckcode.cn/,Just a moment...,fe1e7718272e,https://duckcode.cn/,
2026-06-13T16:48:06Z,ai.cdn.ad,Lightning AI,hvoy,ONLINE,200,https://ai.cdn.ad/,Lightning AI - AI API Gateway,595c273ef8d1,https://ai.cdn.ad/,
2026-06-13T16:48:05Z,cca.maya.today,BMCCA,hvoy,ONLINE,200,https://cca.maya.today/,BMCCA - AI API Gateway,3997e3616e8f,https://cca.maya.today/,
2026-06-13T16:48:07Z,proxy2it.com,ProxyAI,hvoy,ONLINE,200,https://proxy2it.com/,ProxyAI - AI API Gateway,2ff55aef5a57,https://proxy2it.com/,
2026-06-13T16:48:07Z,codexone.aieania.tech,CodexOne,hvoy,ONLINE,200,https://codexone.aieania.tech/,CodexOne - AI API Gateway,eab8787a548a,https://codexone.aieania.tech/,
2026-06-13T16:48:08Z,codex.dakeai.cc,DKAI/大可,Taobao,ONLINE,200,https://codex.dakeai.cc/,DKAPI - AI API Gateway,bb4423b82ac8,https://codex.dakeai.cc/,
2026-06-13T16:48:06Z,opentk.ai,OpenToken,hvoy,ONLINE,200,https://opentk.ai/,OpenToken - AI API Gateway,9d0fb3ae7356,https://opentk.ai/,
2026-06-13T16:48:08Z,daidaibird.top,呆呆鸟,hvoy,DNS_FAIL,,,,,,"HTTPSConnectionPool(host='daidaibird.top', port=443): Max retries exceeded with url: / (Caused by NameResolutionError(""HTTPSConnection(host='daidaibird.top', port=443): Failed to resolve 'daidaibird.t"
2026-06-13T16:48:07Z,hk.hhnto.top,hhnto的API中转,hvoy,ONLINE,200,https://hk.hhnto.top/,New API,c76e1a88e5ee,https://hk.hhnto.top/,
2026-06-13T16:48:07Z,api.ejkoy.com,整点token,hvoy,ONLINE,200,https://api.ejkoy.com/,整点token - AI API Gateway,2e79834bb58b,https://api.ejkoy.com/,
2026-06-13T16:48:07Z,api.owlai.tech,Owl AI,hvoy,ONLINE,200,https://api.owlai.tech/,Owl AI - AI API Gateway,09106f1a6837,https://api.owlai.tech/,
2026-06-13T16:48:08Z,api.laozhang.ai,BestAIAPI/老张,Taobao,ONLINE,200,https://api.laozhang.ai/,LaoZhang API,8913e8a71d83,https://api.laozhang.ai/,
2026-06-13T16:48:08Z,www.metachat.work,MetaChat元语,Taobao,ONLINE,200,https://www.metachat.work/,MetaChat 元语 - 一站式使用全球 AI | ChatGPT Gemini Claude Nano Banana Midjourney,581b1adeae87,https://www.metachat.work/,
2026-06-13T16:48:07Z,hiapi.store,hiapi,hvoy,ONLINE,200,https://hiapi.store/,New API,5921a7f49369,https://hiapi.store/,
2026-06-13T16:48:08Z,claude.hk.cn,VAMN,Taobao,ONLINE,200,https://claude.hk.cn/pastel/,,c7b013ce9bb8,https://claude.hk.cn/ -> https://claude.hk.cn/pastel/,
2026-06-13T16:48:09Z,newapi.qwqtao.one,Tao API,Xiaohongshu,ONLINE,200,https://newapi.qwqtao.one/,New API,c76e1a88e5ee,https://newapi.qwqtao.one/,
2026-06-13T16:48:08Z,hos.chatopens.vip,CHATOPENS/b站小光,Taobao,ONLINE,200,https://hos.chatopens.vip/Web/List.html,éè½¦,3aa34e123948,https://hos.chatopens.vip/ -> https://hos.chatopens.vip/Web/List.html,
2026-06-13T16:48:09Z,open.xiaojingai.com,小鲸Ai开放平台,Xiaohongshu,ONLINE,200,https://open.xiaojingai.com/,New API,9b1522c5ecb5,https://open.xiaojingai.com/,
2026-06-13T16:48:08Z,web.mmw.ink,妙妙屋APIMMW,Taobao,ONLINE,200,https://web.mmw.ink/,Open WebUI,d5414a16f393,https://web.mmw.ink/,
2026-06-13T16:48:09Z,infistar.ai,无限星河Ai,Taobao,ONLINE,200,https://infistar.ai/,无限星河AI - 每个人都能拥抱的 AI 动力,f23aa405c2f9,https://infistar.ai/,
2026-06-13T16:48:08Z,chat.chesspnt.com,棋点AI,Taobao,ONLINE,200,https://chat.chesspnt.com/list/,gpt,2c4b7e2b1b3f,https://chat.chesspnt.com/ -> https://chat.chesspnt.com/list -> https://chat.chesspnt.com/list/,
2026-06-13T16:48:09Z,www.freezapi.eu.cc,freez API,Xiaohongshu,ONLINE,200,https://www.freezapi.eu.cc/,New API,279658f3e9d3,https://www.freezapi.eu.cc/,
2026-06-13T16:48:08Z,api.whatai.cc,神马中转API,Taobao,ONLINE,200,https://api.whatai.cc/,神马中转API_API中转站_国内直连ChatGPT/Claude/Gemini,ba86c217120f,https://api.whatai.cc/,
2026-06-13T16:48:09Z,api.ebutterfly.cc,电子蝴蝶,Xiaohongshu,ONLINE,200,https://api.ebutterfly.cc/,New API,ba55509a1a31,https://api.ebutterfly.cc/,
2026-06-13T16:48:09Z,newapi.youkies.space,Youkies API,Xiaohongshu,ONLINE,200,https://newapi.youkies.space/,Youkies API · Clay,88b492481e55,https://newapi.youkies.space/,
2026-06-13T16:48:10Z,api.uglycat.cc,uglycat,Xiaohongshu,CLOUDFLARE_OR_BLOCKED,403,https://api.uglycat.cc/,Just a moment...,da0d49b30ee0,https://api.uglycat.cc/,
2026-06-13T16:48:09Z,meeyo.org,悠米API,Xiaohongshu,ONLINE,200,https://meeyo.org/,YOUME API,df01400c636a,https://meeyo.org/,
2026-06-13T16:48:10Z,xinggangai.com,星港AI,Xiaohongshu,ONLINE,200,https://xinggangai.com/,New API,57e83aae6cd0,https://xinggangai.com/,
2026-06-13T16:48:10Z,www.aladingapi.cc,阿拉丁API,Xiaohongshu,ONLINE,200,https://www.aladingapi.cc/,New API,903e40dbbbfb,https://www.aladingapi.cc/,
2026-06-13T16:48:10Z,api.dongli.work,冻梨API,Xiaohongshu,ONLINE,200,https://api.dongli.work/,New API,dc2ccfdd284a,https://api.dongli.work/,
2026-06-13T16:48:11Z,www.gogoapi.cloud,GOGOAPI,Xiaohongshu,ONLINE,200,https://www.gogoapi.cloud/,首页 - GGAPI,90c051a153ca,https://www.gogoapi.cloud/,
2026-06-13T16:48:11Z,hohoapi.com,HoHoApi,Xiaohongshu,ONLINE,200,https://hohoapi.com/,hohoapi为您提供稳定可靠的Openai ChatGPT、Gemini、Claude、Deepseek、Grok、openclaw等API直连中转服务！,640054922da0,https://hohoapi.com/,
2026-06-13T16:48:10Z,spritnest.com,Spritnest,Xiaohongshu,ONLINE,200,https://spritnest.com/,New API,634a8e09529d,https://spritnest.com/,
2026-06-13T16:48:09Z,arpanet.icu,ARPANET API,Xiaohongshu,ONLINE,200,https://arpanet.icu/,New API,2f9faa668d68,https://arpanet.icu/,
2026-06-13T16:48:10Z,cdn.sta1n.cn,STA1N API,Xiaohongshu,ONLINE,200,https://cdn.sta1n.cn/,New API,c76e1a88e5ee,https://cdn.sta1n.cn/,
2026-06-13T16:48:11Z,shitang359.space,元气食堂API,Xiaohongshu,HTTP_ERROR,502,https://shitang359.space/,Bad Gateway,8629244e685b,https://shitang359.space/,
2026-06-13T17:05:04Z,modcon.top,ModCon,hvoy,ONLINE,200,https://modcon.top/,ModCon - AI API Gateway,32f78abc24b9,https://modcon.top/,
2026-06-13T17:05:04Z,runapi.co,RunAPI,hvoy,ONLINE,200,https://runapi.co/,RunAPI:高质量API中转平台,55d5a739970c,https://runapi.co/,
2026-06-13T17:05:04Z,lingsuan.top,灵算,hvoy,ONLINE,200,https://lingsuan.top/,灵算 - AI API Gateway,144486b9d758,https://lingsuan.top/,
2026-06-13T17:05:04Z,packyapi.com,PackyCode,hvoy,ONLINE,200,https://www.packyapi.com/,PackyAPI - 全球领先的 AI API 聚合平台 | Global AI API Aggregation Platform,dfeddd49f282,https://packyapi.com/ -> https://www.packyapi.com/,
2026-06-13T17:05:04Z,9527code.com,9527code,hvoy,ONLINE,200,https://9527code.com/,9527 CODE - AI中转站 | 企业级API中转 稳定可靠,cbb4ab50621d,https://9527code.com/,
2026-06-13T17:05:04Z,portal.gpteamservices.com,GPTEAM,hvoy,ONLINE,200,https://portal.gpteamservices.com/,GPTEAM,ecd37499f749,https://portal.gpteamservices.com/,
2026-06-13T17:05:04Z,uuapi.net,UU API,hvoy,ONLINE,200,https://uuapi.net/,UU API - AI API Gateway,bd25a83d2d93,https://uuapi.net/,
2026-06-13T17:05:04Z,sudocode.chat,SudoCode,hvoy,ONLINE,200,https://sudocode.chat/,SudoCode - Claude Code 与 Codex 统一 API Base,1122ae6bd5ef,https://sudocode.chat/,
2026-06-13T17:05:04Z,toknex.ai,Toknex,hvoy,ONLINE,200,https://toknex.ai/,Toknex,22bf37eb6fe2,https://toknex.ai/,
2026-06-13T17:05:04Z,api.xpluse.plus,数智AI,hvoy,CLOUDFLARE_OR_BLOCKED,403,https://api.xpluse.plus/,Just a moment...,feb3a0e63787,https://api.xpluse.plus/,
2026-06-13T17:05:04Z,toolcode.top,ToolCode,hvoy,ONLINE,200,https://toolcode.top/,ToolCode - AI API Gateway,938ad6d9779f,https://toolcode.top/,
2026-06-13T17:05:04Z,coderelay.cn,CodeRelay,hvoy,ONLINE,200,https://coderelay.cn/,New API,3d4f4805d92e,https://coderelay.cn/,
2026-06-13T17:05:04Z,right.codes,RightCode,hvoy,ONLINE,200,https://right.codes/,Right Code - ä¼ä¸çº§ AI Agent ä¸­è½¬å¹³å°,6f81320c1fa6,https://right.codes/,
2026-06-13T17:05:04Z,anpin.ai,AnPin AI,hvoy,ONLINE,200,https://anpin.ai/,AnPin AI - AI API Gateway,5d58858f147e,https://anpin.ai/,
2026-06-13T17:05:04Z,claudecn.top,ClaudeCN,hvoy,ONLINE,200,https://claudecn.top/,ClaudeCN - è®©ä¸çé¡¶å° AIï¼è§¦æå¯å,c6d3e467d98a,https://claudecn.top/,
2026-06-13T17:05:05Z,unity2.ai,unity2,hvoy,ONLINE,200,https://unity2.ai/,Unity2.Ai - 企业级 AI 中转方案,1c0886f4ca8a,https://unity2.ai/,
2026-06-13T17:05:05Z,sub2api.luchikey.com,luchikey,hvoy,ONLINE,200,https://sub2api.luchikey.com/,API Token ä¸­è½¬ç«,257d7ea64fbb,https://sub2api.luchikey.com/,
2026-06-13T17:05:05Z,api.muskapi.cc,MuskAI,hvoy,ONLINE,200,https://api.muskapi.cc/,MuskAI - AI API Gateway,60c701d6041a,https://api.muskapi.cc/,
2026-06-13T17:05:04Z,dawclaudecode.com,DawCode,hvoy,ONLINE,200,https://dawclaudecode.com/,New API,c76e1a88e5ee,https://dawclaudecode.com/,
2026-06-13T17:05:06Z,claude-api.org,Claude-API,hvoy,ONLINE,200,https://claude-api.org/,Claude API · 一个 Key 通用 Claude / GPT / Gemini,9fa3ce1abb15,https://claude-api.org/,
2026-06-13T17:05:06Z,qiuqiutoken.com,球球Token,hvoy,ONLINE,200,https://qiuqiutoken.com/,New API,8b4f391ab9db,https://qiuqiutoken.com/,
2026-06-13T17:05:05Z,chintao.cn,Chintao AI,hvoy,ONLINE,200,https://chintao.cn/,New API,0aa3aa66a665,https://chintao.cn/,
2026-06-13T17:05:05Z,linkai.shop,LinkAi,hvoy,ONLINE,200,https://linkai.shop/,LinkAI,cc233bc4599d,https://linkai.shop/,
2026-06-13T17:05:06Z,worldbase.ai,WorldBase.ai,hvoy,ONLINE,200,https://worldbase.ai/,Developer Console,163acd7944d4,https://worldbase.ai/,
2026-06-13T17:05:06Z,zxai.work,ZX API,hvoy,ONLINE,200,https://zxai.work/,New API,d28bc08e73ee,https://zxai.work/,
2026-06-13T17:05:07Z,hao.ai,hao.ai,hvoy,ONLINE,200,https://hao.ai/,"HaoAI — One API for GPT, Claude, and Gemini | HaoAI",2bfff1a66892,https://hao.ai/,
2026-06-13T17:05:06Z,juxingai.top,聚星AI,hvoy,ONLINE,200,https://juxingai.top/,中转站,9729dd291a71,https://juxingai.top/,
2026-06-13T17:05:06Z,api.ykh.ai,YKH.AI,hvoy,ONLINE,200,https://api.ykh.ai/,New API,279658f3e9d3,https://api.ykh.ai/,
2026-06-13T17:05:07Z,api.rkai6.com,RK API,hvoy,ONLINE,200,https://api.rkai6.com/,New API,38462e70bd50,https://api.rkai6.com/,
2026-06-13T17:05:07Z,poixe.com,Poixe AI,hvoy,ONLINE,200,https://poixe.com/,Poixe AI,4778a9201dde,https://poixe.com/,
2026-06-13T17:05:08Z,tokenmix.ai,TokenMix,hvoy,ONLINE,200,https://tokenmix.ai/,TokenMix — AI API Relay and Multi-Model Gateway,4cf1815f9c6c,https://tokenmix.ai/,
2026-06-13T17:05:08Z,yundu.lat,云渡,hvoy,ONLINE,200,https://yundu.lat/,云渡 - AI API Gateway,b5cfc8e84f1f,https://yundu.lat/,
2026-06-13T17:05:07Z,clauqe.ai,ClauqeAI,hvoy,ONLINE,200,https://clauqe.ai/,ClauqeAI - AI API Gateway,d88f6a52a574,https://clauqe.ai/,
2026-06-13T17:05:07Z,api.api2cn.com,智惠API,hvoy,ONLINE,200,https://api.api2cn.com/,智惠 API (ZHAPI) - AI API Gateway,84a58db0e289,https://api.api2cn.com/,
2026-06-13T17:05:07Z,ai.luminai.cc,Lumin AI,hvoy,ONLINE,200,https://ai.luminai.cc/,New API,1d53d9e97351,https://ai.luminai.cc/,
2026-06-13T17:05:08Z,aokapi.com,AOK,hvoy,ONLINE,200,https://aokapi.com/,New API,279658f3e9d3,https://aokapi.com/,
2026-06-13T17:05:08Z,sudocode.us,sudocode.us,hvoy,ONLINE,200,https://sudocode.us/,SudoCode,c716ec180b14,https://sudocode.us/,
2026-06-13T17:05:08Z,ccgoai.com,ccgo,hvoy,ONLINE,200,https://ccgoai.com/,ccgo - AI API Gateway,c83efbdc5f04,https://ccgoai.com/,
2026-06-13T17:05:08Z,nekocode.ai,NekoCode,hvoy,ONLINE,200,https://nekocode.ai/,Neko Code,89f9c3c271e0,https://nekocode.ai/,
2026-06-13T17:05:07Z,api.whlemon.cn,橙芯算力,hvoy,ONLINE,200,https://api.whlemon.cn/,橙芯算力 - AI API Gateway,18dcf2a2db37,https://api.whlemon.cn/,
2026-06-13T17:05:07Z,xyc.ai,XycAi(星道智能),hvoy,ONLINE,200,https://xyc.ai/,XycAi Inc — Enterprise AI Transformation Partner,3d8ac1f05637,https://xyc.ai/,
2026-06-13T17:05:08Z,api.ikuncode.cc,IKunCode,hvoy,ONLINE,200,https://api.ikuncode.cc/,New API,2a363f361c05,https://api.ikuncode.cc/,
2026-06-13T17:05:08Z,autorouter.io,AutoRouter,hvoy,ONLINE,200,https://autorouter.io/,New API,d28bc08e73ee,https://autorouter.io/,
2026-06-13T17:05:09Z,xbhuiz.com,XMAPI,hvoy,ONLINE,200,https://xbhuiz.com/,XMAI - AI API Gateway,6b36fdfb2165,https://xbhuiz.com/,
2026-06-13T17:05:09Z,claudeapi.com,Claude API,hvoy,ONLINE,200,https://claudeapi.com/zh/,Claude API - 稳定直连，持续可靠的 Anthropic API 代理,bfc616e13ec5,https://claudeapi.com/ -> https://claudeapi.com/zh/,
2026-06-13T17:05:09Z,chiyicn.com,词易,hvoy,ONLINE,200,https://chiyicn.com/,词易 - AI API Gateway,9d4b879d22c3,https://chiyicn.com/,
2026-06-13T17:05:09Z,derouter.ai,DeRouter,hvoy,ONLINE,200,https://derouter.ai/,Full-Spec Claude &amp; GPT API — Up to 90% Off | derouter.ai,bb6bf9bd0948,https://derouter.ai/,
2026-06-13T17:05:09Z,token.baogutang.top,N1KO-API,hvoy,ONLINE,200,https://token.baogutang.top/,N1KO API - AI API Gateway,6ebb7062cad8,https://token.baogutang.top/,
2026-06-13T17:05:10Z,daodunapi.com,我的刀盾,hvoy,ONLINE,200,https://daodunapi.com/,New API,a2beec54a970,https://daodunapi.com/,
2026-06-13T17:05:09Z,codefwd.top,CodeFwd,hvoy,ONLINE,200,https://codefwd.top/,New API,98df69e739a8,https://codefwd.top/,
2026-06-13T17:05:09Z,api.frontier-intelligence.tech,Frontier Intelligence,hvoy,ONLINE,200,https://api.frontier-intelligence.tech/,New API,b20f638cc49d,https://api.frontier-intelligence.tech/,
2026-06-13T17:05:10Z,fishxcode.com,fishxcode,hvoy,ONLINE,200,https://fishxcode.com/,企业级 Claude API 官方通道中转 | FishXCode AI,e0e088610314,https://fishxcode.com/,
2026-06-13T17:05:11Z,zz.aigm99.cn,Green Mountain青山,hvoy,ONLINE,200,https://zz.aigm99.cn/,New API,279658f3e9d3,https://zz.aigm99.cn/,
2026-06-13T17:05:10Z,huiyun.asia,汇云AI,hvoy,ONLINE,200,https://huiyun.asia/,中转站,9729dd291a71,https://huiyun.asia/,
2026-06-13T17:05:10Z,cubence.com,Cubence,hvoy,ONLINE,200,https://cubence.com/,CUBENCE - Claude Code &amp; Codex Gateway,90743daeaf6e,https://cubence.com/,
2026-06-13T17:05:10Z,duckcoding.ai,DuckCoding,hvoy,ONLINE,200,https://www.duckcoding.ai/,New API,a565c12ab5a1,https://www.duckcoding.ai/,
2026-06-13T17:05:11Z,switchbase.vip,SwitchBase,hvoy,ONLINE,200,https://switchbase.vip/,New API,034e5eebdc4b,https://switchbase.vip/,
2026-06-13T17:05:11Z,llmapi.pro,LLMAPI,hvoy,ONLINE,200,https://llmapi.pro/,LLM API — Multi-Provider Pool. - LLM API,79fecbab96c8,https://llmapi.pro/,
2026-06-13T17:05:12Z,ai.kividas.com,KyberRouter,hvoy,ONLINE,200,https://ai.kividas.com/,KyberRouter - AI Model Hub,b7ba9999801d,https://ai.kividas.com/,
2026-06-13T17:05:11Z,tokenonly.ai,tokenonly,hvoy,ONLINE,200,https://tokenonly.ai/,TokenOnly — Production LLM platform for AI-native teams,5baffcab8603,https://tokenonly.ai/,
2026-06-13T17:05:12Z,5cookie.cc,5Cookie Code,hvoy,ONLINE,200,https://www.5cookie.cc/,New API,f63a47e2fba1,https://5cookie.cc/ -> https://www.5cookie.cc/,
2026-06-13T17:05:10Z,dasuapi.com,DasuApi,hvoy,ONLINE,200,https://dasuapi.com/,DasuApi - AI API Gateway,51b1d93a4d54,https://dasuapi.com/,
2026-06-13T17:05:12Z,aiapi.world,AiApi.World,hvoy,ONLINE,200,https://aiapi.world/,"Access 100+ AI Models in One API, Save 50% | AIAPI.world",6032c685eee1,https://aiapi.world/,
2026-06-13T17:05:11Z,cc.anyroute.io,AnyRoute,hvoy,ONLINE,200,https://cc.anyroute.io/,AnyRoute - AI API Gateway,6680650fed7d,https://cc.anyroute.io/,
2026-06-13T17:05:12Z,api.tallius.ai,tallius.ai,hvoy,ONLINE,200,https://api.tallius.ai/,New API,dca7d0c15603,https://api.tallius.ai/,
2026-06-13T17:05:12Z,llmgw.cn,Token API,hvoy,ONLINE,200,https://llmgw.cn/,Token API,a1e350322b3f,https://llmgw.cn/,
2026-06-13T17:05:13Z,api.vectorengine.ai,VectorEngine,hvoy,ONLINE,200,https://api.vectorengine.ai/,Vector Engine (向量引擎) - 高速、稳定的 AI API 中转站,bcd2221d4006,https://api.vectorengine.ai/,
2026-06-13T17:05:13Z,openclaudecode.cn,米醋AI,hvoy,DNS_FAIL,,,,,,"HTTPConnectionPool(host='openclaudecode.cn', port=80): Max retries exceeded with url: / (Caused by NameResolutionError(""HTTPConnection(host='openclaudecode.cn', port=80): Failed to resolve 'openclaude"
2026-06-13T17:05:13Z,infai.cc,无限API,hvoy,ONLINE,200,https://infai.cc/,无限API,b6b5240f8bf4,https://infai.cc/,
2026-06-13T17:05:13Z,api.gpt.ge,V-API,hvoy,ONLINE,200,https://api.gpt.ge/,V-API - 为您提供稳定可靠的Openai ChatGPT、Gemini、Claude、Deepseek、Grok、openclaw等API直连中转服务！,0f8d1412d118,https://api.gpt.ge/,
2026-06-13T17:05:13Z,724codes.com,724codes,hvoy,ONLINE,200,https://724codes.com/,724codes - AI API Gateway,5e813345147e,https://724codes.com/,
2026-06-13T17:05:13Z,api.timebackward.com,FastCode,hvoy,ONLINE,200,https://api.timebackward.com/,首页 - AI中转站 - GPT、Claude、Gemini、DeepSeek API聚合平台 | TimeBackward,b40a9a7412b1,https://api.timebackward.com/,
2026-06-13T17:05:12Z,tokaify.com,Tokaify,hvoy,ONLINE,200,https://www.tokaify.com/,Tokaify,27e4b78406b8,https://tokaify.com/ -> https://www.tokaify.com/,
2026-06-13T17:05:14Z,ephone.ai,ePhone AI,hvoy,ONLINE,200,https://platform.ephone.ai/,ePhone AI,7822d72481a8,https://ephone.ai/ -> https://platform.ephone.ai/,
2026-06-13T17:05:14Z,api.vip.crond.dev,PRY,hvoy,ONLINE,200,https://api.vip.crond.dev/,New API,83944e70b317,https://api.vip.crond.dev/,
2026-06-13T17:05:14Z,api.gemai.cc,哈基米,hvoy,ONLINE,200,https://api.gemai.cc/,New API,0c60b588b152,https://api.gemai.cc/,
2026-06-13T17:05:14Z,api.dzzi.ai,大肘子,hvoy,ONLINE,200,https://api.dzzi.ai/,New API,f2a49cd3b4cc,https://api.dzzi.ai/,
2026-06-13T17:05:14Z,api.bbww.top,旺旺中转站,hvoy,ONLINE,200,https://api.bbww.top/,New API,c76e1a88e5ee,https://api.bbww.top/,
2026-06-13T17:05:15Z,az.zlapi.vip,宅恋,hvoy,ONLINE,200,https://az.zlapi.vip/,New API,7b4f92627f33,https://az.zlapi.vip/,
2026-06-13T17:05:15Z,aiberm.com,Aiberm,hvoy,ONLINE,200,https://aiberm.com/,Aiberm - 为开发者提供有折扣的 AI API,3f463a9e0bdb,https://aiberm.com/,
2026-06-13T17:05:15Z,traxnode.com,Traxnode,hvoy,ONLINE,200,https://traxnode.com/,New API,fff3b4cefc25,https://traxnode.com/,
2026-06-13T17:05:16Z,linkapi.ai,LinkAPI,hvoy,ONLINE,200,https://linkapi.ai/,New API,279658f3e9d3,https://linkapi.ai/,
2026-06-13T17:05:16Z,easyrouter.io,EasyRouter,hvoy,ONLINE,200,https://easyrouter.io/,,492c4d327f72,https://easyrouter.io/,
2026-06-13T17:05:15Z,api.tryallai.com,TryAllAI,hvoy,CLOUDFLARE_OR_BLOCKED,403,https://api.tryallai.com/,Just a moment...,549e0290b0bb,https://api.tryallai.com/,
2026-06-13T17:05:13Z,sub2.congmingai.com,聪明AI,hvoy,ONLINE,200,https://sub2.congmingai.com/,聪明AI - AI API Gateway,56cc83992c23,https://sub2.congmingai.com/,
2026-06-13T17:05:17Z,ai.centos.hk,星辰,hvoy,ONLINE,200,https://ai.centos.hk/,New API,c76e1a88e5ee,https://ai.centos.hk/,
2026-06-13T17:05:16Z,api.qiyiguo.uk,奇异果 API,hvoy,ONLINE,200,https://api.qiyiguo.uk/,New API,c069168144cd,https://api.qiyiguo.uk/,
2026-06-13T17:05:16Z,api.xaix.me,xAIx,hvoy,ONLINE,200,https://api.xaix.me/,New API,51804cb8e0d2,https://api.xaix.me/,
2026-06-13T17:05:17Z,ai.xlyun.pro,小流云,hvoy,ONLINE,200,https://ai.xlyun.pro/,New API,7b4f92627f33,https://ai.xlyun.pro/,
2026-06-13T17:05:15Z,ddshub.cc,DDShub,hvoy,ONLINE,200,https://www.ddshub.cc/,DDS Hub - AI API Gateway,c53774ceabeb,https://ddshub.cc/ -> https://www.ddshub.cc/,
2026-06-13T17:05:18Z,superapi.buzz,SuperAPI,hvoy,ONLINE,200,https://superapi.buzz/,New API,4109646a8f20,https://superapi.buzz/,
2026-06-13T17:05:18Z,api.ekan8.com,Ekan8,hvoy,ONLINE,200,https://api.ekan8.com/,New API,c76e1a88e5ee,https://api.ekan8.com/,
2026-06-13T17:05:17Z,claudeagent.com.cn,ClaudeAgent,hvoy,ONLINE,200,https://claudeagent.com.cn/,My Claude Code - Claude Code API 接入平台 | 更快 · 更便宜 · 即插即用,3758c558196d,https://claudeagent.com.cn/,
2026-06-13T17:05:17Z,bobdong.cn,Bob API,hvoy,ONLINE,200,https://bobdong.cn/,New API,7f72815ac2ea,https://bobdong.cn/,
2026-06-13T17:05:18Z,ai.17nas.com,镜核 AI,hvoy,CLOUDFLARE_OR_BLOCKED,403,https://ai.17nas.com/,Just a moment...,7fc480c7e8ea,https://ai.17nas.com/,
2026-06-13T17:05:15Z,dataeyes.ai,DataEyes AI,hvoy,ONLINE,200,https://www.dataeyes.ai/,DataEyesAI - Run Better AI Models for Less,40886b748f94,https://dataeyes.ai/ -> https://www.dataeyes.ai/,
2026-06-13T17:05:18Z,api.discordtool.vip,巨硬AI,hvoy,ONLINE,200,https://api.discordtool.vip/,New API,c76e1a88e5ee,https://api.discordtool.vip/,
2026-06-13T17:05:18Z,gua.guagua.uk,SunnyPumpkinAPI,hvoy,ONLINE,200,https://gua.guagua.uk/,New API,51804cb8e0d2,https://gua.guagua.uk/,
2026-06-13T17:05:19Z,sparkcode.top,SparkCode,hvoy,ONLINE,200,https://sparkcode.top/,API Management,e3732da331cf,https://sparkcode.top/,
2026-06-13T17:05:18Z,xcode.best,Xcode,hvoy,ONLINE,200,https://xcode.best/,Xcode,cca0fbc2f315,https://xcode.best/,
2026-06-13T17:05:19Z,uocode.com,UoCode,hvoy,ONLINE,200,https://uocode.com/,UoCode,8c04fa777756,https://uocode.com/,
2026-06-13T17:05:19Z,ai.flashapi.top,闪电API,hvoy,ONLINE,200,https://ai.flashapi.top/,New API,c76e1a88e5ee,https://ai.flashapi.top/,
2026-06-13T17:05:18Z,xiaoruiapi.cc,小瑞API,hvoy,ONLINE,200,https://xiaoruiapi.cc/,ç«ç¹å·²è¿ç§»,b77bfa1eb316,https://xiaoruiapi.cc/,
2026-06-13T17:05:20Z,cooper-api.com,Cooper-API,hvoy,ONLINE,200,https://cooper-api.com/,Cooper-API | New API,a67b4565379e,https://cooper-api.com/,
2026-06-13T17:05:19Z,code.b886.top,CCTQ,hvoy,DNS_FAIL,,,,,,"HTTPConnectionPool(host='code.b886.top', port=80): Max retries exceeded with url: / (Caused by NameResolutionError(""HTTPConnection(host='code.b886.top', port=80): Failed to resolve 'code.b886.top' ([E"
2026-06-13T17:05:19Z,aaatoken.cn,3AToken,hvoy,ONLINE,200,https://aaatoken.cn/,3AToken,adf274e80f8e,https://aaatoken.cn/,
2026-06-13T17:05:20Z,api.rootflowai.com,RootFlow,hvoy,ONLINE,200,https://rootflowai.com/,RootFlowAI | 绝不掺水的纯粹算力源,aec0b8b32eca,https://api.rootflowai.com/ -> https://rootflowai.com/,
2026-06-13T17:05:20Z,nextoken.online,NexToken,hvoy,ONLINE,200,https://www.nextoken.online/,NexToken - AI API Gateway,cccceb135c77,https://nextoken.online/ -> https://www.nextoken.online/,
2026-06-13T17:05:20Z,huanapi.com,换API,hvoy,ONLINE,200,https://www.huanapi.com/,换API - 一站式AI模型聚合平台 | 全球顶级大模型 API,d568646063c7,https://huanapi.com/ -> https://www.huanapi.com/,
2026-06-13T17:05:20Z,new.050602.xyz,LingxiCode,hvoy,CLOUDFLARE_OR_BLOCKED,403,https://new.050602.xyz/,Just a moment...,90015a128e55,https://new.050602.xyz/,
2026-06-13T17:05:21Z,free.learn-ai.top,learn-ai,hvoy,ONLINE,200,https://free.learn-ai.top/,New API,fd0695c788b0,https://free.learn-ai.top/,
2026-06-13T17:05:22Z,user.tocodex.com,ToCodex,hvoy,ONLINE,200,https://user.tocodex.com/,New API,b7346b6eb5fc,https://user.tocodex.com/,
2026-06-13T17:05:21Z,mzlone.top,AIMZ,hvoy,ONLINE,200,https://mzlone.top/,New API,c879b1c33ddf,https://mzlone.top/,
2026-06-13T17:05:22Z,chat.ekti.cc,AI Chat,hvoy,ONLINE,200,https://chat.ekti.cc/,New API,c76e1a88e5ee,https://chat.ekti.cc/,
2026-06-13T17:05:20Z,main-new.codesuc.top,CodeSuc,hvoy,ONLINE,200,https://main-new.codesuc.top/,New API,f56d7dc186f6,https://main-new.codesuc.top/,
2026-06-13T17:05:20Z,timesniper.club,一元模型,hvoy,ONLINE,200,https://timesniper.club/console,New API,4b1b9cbeb541,https://timesniper.club/ -> https://timesniper.club/console,
2026-06-13T17:05:22Z,api.luccc.uk,luccc,hvoy,ONLINE,200,https://api.luccc.uk/,New API,abae3a1251e3,https://api.luccc.uk/,
2026-06-13T17:05:22Z,buzzai.cc,BUZZ,hvoy,ONLINE,200,https://buzzai.cc/,"BUZZ - AI Gateway for Developers | Unified API for Claude, GPT, Gemini",a7dcfed2ebed,https://buzzai.cc/,
2026-06-13T17:05:22Z,fucheers.top,Fucheers,hvoy,ONLINE,200,https://www.fucheers.top/,New API,f0ddfbe40570,https://www.fucheers.top/,
2026-06-13T17:05:23Z,manbouapi.com,曼波API,hvoy,ONLINE,200,https://manbouapi.com/,New API,d6e4ce44039a,https://manbouapi.com/,
2026-06-13T17:05:06Z,sevnx.one,SevnX,hvoy,ONLINE,200,https://www.sevnx.one/,SevnX - AI API Gateway,c3b31cfc8b7f,https://www.sevnx.one/,
2026-06-13T17:05:23Z,api.sunskii.com,Sunskii,hvoy,ONLINE,200,https://api.sunskii.com/,Sunskii - AI API Gateway,9eb6b3f6944d,https://api.sunskii.com/,
2026-06-13T17:05:23Z,api.aisz.mom,Token Nexus,hvoy,ONLINE,200,https://api.aisz.mom/,New API,857b9f31cfed,https://api.aisz.mom/,
2026-06-13T17:05:23Z,api.sbbbbbbbbb.xyz,Neco Api,hvoy,ONLINE,200,https://api.sbbbbbbbbb.xyz/,Neco Api,8e73931c8bd0,https://api.sbbbbbbbbb.xyz/,
2026-06-13T17:05:23Z,ai.xem8k5.top,xem中转站,hvoy,ONLINE,200,https://ai.xem8k5.top/,New API,133dd0b240ab,https://ai.xem8k5.top/,
2026-06-13T17:05:24Z,code.newcli.com,FoxCode,hvoy,CLOUDFLARE_OR_BLOCKED,403,https://code.newcli.com/,Just a moment...,5858d711f8a4,https://code.newcli.com/,
2026-06-13T17:05:24Z,cc-vibe.com,CCVibe,hvoy,ONLINE,200,https://cc-vibe.com/,CCVibe - AI API Gateway,4cbffea204e6,https://cc-vibe.com/,
2026-06-13T17:05:23Z,mytokenpi.com,mytokenpi,hvoy,ONLINE,200,https://mytokenpi.com/,MyTokenPi,59af1b0576ca,https://mytokenpi.com/,
2026-06-13T17:05:24Z,beecode.cc,BeeCode,hvoy,ONLINE,200,https://beecode.cc/,BeeCode AI - AI API Gateway,e782a677870e,https://beecode.cc/,
2026-06-13T17:05:24Z,api.aicodemirror.com,AICodeMirror,hvoy,ONLINE,200,https://www.aicodemirror.com/,AICodeMirror官方共享平台 - 中国用户专属AI编程助手,de30dc463a9f,https://api.aicodemirror.com/ -> https://www.aicodemirror.com/,
2026-06-13T17:05:25Z,subrouter.ai,SubRouter,hvoy,ONLINE,200,https://subrouter.ai/,SubRouter - AI Model Marketplace & API Gateway,1cc88ae0ef31,https://subrouter.ai/,
2026-06-13T17:05:25Z,timicc.com,TimiCC,hvoy,ONLINE,200,https://timicc.com/,TiMi CC - AI API Gateway,a2c91fa493e6,https://timicc.com/,
2026-06-13T17:05:25Z,timyai.com,Timy AI,hvoy,ONLINE,200,https://timyai.com/,TimyAI,50a1d455d308,https://timyai.com/,
2026-06-13T17:05:25Z,co.yes.vg,YesCode,hvoy,ONLINE,200,https://co.yes.vg/,Loading...,47e778381f60,https://co.yes.vg/,
2026-06-13T17:05:25Z,lucen.cc,lucen,hvoy,ONLINE,200,https://lucen.cc/,Sub2API - AI API Gateway,5c5fe6051cf8,https://lucen.cc/,
2026-06-13T17:05:26Z,1xm.ai,1XM,hvoy,ONLINE,200,https://1xm.ai/,OneXModel,903614cb26a9,https://1xm.ai/,
2026-06-13T17:05:25Z,zerocode.sbs,ZeroCode,hvoy,ONLINE,200,https://zerocode.sbs/,New API,4403855ea0f7,https://zerocode.sbs/,
2026-06-13T17:05:26Z,api.aigocode.com,AlGoCode,hvoy,ONLINE,200,https://www.aigocode.com/,AIGoCode - AI 开发者工作台 | Developer Tools,87d7800f7a45,https://api.aigocode.com/ -> https://aigocode.com -> https://www.aigocode.com/,
2026-06-13T17:05:24Z,dragoncode.codes,Dragoncode,hvoy,ONLINE,200,https://dragoncode.codes/,Dragon - 企业级中转,b1d5ac84ec94,https://dragoncode.codes/,
2026-06-13T17:05:27Z,freemodel.dev,FreeModel,hvoy,ONLINE,200,https://freemodel.dev/,FreeModel AI,6bc638bf7d07,https://freemodel.dev/,
2026-06-13T17:05:26Z,api.lingshuai.cc,灵枢AI,hvoy,ONLINE,200,https://api.lingshuai.cc/,灵枢AI - AI API Gateway,5a7c3a4607aa,https://api.lingshuai.cc/,
2026-06-13T17:05:27Z,sssaicode.com,SSSAICode,hvoy,ONLINE,200,https://sssaicode.com/,SSSAiCode â Independent AI Gateway for Developers,14c9658e3b9f,https://sssaicode.com/,
2026-06-13T17:05:27Z,safeapi.vip,SafeAPI,hvoy,ONLINE,200,https://safeapi.vip/,SAFE API - åçä½è³å®æ¹ 0.3,5f0d9ef1f176,https://safeapi.vip/,
2026-06-13T17:05:27Z,prismapi.site,Prism API,hvoy,ONLINE,200,https://prismapi.site/,释放智能的无界潜能 | 企业级 AI 模型网关,85a6ccfdd39c,https://prismapi.site/,
2026-06-13T17:05:26Z,api.b.ai,B.AI,hvoy,ONLINE_LOGIN_REQUIRED,403,https://api.b.ai/,,e52f37db2552,https://api.b.ai/,
2026-06-13T17:05:26Z,thestocklist.site,Flux API,hvoy,ONLINE,200,https://thestocklist.site/,New API,c76e1a88e5ee,https://thestocklist.site/,
2026-06-13T17:05:28Z,tokeness.cn,Tokeness,hvoy,ONLINE,200,https://tokeness.cn/,Tokeness - 一站式 AI API 接口中转｜全能 API 中转站，一个接口畅连全网主流大模型|开发,8bc1b2c32461,https://tokeness.cn/,
2026-06-13T17:05:28Z,api.tu-zi.com,兔子,hvoy,ONLINE,200,https://api.tu-zi.com/,兔子API,85958d85abcc,https://api.tu-zi.com/,
2026-06-13T17:05:27Z,tcdmx.com,TCDMX,hvoy,ONLINE,200,https://tcdmx.com/,TCDMX - AI API Gateway,2a13a3af1d95,https://tcdmx.com/,
2026-06-13T17:05:27Z,terminal.pub,Terminal.Pub,hvoy,ONLINE,200,https://terminal.pub/,LLM Relay,a2bf1774024e,https://terminal.pub/,
2026-06-13T17:05:28Z,tongapi.com,通API,hvoy,ONLINE,200,https://tongapi.com/,New API,279658f3e9d3,https://tongapi.com/,
2026-06-13T17:05:28Z,api.aircode.xin,AirCode,hvoy,ONLINE,200,https://api.aircode.xin/,AirCode - AI API Gateway,9e462761f13e,https://api.aircode.xin/,
2026-06-13T17:05:29Z,allinai7.cloud,Allin-AI,hvoy,ONLINE,200,https://allinai7.cloud/,æ°å¼ä¼ å¥sfåå¸ç½ - haosf123åå¸ç½_haosfæ°å¼ä¼ å¥åå¸ç½,285382ac418b,https://allinai7.cloud/,
2026-06-13T17:05:29Z,hk.ccplus.site,ccfly,hvoy,ONLINE,200,https://hk.ccplus.site/,CCPlus - AI API Gateway,cbe7c4c85131,https://hk.ccplus.site/,
2026-06-13T17:05:29Z,cialloapi.cn,Ciallo API,hvoy,ONLINE,200,https://cialloapi.cn/,New API,903e40dbbbfb,https://cialloapi.cn/,
2026-06-13T17:05:29Z,mx.free.codesonline.dev,codesonline,hvoy,ONLINE,200,https://mx.free.codesonline.dev/,CodesOnline - AI API Gateway,cd75c3930e98,https://mx.free.codesonline.dev/,
2026-06-13T17:05:30Z,kelaiapi.cc,kelai,hvoy,ONLINE,200,https://kelaiapi.cc/,New API,e9e6a759a8a6,https://kelaiapi.cc/,
2026-06-13T17:05:30Z,boya.one,伯牙中转,hvoy,HTTP_ERROR,,,,,,"HTTPConnectionPool(host='boya.one', port=80): Max retries exceeded with url: / (Caused by NewConnectionError(""HTTPConnection(host='boya.one', port=80): Failed to establish a new connection: [Errno 111"
2026-06-13T17:05:30Z,zivv.pro,ZIVV API,hvoy,ONLINE,200,https://zivv.pro/,AI API Gateway,610993594986,https://zivv.pro/,
2026-06-13T17:05:31Z,loptu.net,垂耳兔,hvoy,ONLINE,200,https://loptu.net/,New API,1bffd86ddcc2,https://loptu.net/,
2026-06-13T17:05:30Z,code.silkapi.com,丝绸API,hvoy,ONLINE,200,https://code.silkapi.com/,丝绸API-Code站 - AI API Gateway,4f0d81578396,https://code.silkapi.com/,
2026-06-13T17:05:31Z,bmai.kun8.vip,北妈AI,hvoy,ONLINE,200,https://bmai.kun8.vip/,BMAI·与你同在 - AI API Gateway,757416699c1b,https://bmai.kun8.vip/,
2026-06-13T17:05:15Z,findcg.com,发现AI,hvoy,ONLINE,200,https://www.findcg.com/,发现AI - AI API Gateway,0fe27d02e04c,https://www.findcg.com/,
2026-06-13T17:05:31Z,api.leleweb.cn,Ai乐,hvoy,ONLINE,200,https://api.leleweb.cn/,Sub2API - AI API Gateway,a7402c5362a8,https://api.leleweb.cn/,
2026-06-13T17:05:32Z,api.euzhi.com,Euzhi,hvoy,ONLINE,200,https://api.euzhi.com/,Euzhi,1d8a152fbf6b,https://api.euzhi.com/,
2026-06-13T17:05:32Z,langziapi.online,langziApi,hvoy,ONLINE,200,https://langziapi.online/,LangziApi - AI API Gateway,6545367e328c,https://langziapi.online/,
2026-06-13T17:05:33Z,mnapi.com,MNAPI,hvoy,CLOUDFLARE_OR_BLOCKED,403,https://mnapi.com/,Just a moment...,9f291bfe9479,https://mnapi.com/,
2026-06-13T17:05:32Z,mentoe.com,Mentoe,hvoy,ONLINE,200,https://www.mentoe.com/,OpenClaw Control,e6d203224394,https://www.mentoe.com/,
2026-06-13T17:05:28Z,tokenflux.dev,词元流动,hvoy,ONLINE,200,https://tokenflux.dev/,词元流动 - AI API Gateway,40d93f330e37,https://tokenflux.dev/,
2026-06-13T17:05:32Z,bossclaw.org,BossClaw,hvoy,ONLINE,200,https://www.bossclaw.org/,BossClaw - AI API Gateway,1412aa331dfb,https://bossclaw.org/ -> https://www.bossclaw.org/,
2026-06-13T17:05:33Z,apinova.cc,Nova AI,hvoy,ONLINE,200,https://apinova.cc/,New API,279658f3e9d3,https://apinova.cc/,
2026-06-13T17:05:33Z,ogog.ai,OGOG.AI,hvoy,ONLINE,200,https://ogog.ai/,...,9cb7e2c65ff4,https://ogog.ai/,
2026-06-13T17:05:27Z,api.clawopen.top,Sum API,hvoy,ONLINE,200,https://api.clawopen.top/,New API,c76e1a88e5ee,https://api.clawopen.top/,
2026-06-13T17:05:34Z,zhangyuapi.com,章鱼中枢AI服务平台,hvoy,CLOUDFLARE_OR_BLOCKED,403,https://zhangyuapi.com/,Just a moment...,3287731aee82,https://zhangyuapi.com/,
2026-06-13T17:05:32Z,easy-token.com,EasyToken,hvoy,ONLINE,200,https://easy-token.com/zh,Easy Token 大模型 API 聚合平台 · 一个 Key 接入 GPT、Claude、Gemini、DeepSeek,76f93cc77936,https://easy-token.com/ -> https://easy-token.com/zh,
2026-06-13T17:05:34Z,yxaiapp.com,方舟,hvoy,ONLINE,200,https://www.yxaiapp.com/,,e9f7fc937f7e,https://www.yxaiapp.com/,
2026-06-13T17:05:34Z,hemaapi.cc,河马中转站,hvoy,ONLINE,200,https://hemaapi.cc/,New API,f2a49cd3b4cc,https://hemaapi.cc/,
2026-06-13T17:05:33Z,x.dogenet.win,OhMyGPT,hvoy,ONLINE,200,https://x.dogenet.win/,OhMyGPT - Enterprise AI Infrastructure | 100+ Global AI Models - OhMyGPT,0627942e20df,https://x.dogenet.win/,
2026-06-13T17:05:34Z,funnyskill.com,范尼API,hvoy,ONLINE,200,https://funnyskill.com/,范尼API - AI大模型接口聚合服务 - 范尼API - AI大模型API接口聚合平台,4a5c0ffbac58,https://funnyskill.com/,
2026-06-13T17:05:35Z,iacc.cc,IACC,hvoy,ONLINE,200,https://iacc.cc/,,c0043fd9bbf9,https://iacc.cc/,
2026-06-13T17:05:35Z,airouter.mxyhi.com,deepproxy,hvoy,ONLINE,200,https://airouter.mxyhi.com/,New API,e15ab0c21d40,https://airouter.mxyhi.com/,
2026-06-13T17:05:35Z,callxyq.xyz,Ls.API,hvoy,ONLINE,200,https://callxyq.xyz/,New API,2248bc868b03,https://callxyq.xyz/,
2026-06-13T17:05:19Z,api.squarefaceicon.org,Square API,hvoy,TIMEOUT,,,,,,"HTTPSConnectionPool(host='api.squarefaceicon.org', port=443): Read timed out. (read timeout=15)"
2026-06-13T17:05:33Z,api.yunserver.cn,YunServer API,hvoy,ONLINE,200,https://api.yunserver.cn/,New API,c76e1a88e5ee,https://api.yunserver.cn/,
2026-06-13T17:05:35Z,platform.ope.ai,OPE AI,hvoy,ONLINE,200,https://platform.ope.ai/,OPE Platform - Full-Stack AI Platform,d54b2fe418b8,https://platform.ope.ai/,
2026-06-13T17:05:36Z,pixelmuse.shop,PixelMuse,hvoy,ONLINE,200,https://pixelmuse.shop/,New API,c76e1a88e5ee,https://pixelmuse.shop/,
2026-06-13T17:05:35Z,api.baobu.xyz,BAO-API,hvoy,ONLINE,200,https://api.baobu.xyz/,BAO-API - AI API Gateway,dbd812a78bb9,https://api.baobu.xyz/,
2026-06-13T17:05:36Z,enjoyapi.cc,安九API,hvoy,ONLINE,200,https://enjoyapi.cc/,安九API - AI API Gateway,e9380d53082f,https://enjoyapi.cc/,
2026-06-13T17:05:36Z,api.getezclaw.com,API GetEzClaw,hvoy,ONLINE,200,https://api.getezclaw.com/,API GetEzClaw,2bd06209822e,https://api.getezclaw.com/,
2026-06-13T17:05:34Z,jiekou.ai,接口AI,hvoy,ONLINE,200,https://jiekou.ai/zh,接口AI 一站式多模型 API 中转平台，快速集成智能应用,3641bac615b7,https://jiekou.ai/ -> https://jiekou.ai/zh,
2026-06-13T17:05:37Z,us.usclaude.us,Flux AI,hvoy,ONLINE,200,https://us.usclaude.us/,Flux AI,7137d1a580a2,https://us.usclaude.us/,
2026-06-13T17:05:35Z,cckeys.top,Claude密钥,hvoy,ONLINE,200,https://www.cckeys.top/,å¹³å°åè¿éç¥,9212c4ba6fcb,https://www.cckeys.top/,
2026-06-13T17:05:37Z,api.openaeon.ai,openaeonAPI,hvoy,ONLINE,200,https://api.openaeon.ai/,New API,2f9faa668d68,https://api.openaeon.ai/,
2026-06-13T17:05:36Z,codesome.ai,CodeSome,hvoy,ONLINE,200,https://codesome.ai/,codesome.ai - 先进算力投资,9cb1de0e2ca4,https://codesome.ai/,
2026-06-13T17:05:36Z,cca.maya.today,BMCCA,hvoy,ONLINE,200,https://cca.maya.today/,BMCCA - AI API Gateway,41ecee27e04f,https://cca.maya.today/,
2026-06-13T17:05:38Z,duckcode.cn,duckcode,hvoy,CLOUDFLARE_OR_BLOCKED,403,https://duckcode.cn/,Just a moment...,d0193d4db021,https://duckcode.cn/,
2026-06-13T17:05:37Z,ai.cdn.ad,Lightning AI,hvoy,ONLINE,200,https://ai.cdn.ad/,Lightning AI - AI API Gateway,f736a2a3aeea,https://ai.cdn.ad/,
2026-06-13T17:05:37Z,opentk.ai,OpenToken,hvoy,ONLINE,200,https://opentk.ai/,OpenToken - AI API Gateway,9dd95586e393,https://opentk.ai/,
2026-06-13T17:05:37Z,jmyr.net,JMYR,hvoy,ONLINE,200,https://www.jmyr.net/,JmyR | 多工具 AI 接入,90123904c3ac,https://jmyr.net/ -> https://www.jmyr.net/,
2026-06-13T17:05:38Z,zaimaai.cn,在吗 AI,hvoy,DNS_FAIL,,,,,,"HTTPConnectionPool(host='zaimaai.cn', port=80): Max retries exceeded with url: / (Caused by NameResolutionError(""HTTPConnection(host='zaimaai.cn', port=80): Failed to resolve 'zaimaai.cn' ([Errno -5] "
2026-06-13T17:05:38Z,api.owlai.tech,Owl AI,hvoy,ONLINE,200,https://api.owlai.tech/,Owl AI - AI API Gateway,8acab5f27db0,https://api.owlai.tech/,
2026-06-13T17:05:38Z,hk.hhnto.top,hhnto的API中转,hvoy,ONLINE,200,https://hk.hhnto.top/,New API,c76e1a88e5ee,https://hk.hhnto.top/,
2026-06-13T17:05:39Z,proxy2it.com,ProxyAI,hvoy,ONLINE,200,https://proxy2it.com/,ProxyAI - AI API Gateway,fdec922a70b3,https://proxy2it.com/,
2026-06-13T17:05:39Z,daidaibird.top,呆呆鸟,hvoy,DNS_FAIL,,,,,,"HTTPConnectionPool(host='daidaibird.top', port=80): Max retries exceeded with url: / (Caused by NameResolutionError(""HTTPConnection(host='daidaibird.top', port=80): Failed to resolve 'daidaibird.top' "
2026-06-13T17:05:39Z,api.ejkoy.com,整点token,hvoy,ONLINE,200,https://api.ejkoy.com/,整点token - AI API Gateway,6aafeb40a8ba,https://api.ejkoy.com/,
2026-06-13T17:05:40Z,claude.hk.cn,VAMN,Taobao,ONLINE,200,https://claude.hk.cn/pastel/,,c7b013ce9bb8,https://claude.hk.cn/ -> https://claude.hk.cn/pastel/,
2026-06-13T17:05:29Z,api.hack3rx.cn,Hack3rX-API,hvoy,ONLINE,200,https://api.hack3rx.cn/,Hack3rX-API - AI API Gateway,5f0e11b97d4d,https://api.hack3rx.cn/,
2026-06-13T17:05:40Z,www.metachat.work,MetaChat元语,Taobao,ONLINE,200,https://www.metachat.work/,MetaChat 元语 - 一站式使用全球 AI | ChatGPT Gemini Claude Nano Banana Midjourney,581b1adeae87,https://www.metachat.work/,
2026-06-13T17:05:40Z,api.laozhang.ai,BestAIAPI/老张,Taobao,ONLINE,200,https://api.laozhang.ai/,LaoZhang API,8913e8a71d83,https://api.laozhang.ai/,
2026-06-13T17:05:39Z,codex.dakeai.cc,DKAI/大可,Taobao,ONLINE,200,https://codex.dakeai.cc/,DKAPI - AI API Gateway,f839f0437370,https://codex.dakeai.cc/,
2026-06-13T17:05:40Z,hos.chatopens.vip,CHATOPENS/b站小光,Taobao,ONLINE,200,https://hos.chatopens.vip/Web/List.html,éè½¦,3aa34e123948,https://hos.chatopens.vip/ -> https://hos.chatopens.vip/Web/List.html,
2026-06-13T17:05:39Z,hiapi.store,hiapi,hvoy,ONLINE,200,https://hiapi.store/,New API,5921a7f49369,https://hiapi.store/,
2026-06-13T17:05:41Z,newapi.qwqtao.one,Tao API,Xiaohongshu,ONLINE,200,https://newapi.qwqtao.one/,New API,c76e1a88e5ee,https://newapi.qwqtao.one/,
2026-06-13T17:05:40Z,api.whatai.cc,神马中转API,Taobao,ONLINE,200,https://api.whatai.cc/,神马中转API_API中转站_国内直连ChatGPT/Claude/Gemini,ba86c217120f,https://api.whatai.cc/,
2026-06-13T17:05:41Z,infistar.ai,无限星河Ai,Taobao,ONLINE,200,https://infistar.ai/,无限星河AI - 每个人都能拥抱的 AI 动力,f23aa405c2f9,https://infistar.ai/,
2026-06-13T17:05:41Z,www.freezapi.eu.cc,freez API,Xiaohongshu,ONLINE,200,https://www.freezapi.eu.cc/,New API,279658f3e9d3,https://www.freezapi.eu.cc/,
2026-06-13T17:05:41Z,chat.chesspnt.com,棋点AI,Taobao,ONLINE,200,https://chat.chesspnt.com/list/,gpt,2c4b7e2b1b3f,https://chat.chesspnt.com/ -> https://chat.chesspnt.com/list -> https://chat.chesspnt.com/list/,
2026-06-13T17:05:41Z,newapi.youkies.space,Youkies API,Xiaohongshu,ONLINE,200,https://newapi.youkies.space/,Youkies API · Clay,88b492481e55,https://newapi.youkies.space/,
2026-06-13T17:05:41Z,meeyo.org,悠米API,Xiaohongshu,ONLINE,200,https://meeyo.org/,YOUME API,df01400c636a,https://meeyo.org/,
2026-06-13T17:05:40Z,web.mmw.ink,妙妙屋APIMMW,Taobao,ONLINE,200,https://web.mmw.ink/,Open WebUI,d5414a16f393,https://web.mmw.ink/,
2026-06-13T17:05:38Z,codexone.aieania.tech,CodexOne,hvoy,ONLINE,200,https://codexone.aieania.tech/,CodexOne - AI API Gateway,b171f6bc0f77,https://codexone.aieania.tech/,
2026-06-13T17:05:43Z,api.uglycat.cc,uglycat,Xiaohongshu,CLOUDFLARE_OR_BLOCKED,403,https://api.uglycat.cc/,Just a moment...,d9c31c484445,https://api.uglycat.cc/,
2026-06-13T17:05:42Z,arpanet.icu,ARPANET API,Xiaohongshu,ONLINE,200,https://arpanet.icu/,New API,2f9faa668d68,https://arpanet.icu/,
2026-06-13T17:05:43Z,cdn.sta1n.cn,STA1N API,Xiaohongshu,ONLINE,200,https://cdn.sta1n.cn/,New API,c76e1a88e5ee,https://cdn.sta1n.cn/,
2026-06-13T17:05:42Z,api.dongli.work,冻梨API,Xiaohongshu,ONLINE,200,https://api.dongli.work/,New API,dc2ccfdd284a,https://api.dongli.work/,
2026-06-13T17:05:41Z,open.xiaojingai.com,小鲸Ai开放平台,Xiaohongshu,HTTP_444,444,http://open.xiaojingai.com/,,,http://open.xiaojingai.com/,
2026-06-13T17:05:43Z,www.aladingapi.cc,阿拉丁API,Xiaohongshu,ONLINE,200,https://www.aladingapi.cc/,New API,903e40dbbbfb,https://www.aladingapi.cc/,
2026-06-13T17:05:43Z,hohoapi.com,HoHoApi,Xiaohongshu,ONLINE,200,https://hohoapi.com/,hohoapi为您提供稳定可靠的Openai ChatGPT、Gemini、Claude、Deepseek、Grok、openclaw等API直连中转服务！,640054922da0,https://hohoapi.com/,
2026-06-13T17:05:42Z,xinggangai.com,星港AI,Xiaohongshu,ONLINE,200,https://xinggangai.com/,New API,57e83aae6cd0,https://xinggangai.com/,
2026-06-13T17:05:43Z,www.gogoapi.cloud,GOGOAPI,Xiaohongshu,ONLINE,200,https://www.gogoapi.cloud/,首页 - GGAPI,90c051a153ca,https://www.gogoapi.cloud/,
2026-06-13T17:05:42Z,api.ebutterfly.cc,电子蝴蝶,Xiaohongshu,ONLINE,200,https://api.ebutterfly.cc/,New API,ba55509a1a31,https://api.ebutterfly.cc/,
2026-06-13T17:05:44Z,shitang359.space,元气食堂API,Xiaohongshu,HTTP_ERROR,502,https://shitang359.space/,Bad Gateway,70a1e2b35040,https://shitang359.space/,"('Connection aborted.', ConnectionResetError(104, 'Connection reset by peer'))"
2026-06-13T17:05:42Z,spritnest.com,Spritnest,Xiaohongshu,ONLINE,200,https://spritnest.com/,New API,634a8e09529d,https://spritnest.com/,
